Player,Nation,Position,Squad,Age,Year of birth,90s Played,Passes Completed,Passes Attempted,Pass Completion %,Total Passing Distance,Progressive Passing Distance,Passes Completed (Short),Passes Attempted (Short),Pass Completion % (Short),Passes Completed (Medium),Passes Attempted (Medium),Pass Completion % (Medium),Passes Completed (Long),Passes Attempted (Long),Pass Completion % (Long),Assists,xAG: Exp. Assisted Goals,xA: Expected Assists,Assists - xAG,Key Passes,Passes into Final Third,Passes into Penalty Area,Crosses into Penalty Area,Progressive Passes,Matches


Rodrigo Abascal,uy URU,DF,Boavista,29,1994,27.5,1285,1625,79.1,29048,12863,331,368,89.9,710,784,90.6,239,438,54.6,0,0.6,0.8,-0.6,9,90,7,6,83,Matches
Antonio Adán,es ESP,GK,Sporting CP,36,1987,22.0,478,601,79.5,12116,8466,90,90,100.0,281,284,98.9,107,227,47.1,0,0.0,0.0,0.0,0,8,0,0,0,Matches
Dennis Adeniran,eng ENG,MF,Portimonense,24,1999,0.1,2,2,100.0,31,0,1,1,100.0,1,1,100.0,0,0,,0,0.0,0.0,0.0,0,0,0,0,0,Matches
Martin Agirregabiria,es ESP,DF,Famalicão,27,1996,13.4,516,694,74.4,9276,3944,229,269,85.1,230,280,82.1,49,113,43.4,0,0.6,0.8,-0.6,9,41,18,10,52,Matches
Salvador Agra,pt POR,"FW,DF",Boavista,31,1991,27.3,840,1129,74.4,14919,4682,367,419,87.6,367,446,82.3,91,203,44.8,1,3.6,4.8,-2.6,45,41,41,21,89,Matches
Matheus Aiás,br BRA,"FW,MF",Moreirense,26,1996,5.3,71,110,64.5,1107,362,29,42,69.0,25,33,75.8,6,15,40.0,0,0.2,0.2,-0.2,5,10,1,0,14,Matches
Alan,br BRA,MF,Moreirense,23,2000,27.3,902,1161,77.7,14941,4547,463,518,89.4,337,390,86.4,78,187,41.7,4,4.0,3.4,0.0,70,116,22,2,164,Matches
Rafael Alcobia,pt POR,DF,Portimonense,20,2003,2.3,100,139,71.9,2214,985,25,28,89.3,53,60,88.3,21,45,46.7,0,0.1,0.0,-0.1,2,10,1,0,4,Matches
Alemão,br BRA,DF,Portimonense,20,2002,26.3,912,1127,80.9,18895,7493,272,303,89.8,510,561,90.9,116,232,50.0,0,0.4,0.3,-0.4,5,42,2,0,43,Matches
Ali Alipour,ir IRN,FW,Gil Vicente FC,27,1995,8.9,103,158,65.2,1244,240,65,83,78.3,29,40,72.5,1,5,20.0,0,1.0,1.0,-1.0,6,3,5,0,11,Matches
Almeida,br BRA,DF,Estrela,23,2000,5.4,191,248,77.0,3983,1425,48,60,80.0,111,122,91.0,30,61,49.2,1,0.1,0.0,+0.9,1,6,1,0,10,Matches
Pedro Álvaro,pt POR,DF,Estoril,23,2000,19.9,804,933,86.2,16441,6851,244,266,91.7,468,493,94.9,87,160,54.4,1,1.1,0.9,-0.1,5,35,3,1,31,Matches
Pedro Amador,pt POR,DF,Moreirense,24,1998,12.6,446,618,72.2,8372,3549,188,227,82.8,189,249,75.9,63,113,55.8,1,0.7,1.1,+0.3,10,21,14,10,27,Matches
Artur Jorge Marques Amorim,pt POR,DF,Farense,28,1994,5.5,143,184,77.7,3238,1019,29,32,90.6,93,102,91.2,21,45,46.7,0,0.1,0.0,-0.1,1,6,1,0,6,Matches
André André,pt POR,MF,Vitória,33,1989,7.3,329,377,87.3,5087,1559,179,196,91.3,122,133,91.7,17,29,58.6,3,2.5,2.0,+0.5,6,38,9,2,46,Matches
Andrew,br BRA,GK,Gil Vicente FC,22,2001,32.0,814,1130,72.0,21091,14648,172,172,100.0,412,418,98.6,225,529,42.5,0,0.0,0.0,0.0,0,4,0,0,0,Matches
Jeremy Antonisse,cw CUW,FW,Moreirense,21,2002,6.1,146,200,73.0,2012,685,89,112,79.5,40,54,74.1,7,18,38.9,1,1.5,1.1,-0.5,12,9,7,3,23,Matches
Pedro Aparício,pt POR,"MF,FW",Moreirense,27,1995,3.7,89,126,70.6,1751,631,34,41,82.9,40,52,76.9,13,23,56.5,0,0.5,0.6,-0.5,6,14,5,0,20,Matches
Óscar Aranda,es ESP,"FW,MF",Famalicão,21,2002,8.0,175,234,74.8,3485,1234,73,88,83.0,74,91,81.3,27,44,61.4,0,0.8,0.8,-0.8,11,33,4,1,40,Matches
Henrique Araújo,pt POR,FW,Famalicão,21,2002,7.6,124,161,77.0,1584,186,76,94,80.9,31,41,75.6,5,6,83.3,0,0.8,0.3,-0.8,8,2,2,0,11,Matches
Tiago Araújo,pt POR,"DF,MF",Estoril,22,2001,25.0,887,1236,71.8,16975,5676,363,439,82.7,381,495,77.0,120,237,50.6,1,3.2,2.2,-2.2,21,69,22,15,71,Matches
Tomás Araújo,pt POR,DF,Benfica,21,2002,5.4,383,428,89.5,6969,2906,164,181,90.6,177,188,94.1,38,51,74.5,0,0.3,0.4,-0.3,6,29,1,0,25,Matches
Gustavo Assuncao,pt POR,MF,Famalicão,23,2000,7.0,262,314,83.4,4986,1448,104,114,91.2,123,135,91.1,31,51,60.8,0,0.2,0.3,-0.2,5,24,4,2,23,Matches
Otavio Ataide,br BRA,DF,Famalicão,21,2002,15.4,700,866,80.8,15434,5923,204,235,86.8,355,397,89.4,134,210,63.8,0,0.2,0.6,-0.2,4,44,4,4,45,Matches
Otavio Ataide,br BRA,DF,Porto,21,2002,12.0,774,861,89.9,15462,4920,231,243,95.1,459,489,93.9,81,119,68.1,1,0.2,0.4,+0.8,5,81,3,0,86,Matches

Fredrik Aursnes,no NOR,DF,Benfica,27,1995,31.0,1643,2000,82.2,26344,8427,841,938,89.7,652,757,86.1,105,185,56.8,7,7.1,6.3,-0.1,41,129,47,9,161,Matches
Chidozie Awaziem,ng NGA,DF,Boavista,26,1997,21.7,1001,1210,82.7,21431,8109,288,322,89.4,559,600,93.2,150,267,56.2,1,0.7,0.2,+0.3,4,62,2,0,58,Matches
Abdul Awudu,gh GHA,"FW,MF",Vizela,22,2001,2.1,42,53,79.2,617,108,25,31,80.6,14,16,87.5,1,2,50.0,0,0.1,0.1,-0.1,3,2,1,1,2,Matches
Amadou Ba-Sy,fr FRA,"FW,MF",Vizela,22,2001,1.3,16,25,64.0,200,80,12,15,80.0,4,7,57.1,0,1,0.0,0,0.0,0.0,0.0,1,2,0,0,3,Matches
Alexander Bah,dk DEN,DF,Benfica,25,1997,16.9,882,1127,78.3,14156,4605,467,527,88.6,338,430,78.6,58,110,52.7,3,2.2,2.0,+0.8,16,67,15,3,88,Matches
Elves Baldé,gw GNB,"FW,MF",Farense,23,1999,10.8,157,286,54.9,3265,1184,60,88,68.2,56,93,60.2,35,75,46.7,3,1.7,1.4,+1.3,10,20,9,5,27,Matches
Robson Bambu,br BRA,DF,Arouca,25,1997,9.8,528,598,88.3,10263,3671,174,186,93.5,293,311,94.2,57,90,63.3,0,0.0,0.0,0.0,0,12,1,0,16,Matches
Daniel Bandeira,pt POR,MF,Vitória,23,2000,7.8,326,397,82.1,5586,1422,146,161,90.7,130,149,87.2,39,64,60.9,2,0.8,1.1,+1.2,13,29,9,0,42,Matches
Simon Banza,cd COD,FW,Braga,26,1996,22.2,229,346,66.2,3294,584,124,165,75.2,71,96,74.0,15,26,57.7,4,2.3,1.6,+1.7,19,17,9,1,32,Matches
Rafael Barbosa,pt POR,"MF,FW",Farense,27,1996,9.5,273,409,66.7,4963,1444,124,148,83.8,113,156,72.4,32,80,40.0,1,1.3,1.0,-0.3,16,28,6,3,41,Matches
Romário Baró,pt POR,"MF,FW",Porto,23,2000,2.5,97,118,82.2,1388,398,58,67,86.6,32,34,94.1,5,6,83.3,0,0.4,0.2,-0.4,4,8,4,1,13,Matches
Afonso Bastardo,pt POR,"FW,DF",Gil Vicente FC,18,2005,0.5,21,24,87.5,314,38,12,12,100.0,6,7,85.7,2,2,100.0,0,0.0,0.1,0.0,1,1,1,1,1,Matches
Afonso Bastardo,pt POR,MF,Sporting CP,18,2005,0.3,6,13,46.2,102,42,3,5,60.0,3,6,50.0,0,2,0.0,0,0.0,0.0,0.0,0,2,1,0,3,Matches
Gilberto Batista,gw GNB,DF,Moreirense,19,2003,2.5,111,124,89.5,2131,779,34,36,94.4,66,71,93.0,11,16,68.8,0,0.1,0.0,-0.1,2,3,1,0,5,Matches
Ricardo Batista,pt POR,GK,Casa Pia,36,1986,30.9,708,1057,67.0,20146,14804,132,132,100.0,356,362,98.3,219,559,39.2,0,0.0,0.1,0.0,0,9,0,0,0,Matches
Roko Baturina,hr CRO,FW,Gil Vicente FC,23,2000,7.9,95,151,62.9,1233,139,63,89,70.8,26,37,70.3,2,4,50.0,0,0.3,0.3,-0.3,4,5,1,0,6,Matches
Bachir Belloumi,dz ALG,"FW,MF",Farense,21,2002,23.0,356,616,57.8,5701,2421,193,279,69.2,122,187,65.2,30,83,36.1,4,3.7,2.7,+0.3,26,52,24,2,76,Matches
Fahem Benaissa Yahia,fr FRA,MF,Casa Pia,21,2002,0.1,9,12,75.0,151,62,4,4,100.0,4,6,66.7,1,1,100.0,0,0.0,0.0,0.0,0,0,0,0,0,Matches
Beni,ao ANG,MF,Casa Pia,21,2002,16.3,626,710,88.2,10343,2888,287,310,92.6,287,311,92.3,41,60,68.3,3,0.2,0.3,+2.8,8,51,4,1,57,Matches
Benny,pt POR,"MF,FW",Chaves,23,2000,14.1,298,455,65.5,5308,2073,127,166,76.5,123,168,73.2,35,84,41.7,1,2.7,2.3,-1.7,27,21,21,12,38,Matches
Berna,ao ANG,"FW,DF",Boavista,19,2003,3.6,122,162,75.3,2028,692,62,69,89.9,48,57,84.2,12,28,42.9,0,0.7,0.3,-0.7,5,9,4,2,15,Matches
Juan Bernat,es ESP,DF,Benfica,30,1993,0.9,42,44,95.5,602,135,24,25,96.0,18,19,94.7,0,0,,0,0.0,0.0,0.0,0,1,1,0,5,Matches
Emmanuel Boateng,gh GHA,FW,Rio Ave,27,1996,20.7,217,317,68.5,2952,454,141,179,78.8,54,78,69.2,9,15,60.0,2,1.7,0.9,+0.3,16,11,6,2,22,Matches
Kiko Bondoso,pt POR,"FW,MF",Vizela,27,1995,2.1,55,74,74.3,770,230,37,44,84.1,12,18,66.7,3,3,100.0,0,0.3,0.2,-0.3,6,5,1,1,8,Matches
Toni Borevkovic,hr CRO,DF,Vitória,26,1997,22.7,679,824,82.4,13170,4885,218,251,86.9,395,437,90.4,61,116,52.6,0,0.4,0.5,-0.4,2,21,0,0,49,Matches

Gonçalo Borges,pt POR,"MF,FW",Porto,22,2001,3.2,78,127,61.4,1157,343,49,62,79.0,27,46,58.7,2,11,18.2,2,2.2,2.8,-0.2,10,2,7,5,11,Matches
Cristian Borja,co COL,DF,Braga,30,1993,27.2,1326,1651,80.3,22418,7737,632,703,89.9,567,666,85.1,101,208,48.6,5,5.1,4.4,-0.1,34,87,49,24,119,Matches
Róbert Boženík,sk SVK,FW,Boavista,23,1999,28.6,297,412,72.1,5090,817,145,176,82.4,101,144,70.1,37,50,74.0,2,2.7,1.7,-0.7,14,26,6,4,30,Matches
Daniel Bragança,pt POR,MF,Sporting CP,24,1999,11.4,520,585,88.9,7944,1730,295,316,93.4,182,198,91.9,31,45,68.9,2,2.3,1.4,-0.3,12,48,14,3,52,Matches
Bruno Brigido,br BRA,GK,Estrela,32,1991,26.0,629,826,76.2,17506,12186,79,79,100.0,378,384,98.4,169,356,47.5,0,0.1,0.0,-0.1,1,4,1,0,0,Matches
Rafael Brito,pt POR,MF,Casa Pia,21,2002,3.8,130,171,76.0,2602,864,43,55,78.2,67,78,85.9,19,30,63.3,2,0.2,0.1,+1.8,5,25,1,0,19,Matches
Bruma,pt POR,"FW,MF",Braga,28,1994,19.1,604,770,78.4,8611,2474,357,413,86.4,198,250,79.2,25,43,58.1,2,1.8,2.9,+0.2,28,40,39,2,95,Matches
Jonathan Buatu Mananga,ao ANG,DF,Gil Vicente FC,29,1993,5.0,190,219,86.8,3224,1235,81,85,95.3,100,108,92.6,8,20,40.0,0,0.1,0.0,-0.1,1,3,0,0,4,Matches
Leonel Bucca,ar ARG,"MF,FW",Estrela,24,1999,9.1,212,287,73.9,3523,1198,115,135,85.2,72,90,80.0,21,46,45.7,0,0.6,0.4,-0.6,9,21,8,2,32,Matches
André Bukia,cd COD,"MF,FW",Arouca,28,1995,1.7,66,93,71.0,1000,304,35,40,87.5,22,29,75.9,5,13,38.5,1,0.4,0.5,+0.6,4,6,5,4,13,Matches
Fabijan Buntić,hr CRO,GK,Vizela,26,1997,27.7,666,896,74.3,17183,13294,189,189,100.0,288,293,98.3,188,409,46.0,0,0.0,0.0,0.0,0,9,0,0,1,Matches
Aleksandar Busnić,rs SRB,"MF,FW",Vizela,25,1997,8.5,263,333,79.0,4618,1522,117,143,81.8,111,128,86.7,27,38,71.1,0,0.1,0.3,-0.1,3,18,4,0,35,Matches
Oriol Busquets,es ESP,MF,Arouca,24,1999,4.8,260,296,87.8,4435,1159,102,112,91.1,127,138,92.0,22,33,66.7,0,0.3,0.5,-0.3,2,24,5,0,23,Matches
Rafael Bustamante,co COL,MF,Vizela,23,1999,7.9,297,351,84.6,4950,1584,132,150,88.0,133,150,88.7,23,36,63.9,0,0.2,0.3,-0.2,7,23,3,0,34,Matches
Leonardo Buta,pt POR,DF,Gil Vicente FC,21,2002,24.3,918,1197,76.7,15147,5851,462,522,88.5,370,482,76.8,67,137,48.9,2,1.0,1.0,+1.0,14,75,9,2,100,Matches
Adrián Butzke,es ESP,FW,Vitória,24,1999,4.1,58,112,51.8,729,118,36,55,65.5,15,29,51.7,3,7,42.9,0,0.1,0.1,-0.1,4,4,2,1,3,Matches
Erick Cabaco,uy URU,DF,Estoril,28,1995,3.7,148,181,81.8,3182,1267,42,44,95.5,76,81,93.8,30,55,54.5,0,0.0,0.0,0.0,0,11,1,0,10,Matches
Arthur Cabral,br BRA,FW,Benfica,25,1998,14.8,180,245,73.5,2344,403,114,143,79.7,50,64,78.1,4,6,66.7,0,0.9,1.4,-0.9,15,10,11,0,22,Matches
Jhonder Cádiz,ve VEN,FW,Famalicão,28,1995,25.6,263,468,56.2,3821,875,151,234,64.5,66,122,54.1,22,36,61.1,0,0.9,1.2,-0.9,16,21,8,3,33,Matches
João Pedro Gomes Camacho,pt POR,"FW,MF",Moreirense,29,1994,23.1,330,481,68.6,5392,1477,173,224,77.2,109,153,71.2,31,56,55.4,4,2.8,2.1,+1.2,22,27,22,7,59,Matches
Ibrahima Camará,gn GUI,"MF,DF",Boavista,24,1999,5.3,182,233,78.1,3600,954,68,70,97.1,77,92,83.7,33,57,57.9,0,0.2,0.5,-0.2,2,17,1,0,21,Matches
Cambila,ao ANG,GK,Estrela,21,2002,0.2,5,6,83.3,101,52,0,0,,5,5,100.0,0,0,,0,0.0,0.0,0.0,0,0,0,0,0,Matches
Luan Campos,br BRA,"FW,MF",Portimonense,21,2002,5.2,64,103,62.1,992,343,31,43,72.1,24,32,75.0,5,10,50.0,0,0.4,0.4,-0.4,6,5,2,0,10,Matches
Fábio Cardoso,pt POR,DF,Porto,29,1994,13.4,900,980,91.8,18194,6086,279,298,93.6,519,543,95.6,97,124,78.2,1,0.6,1.2,+0.4,8,76,2,0,98,Matches
Felippe Cardoso,br BRA,FW,Casa Pia,24,1998,17.4,179,258,69.4,2602,396,105,142,73.9,54,70,77.1,13,16,81.3,0,0.9,0.6,-0.9,14,15,9,1,24,Matches

Carlinhos,br BRA,MF,Portimonense,29,1994,31.6,1107,1462,75.7,22026,7004,443,522,84.9,443,524,84.5,194,330,58.8,6,3.8,3.9,+2.2,56,145,19,4,177,Matches
João Carlos,br BRA,"FW,DF",Estoril,28,1995,3.5,52,91,57.1,650,133,34,53,64.2,13,24,54.2,2,2,100.0,0,0.6,0.1,-0.6,5,2,2,0,4,Matches
Zé Carlos,pt POR,"MF,DF",Vitória,21,2001,4.7,196,256,76.6,3100,1070,96,109,88.1,80,99,80.8,12,28,42.9,0,0.7,0.7,-0.7,8,25,7,3,28,Matches
Zé Carlos,pt POR,DF,Gil Vicente FC,25,1998,21.4,854,1171,72.9,14445,5695,398,468,85.0,376,508,74.0,65,144,45.1,2,0.9,0.6,+1.1,13,47,12,7,57,Matches
David Carmo,ao ANG,DF,Porto,24,1999,6.8,360,424,84.9,7618,2590,103,111,92.8,212,221,95.9,44,83,53.0,0,0.1,0.2,-0.1,2,36,2,0,31,Matches
Marcelo Carné,br BRA,GK,Estoril,33,1990,22.0,509,716,71.1,13656,9413,104,106,98.1,246,251,98.0,157,351,44.7,0,0.1,0.0,-0.1,3,10,0,0,0,Matches
Carraça,pt POR,"DF,MF",Chaves,30,1993,11.1,449,591,76.0,7870,3462,220,243,90.5,172,214,80.4,49,99,49.5,0,1.1,1.8,-1.1,18,30,12,11,32,Matches
Álvaro Carreras,es ESP,DF,Benfica,20,2003,6.3,344,423,81.3,5365,1653,186,209,89.0,121,139,87.1,22,42,52.4,1,1.0,0.6,0.0,8,22,5,3,33,Matches
Ronie Carrillo,ec ECU,"FW,MF",Portimonense,26,1996,14.6,209,310,67.4,2794,446,131,168,78.0,66,97,68.0,3,9,33.3,0,1.4,1.0,-1.4,15,8,10,2,27,Matches
António Filipe de Carvalho,pt POR,GK,Estrela,38,1985,3.0,86,118,72.9,2199,1408,11,11,100.0,50,52,96.2,25,55,45.5,0,0.0,0.0,0.0,0,1,0,0,0,Matches
Miguel Carvalho,pt POR,GK,Farense,27,1996,2.0,39,54,72.2,1202,828,3,3,100.0,21,21,100.0,15,30,50.0,0,0.0,0.0,0.0,0,0,0,0,0,Matches
Vitor Carvalho,br BRA,MF,Braga,26,1997,14.5,684,811,84.3,12486,3486,270,306,88.2,317,350,90.6,77,120,64.2,1,0.2,0.6,+0.8,8,73,3,0,82,Matches
Facundo Cáseres,ar ARG,MF,Farense,22,2001,12.4,358,409,87.5,6939,1541,119,136,87.5,198,214,92.5,36,45,80.0,0,0.1,0.1,-0.1,3,22,4,1,27,Matches
Midana Cassama,gw GNB,"FW,MF",Portimonense,20,2002,3.2,40,51,78.4,514,65,26,32,81.3,11,15,73.3,0,1,0.0,0,0.1,0.1,-0.1,2,3,0,0,1,Matches
Cassiano,br BRA,FW,Estoril,34,1989,17.9,132,223,59.2,1821,283,78,105,74.3,39,67,58.2,5,14,35.7,3,1.7,1.4,+1.3,10,6,6,0,15,Matches
Jesús Castillo,pe PER,MF,Gil Vicente FC,22,2001,2.7,133,175,76.0,2435,785,63,71,88.7,53,66,80.3,17,32,53.1,0,0.0,0.1,0.0,1,16,1,0,17,Matches
André Castro,pt POR,MF,Braga,35,1988,0.5,29,35,82.9,418,63,17,19,89.5,10,12,83.3,1,2,50.0,0,0.0,0.0,0.0,0,2,0,0,2,Matches
André Castro,pt POR,MF,Moreirense,35,1988,6.0,225,296,76.0,3786,1004,106,127,83.5,87,107,81.3,19,35,54.3,1,0.2,0.4,+0.8,5,26,5,2,22,Matches
Cristian Castro,co COL,DF,Rio Ave,22,2001,0.8,16,19,84.2,312,87,4,4,100.0,10,11,90.9,2,3,66.7,0,0.0,0.0,0.0,0,2,0,0,2,Matches
Geny Catamo,mz MOZ,"MF,DF",Sporting CP,22,2001,18.7,706,876,80.6,10843,3575,391,439,89.1,261,316,82.6,41,72,56.9,3,3.4,2.0,-0.4,18,43,25,6,66,Matches
Tidjany Chabrol,fr FRA,"FW,MF",Gil Vicente FC,21,2002,12.0,330,410,80.5,4723,1067,204,230,88.7,97,129,75.2,17,23,73.9,0,1.8,1.4,-1.8,21,28,9,1,31,Matches
Charles,br BRA,GK,Vitória,29,1994,7.5,127,188,67.6,3691,2859,26,26,100.0,54,54,100.0,46,106,43.4,0,0.0,0.0,0.0,0,2,0,0,0,Matches
Chiquinho,pt POR,"FW,MF",Famalicão,23,2000,19.3,197,344,57.3,3427,1341,90,116,77.6,62,102,60.8,31,84,36.9,2,1.8,1.9,+0.2,29,23,10,3,34,Matches
Chiquinho,pt POR,MF,Benfica,28,1995,2.1,170,206,82.5,2791,1006,81,92,88.0,71,80,88.8,13,24,54.2,0,0.5,0.4,-0.5,6,19,3,0,24,Matches
Clayton,br BRA,FW,Casa Pia,24,1999,18.8,245,357,68.6,3881,710,124,167,74.3,91,120,75.8,18,32,56.3,1,1.0,1.2,0.0,16,26,8,1,32,Matches

Sebastián Coates,uy URU,DF,Sporting CP,32,1990,25.3,1554,1749,88.9,28365,12043,594,628,94.6,834,891,93.6,115,200,57.5,0,0.5,0.6,-0.5,6,110,6,0,84,Matches
Fábio Conceição,pt POR,"MF,FW",Rio Ave,22,2001,28.2,795,1035,76.8,13156,3943,400,471,84.9,312,391,79.8,64,99,64.6,3,4.2,2.9,-1.2,24,55,39,7,93,Matches
Francisco Conceição,pt POR,"FW,MF",Porto,20,2002,21.0,644,875,73.6,11052,2661,319,374,85.3,232,287,80.8,75,151,49.7,4,6.4,8.3,-2.4,43,22,70,30,87,Matches
Leo Cordeiro,br BRA,MF,Estrela,27,1995,29.0,986,1169,84.3,17686,4519,446,493,90.5,407,446,91.3,106,168,63.1,0,1.1,1.5,-1.1,20,94,19,0,139,Matches
Jeriel Córdova,ve VEN,FW,Boavista,21,2002,1.7,28,38,73.7,388,30,12,17,70.6,12,15,80.0,1,2,50.0,0,0.7,0.1,-0.7,3,4,0,0,2,Matches
Félix Correia,pt POR,FW,Gil Vicente FC,22,2001,24.1,557,778,71.6,8822,2899,306,362,84.5,168,237,70.9,53,92,57.6,3,4.1,3.2,-1.1,33,52,41,7,89,Matches
João Pedro Araújo Correia,cv CPV,"DF,MF",Chaves,26,1996,23.3,579,879,65.9,10192,3905,278,330,84.2,217,319,68.0,70,168,41.7,1,0.8,1.0,+0.2,14,34,16,7,49,Matches
Alberto costa,pt POR,DF,Vitória,19,2003,0.2,13,14,92.9,179,30,8,8,100.0,5,5,100.0,0,0,,0,0.0,0.0,0.0,0,0,0,0,0,Matches
Bruno Xavier Almeida Costa,pt POR,MF,Vizela,26,1997,6.8,240,290,82.8,3627,1310,140,154,90.9,73,83,88.0,18,36,50.0,0,0.6,0.7,-0.6,5,27,3,1,23,Matches
Diogo Costa,pt POR,GK,Porto,23,1999,32.7,1034,1219,84.8,27117,17418,126,129,97.7,609,614,99.2,297,472,62.9,0,0.0,0.1,0.0,0,19,1,0,8,Matches
Gonçalo Costa,pt POR,"DF,MF",Portimonense,23,2000,19.0,620,894,69.4,10322,4824,322,388,83.0,231,315,73.3,56,126,44.4,5,2.1,1.5,+2.9,22,62,16,11,80,Matches
Michel Costa,br BRA,MF,Estoril,21,2001,3.3,138,178,77.5,2453,866,54,65,83.1,67,80,83.8,14,24,58.3,0,0.6,0.3,-0.6,1,19,1,0,18,Matches
Murilo Costa,br BRA,FW,Gil Vicente FC,28,1994,22.1,488,661,73.8,7277,1872,280,333,84.1,144,196,73.5,41,67,61.2,5,2.5,3.2,+2.5,28,29,15,4,50,Matches
Rui Costa,pt POR,"FW,MF",Farense,27,1996,7.8,88,150,58.7,1705,576,38,58,65.5,32,51,62.7,15,23,65.2,2,0.8,0.8,+1.2,7,18,6,1,27,Matches
Tomás Costa Silva,pt POR,DF,Vizela,23,1999,29.1,1100,1491,73.8,17259,7111,608,680,89.4,368,490,75.1,90,218,41.3,2,3.2,3.6,-1.2,39,75,46,29,102,Matches
Costinha,pt POR,"MF,DF",Rio Ave,23,2000,33.9,1062,1538,69.1,18877,7051,470,587,80.1,461,642,71.8,106,207,51.2,5,4.2,4.4,+0.8,32,50,48,25,95,Matches
Sandro Cruz,ao ANG,"DF,MF",Chaves,22,2001,18.1,558,779,71.6,9723,4423,274,322,85.1,217,279,77.8,55,136,40.4,1,1.0,1.1,0.0,11,50,10,4,52,Matches
Florian Danho Seke,fr FRA,FW,Famalicão,23,2000,2.7,26,49,53.1,311,120,17,29,58.6,6,11,54.5,0,1,0.0,0,0.1,0.1,-0.1,2,2,0,0,4,Matches
Ignacio De Arruabarrena,uy URU,GK,Arouca,26,1997,31.0,858,1174,73.1,21647,14888,167,170,98.2,463,473,97.9,226,521,43.4,0,0.0,0.0,0.0,0,6,0,0,1,Matches
Fran Delgado,es ESP,DF,Farense,22,2001,5.5,214,278,77.0,3522,1404,113,124,91.1,82,106,77.4,16,37,43.2,0,0.3,0.3,-0.3,3,16,3,0,16,Matches
Dener,br BRA,MF,Portimonense,31,1992,19.6,602,776,77.6,10152,3479,276,319,86.5,259,313,82.7,46,87,52.9,2,1.2,1.2,+0.8,20,52,15,3,80,Matches
Depú,ao ANG,FW,Gil Vicente FC,23,2000,8.6,80,115,69.6,1013,156,54,75,72.0,23,29,79.3,0,0,,0,0.1,0.1,-0.1,4,3,2,0,6,Matches
Ángel Di María,ar ARG,FW,Benfica,35,1988,24.6,1051,1522,69.1,18982,7166,514,609,84.4,351,482,72.8,157,331,47.4,10,11.3,13.4,-1.3,80,116,103,27,187,Matches
Tiago Dias,pt POR,"MF,FW",Casa Pia,25,1998,8.8,207,309,67.0,3272,1104,111,125,88.8,80,115,69.6,12,45,26.7,1,1.0,1.9,0.0,14,14,15,13,19,Matches
Vinicius Dias,br BRA,GK,Gil Vicente FC,26,1997,2.0,38,51,74.5,1055,771,5,5,100.0,20,20,100.0,13,26,50.0,0,0.0,0.0,0.0,0,1,0,0,0,Matches

Dida,br BRA,GK,Estrela,25,1998,4.7,148,189,78.3,3847,2428,23,23,100.0,90,91,98.9,35,73,47.9,0,0.0,0.0,0.0,0,3,0,0,0,Matches
Ousmane Diomande,ci CIV,DF,Sporting CP,19,2003,23.5,1583,1728,91.6,28469,9616,624,660,94.5,843,892,94.5,104,143,72.7,1,0.2,0.5,+0.8,7,146,8,0,121,Matches
Álvaro djaló,es ESP,"FW,MF",Braga,23,1999,19.9,371,532,69.7,5467,1381,215,252,85.3,124,180,68.9,15,40,37.5,5,3.8,3.5,+1.2,27,34,24,7,60,Matches
Mihai Dobre,ro ROU,FW,Famalicão,24,1998,3.9,68,93,73.1,921,282,42,46,91.3,16,27,59.3,4,5,80.0,0,0.2,0.2,-0.2,4,6,2,1,5,Matches
Maxime Dominguez,ch SUI,"MF,FW",Gil Vicente FC,27,1996,25.9,882,1133,77.8,13971,4452,466,526,88.6,300,369,81.3,76,150,50.7,4,3.8,4.2,+0.2,44,81,29,1,134,Matches
Bruno Duarte,br BRA,FW,Farense,27,1996,25.1,327,553,59.1,5527,1550,163,241,67.6,110,182,60.4,38,63,60.3,3,2.9,2.8,+0.1,26,40,20,6,61,Matches
Jorge Eduardo Sánchez,mx MEX,DF,Porto,25,1997,6.3,353,421,83.8,5462,1606,192,207,92.8,137,159,86.2,20,33,60.6,2,1.0,0.7,+1.0,8,25,8,2,42,Matches
Marcus Edwards,eng ENG,"FW,MF",Sporting CP,24,1998,14.9,404,538,75.1,5716,1950,235,268,87.7,116,157,73.9,24,49,49.0,4,6.9,5.9,-2.9,48,27,41,12,78,Matches
Úmaro Embaló,pt POR,"MF,FW",Rio Ave,22,2001,8.8,251,342,73.4,4144,1227,115,140,82.1,114,145,78.6,14,34,41.2,1,0.5,0.6,+0.5,8,13,12,6,24,Matches
João Escoval,pt POR,DF,Vizela,26,1997,15.2,546,696,78.4,10612,4983,206,236,87.3,259,304,85.2,76,138,55.1,1,0.4,0.7,+0.6,6,45,3,1,42,Matches
Ricardo Esgaio,pt POR,"MF,DF",Sporting CP,30,1993,16.6,766,973,78.7,12778,4544,391,436,89.7,288,383,75.2,72,105,68.6,4,3.8,3.2,+0.2,28,68,27,15,70,Matches
Tiago Esgaio,pt POR,DF,Arouca,27,1995,25.3,1095,1438,76.1,19499,7039,478,555,86.1,493,620,79.5,107,191,56.0,3,2.6,2.0,+0.4,18,59,14,6,90,Matches
Samuel Essende,cd COD,FW,Vizela,25,1998,29.6,335,475,70.5,4303,838,213,281,75.8,96,126,76.2,7,14,50.0,0,1.1,1.5,-1.1,16,17,8,1,32,Matches
Dario Essugo,pt POR,MF,Chaves,18,2005,12.9,416,494,84.2,7555,1899,167,185,90.3,191,210,91.0,47,80,58.8,0,0.1,0.2,-0.1,1,28,0,0,29,Matches
Dario Essugo,pt POR,MF,Sporting CP,18,2005,0.4,27,29,93.1,352,156,18,19,94.7,7,7,100.0,1,2,50.0,0,0.0,0.0,0.0,0,3,0,0,3,Matches
Paulo Estrela Moreira,pt POR,"MF,FW",Portimonense,24,1999,5.9,277,357,77.6,5612,1704,84,104,80.8,141,156,90.4,44,81,54.3,1,0.1,0.2,+0.9,6,41,2,0,37,Matches
Stephen Eustáquio,ca CAN,MF,Porto,26,1996,17.0,847,1029,82.3,14917,4098,370,432,85.6,380,433,87.8,78,119,65.5,2,3.0,3.9,-1.0,26,82,23,1,112,Matches
Evanilson,br BRA,FW,Porto,23,1999,22.8,395,501,78.8,5176,1052,248,302,82.1,99,117,84.6,18,22,81.8,3,4.3,6.0,-1.3,29,29,15,2,54,Matches
Fabiano,br BRA,DF,Moreirense,23,2000,23.7,903,1240,72.8,16976,6188,388,457,84.9,384,500,76.8,124,224,55.4,2,1.0,1.2,+1.0,20,86,21,16,87,Matches
Claudio Falcão,br BRA,MF,Farense,29,1994,28.9,653,896,72.9,12609,4191,243,303,80.2,314,388,80.9,83,159,52.2,1,1.0,0.6,0.0,12,65,6,0,79,Matches
Jean Felipe,br BRA,"MF,DF",Estrela,29,1994,12.8,506,737,68.7,9132,4551,244,278,87.8,198,273,72.5,59,163,36.2,2,3.6,2.9,-1.6,23,47,15,5,52,Matches
Volnei Feltes,br BRA,DF,Estoril,23,2000,16.4,727,917,79.3,14594,5511,270,302,89.4,350,408,85.8,101,179,56.4,2,0.7,0.6,+1.3,5,57,8,2,62,Matches
Jorge Filipe Oliveira Fernandes,pt POR,DF,Vitória,26,1997,27.1,984,1284,76.6,19730,8420,340,412,82.5,480,571,84.1,151,246,61.4,1,1.0,0.8,0.0,10,106,7,5,114,Matches
Martim Fernandes,pt POR,DF,Porto,17,2006,2.8,150,181,82.9,2304,682,79,89,88.8,60,67,89.6,8,17,47.1,1,0.3,0.1,+0.7,2,12,3,1,13,Matches
Mateus Fernandes,pt POR,MF,Estoril,19,2004,24.8,1109,1381,80.3,20302,5985,481,554,86.8,465,544,85.5,134,216,62.0,2,2.8,3.6,-0.8,39,113,20,9,132,Matches

Mateus Fernandes,pt POR,FW,Sporting CP,19,2004,0.0,4,7,57.1,47,0,3,3,100.0,1,1,100.0,0,2,0.0,0,0.0,0.0,0.0,0,0,0,0,0,Matches
Rafael Fernandes,pt POR,DF,Arouca,21,2002,8.3,379,420,90.2,6872,2498,144,151,95.4,204,214,95.3,30,45,66.7,0,0.1,0.1,-0.1,3,25,0,0,27,Matches
Roger Fernandes,gw GNB,"MF,FW",Braga,17,2005,7.5,206,283,72.8,3411,805,96,108,88.9,81,103,78.6,19,44,43.2,7,3.0,2.0,+4.0,16,10,18,12,23,Matches
Rúben Fernandes,pt POR,DF,Gil Vicente FC,37,1986,29.0,1471,1733,84.9,31121,10653,329,377,87.3,951,1004,94.7,183,320,57.2,0,0.7,0.9,-0.7,7,73,4,0,87,Matches
Vasco Fernandes,pt POR,DF,Casa Pia,36,1986,10.0,359,441,81.4,6837,2823,139,157,88.5,176,195,90.3,41,76,53.9,0,0.1,0.1,-0.1,3,18,1,0,18,Matches
Vasco Fernandes,pt POR,DF,Chaves,36,1986,16.8,505,592,85.3,9612,4136,187,203,92.1,263,283,92.9,51,95,53.7,0,0.0,0.1,0.0,2,39,1,0,43,Matches
Fernando,br BRA,"FW,MF",Casa Pia,30,1993,6.0,94,126,74.6,1320,256,59,70,84.3,31,35,88.6,2,7,28.6,0,0.1,0.2,-0.1,3,6,3,0,10,Matches
Filipe Ferreira,pt POR,DF,Boavista,32,1990,19.2,813,1051,77.4,14492,5395,347,389,89.2,384,463,82.9,73,161,45.3,1,0.7,0.6,+0.3,10,60,7,3,63,Matches
Marcelo dos Santos Ferreira,br BRA,DF,Moreirense,34,1989,26.0,1051,1259,83.5,22893,7561,244,274,89.1,655,718,91.2,146,247,59.1,1,0.3,0.4,+0.7,2,45,1,0,55,Matches
Vitó Ferreira,pt POR,MF,Estrela,25,1997,6.4,200,290,69.0,3282,1080,107,129,82.9,65,89,73.0,24,51,47.1,0,0.2,0.4,-0.2,5,25,2,0,24,Matches
Daniel Figueira,pt POR,GK,Estoril,25,1998,12.0,251,325,77.2,6110,4080,55,55,100.0,132,135,97.8,63,133,47.4,0,0.0,0.0,0.0,0,3,0,0,0,Matches
Diogo Fonseca,pt POR,DF,Estrela,21,2002,4.8,238,292,81.5,4413,1320,88,102,86.3,122,140,87.1,21,38,55.3,0,0.0,0.0,0.0,1,4,0,0,6,Matches
Tiago Fonseca Morais,pt POR,"FW,MF",Boavista,19,2003,15.3,286,443,64.6,4932,1803,128,178,71.9,115,158,72.8,32,68,47.1,2,2.8,1.9,-0.8,23,35,20,5,70,Matches
Théo Fonseca,fr FRA,FW,Famalicão,23,2000,7.2,81,124,65.3,1233,398,49,59,83.1,21,34,61.8,8,14,57.1,0,0.2,0.2,-0.2,3,7,1,1,11,Matches
José Fonte,pt POR,DF,Braga,39,1983,16.8,946,1089,86.9,18133,6824,319,349,91.4,520,554,93.9,92,155,59.4,0,0.8,0.3,-0.8,4,76,7,1,84,Matches
Hernâni Fortes,pt POR,FW,Rio Ave,31,1991,3.8,53,88,60.2,1139,483,23,27,85.2,12,25,48.0,17,31,54.8,1,0.9,0.9,+0.1,12,3,7,6,4,Matches
André Franco,pt POR,"MF,FW",Porto,25,1998,4.9,218,276,79.0,3499,1120,113,126,89.7,79,90,87.8,20,44,45.5,1,1.8,1.9,-0.8,14,21,8,1,31,Matches
Gonçalo Franco,pt POR,MF,Moreirense,22,2000,30.2,893,1121,79.7,14888,4459,456,516,88.4,350,404,86.6,68,136,50.0,4,3.0,2.3,+1.0,24,88,17,5,103,Matches
Afonso freitas,pt POR,"DF,MF",Vitória,23,2000,8.1,191,281,68.0,3312,1384,89,111,80.2,79,111,71.2,17,39,43.6,0,0.4,0.3,-0.4,9,13,7,4,18,Matches
Iván Fresneda,es ESP,"MF,DF",Sporting CP,18,2004,0.4,19,25,76.0,270,46,12,14,85.7,7,8,87.5,0,1,0.0,0,0.0,0.0,0.0,0,2,0,0,2,Matches
Godfried Frimpong,nl NED,DF,Moreirense,24,1999,22.4,842,1157,72.8,13754,5938,435,502,86.7,323,418,77.3,67,170,39.4,2,1.6,1.7,+0.4,20,61,10,7,75,Matches
Kanya Fujimoto,jp JPN,MF,Gil Vicente FC,24,1999,22.2,639,837,76.3,9348,2492,352,429,82.1,219,263,83.3,33,60,55.0,6,3.1,3.3,+2.9,25,54,20,0,103,Matches
Taichi Fukui,jp JPN,MF,Portimonense,19,2004,6.6,125,173,72.3,2172,663,57,66,86.4,48,60,80.0,13,32,40.6,1,0.7,0.4,+0.3,6,25,2,1,24,Matches
Galeno,br BRA,"FW,MF",Porto,25,1997,24.9,658,893,73.7,10297,2401,340,400,85.0,275,347,79.3,28,72,38.9,7,5.3,5.8,+1.7,47,22,33,2,66,Matches
Nino Galović,hr CRO,DF,Arouca,31,1992,16.0,790,881,89.7,15855,5142,228,243,93.8,469,490,95.7,88,130,67.7,1,0.5,0.2,+0.5,2,33,1,0,41,Matches

Fabrício Garcia,cv CPV,"FW,MF",Estoril,22,2001,3.7,50,65,76.9,752,176,29,37,78.4,13,16,81.3,4,5,80.0,0,0.1,0.1,-0.1,3,5,2,0,6,Matches
Gaspar,ao ANG,DF,Estrela,25,1997,26.1,1245,1507,82.6,24333,9814,421,480,87.7,656,742,88.4,153,245,62.4,0,0.6,1.3,-0.6,5,69,4,3,86,Matches
Bruno Gaspar,ao ANG,"MF,DF",Vitória,30,1993,25.4,983,1365,72.0,16274,7432,504,591,85.3,364,497,73.2,84,179,46.9,3,2.2,3.9,+0.8,31,63,44,28,91,Matches
Mory Gbane,ci CIV,MF,Gil Vicente FC,22,2000,21.2,692,873,79.3,12660,3442,260,319,81.5,366,424,86.3,55,87,63.2,0,0.2,0.6,-0.2,6,52,3,0,74,Matches
André Geraldes,pt POR,"MF,DF",Casa Pia,32,1991,6.7,213,294,72.4,3593,1483,102,125,81.6,91,117,77.8,14,37,37.8,0,0.0,0.1,0.0,2,11,0,0,15,Matches
Saviour Godwin,ng NGA,"FW,MF",Casa Pia,26,1996,3.8,44,80,55.0,656,239,27,36,75.0,15,29,51.7,2,9,22.2,0,0.1,0.1,-0.1,1,4,3,1,8,Matches
Eulânio Ângelo Chipela Gomes,gw GNB,MF,Estrela,29,1994,6.5,180,241,74.7,2604,878,104,120,86.7,63,80,78.8,5,20,25.0,1,0.8,0.5,+0.2,7,5,7,2,20,Matches
Rodrigo Gomes,pt POR,"MF,DF",Estoril,20,2003,27.2,613,858,71.4,9805,2947,306,375,81.6,258,335,77.0,31,77,40.3,7,3.1,3.2,+3.9,35,41,20,5,67,Matches
Vítor Gomes,pt POR,MF,Rio Ave,35,1987,3.6,146,187,78.1,2643,909,55,66,83.3,72,82,87.8,15,30,50.0,0,0.5,0.4,-0.5,1,20,1,0,17,Matches
Victor Gomez,es ESP,DF,Braga,23,2000,22.6,1071,1360,78.8,19251,7049,434,502,86.5,505,588,85.9,113,205,55.1,2,4.8,3.7,-2.8,37,108,54,27,145,Matches
Nuno Gonçalo Moreira,pt POR,"FW,MF",Casa Pia,24,1999,11.3,303,399,75.9,4725,1456,150,176,85.2,110,132,83.3,24,48,50.0,1,1.2,1.1,-0.2,19,31,15,4,61,Matches
Nuno Gonçalo Moreira,pt POR,"FW,MF",Vizela,24,1999,10.7,226,331,68.3,3656,1323,119,147,81.0,68,101,67.3,28,60,46.7,2,2.4,2.1,-0.4,23,30,16,4,52,Matches
João Gonçalves,pt POR,GK,Boavista,22,2000,34.0,622,934,66.6,17824,13063,134,134,100.0,276,282,97.9,208,510,40.8,0,0.0,0.0,0.0,0,12,0,0,1,Matches
Jota Gonçalves,pt POR,DF,Vizela,23,2000,16.1,804,949,84.7,13861,5808,346,373,92.8,388,434,89.4,56,105,53.3,0,0.1,0.4,-0.1,3,67,1,0,62,Matches
Pedro Gonçalves,pt POR,"FW,MF",Sporting CP,25,1998,28.6,917,1241,73.9,14650,4861,514,577,89.1,264,354,74.6,91,190,47.9,12,9.4,8.5,+2.6,63,89,47,8,153,Matches
Vítor Gonçalves,pt POR,MF,Farense,31,1992,7.7,193,262,73.7,3447,860,83,95,87.4,85,116,73.3,21,36,58.3,0,0.7,1.1,-0.7,7,19,7,4,29,Matches
Cristo González,es ESP,"FW,MF",Arouca,25,1997,30.9,680,921,73.8,10008,2723,385,449,85.7,234,307,76.2,31,64,48.4,9,6.9,5.2,+2.1,52,76,42,6,134,Matches
Nicolás González,es ESP,MF,Porto,21,2002,18.9,1002,1131,88.6,16054,4206,519,567,91.5,410,445,92.1,56,75,74.7,1,1.3,2.3,-0.3,21,116,16,1,137,Matches
Tiago Gouveia,pt POR,FW,Benfica,22,2001,6.0,193,239,80.8,2829,808,121,138,87.7,56,73,76.7,11,16,68.8,3,2.2,1.5,+0.8,11,12,11,0,25,Matches
João Graça,pt POR,MF,Rio Ave,28,1995,13.3,488,606,80.5,8072,2052,232,262,88.5,197,226,87.2,42,74,56.8,0,0.4,1.2,-0.4,14,46,16,1,72,Matches
Marko Grujić,rs SRB,MF,Porto,27,1996,3.2,175,214,81.8,3322,1017,72,85,84.7,80,91,87.9,20,29,69.0,1,0.8,0.4,+0.2,5,25,2,0,36,Matches
Gonçalo Guedes,pt POR,"FW,MF",Benfica,26,1996,1.4,61,82,74.4,850,165,40,51,78.4,17,22,77.3,3,4,75.0,0,0.0,0.2,0.0,0,1,1,0,5,Matches
Guga,pt POR,"DF,MF",Portimonense,19,2003,17.0,405,561,72.2,6376,2268,217,266,81.6,153,199,76.9,23,58,39.7,1,1.2,0.8,-0.2,9,16,10,7,20,Matches
Ricardo Guimarães,mz MOZ,MF,Chaves,27,1995,13.9,462,567,81.5,8261,1991,185,212,87.3,221,252,87.7,43,76,56.6,1,0.7,0.6,+0.3,10,30,6,1,40,Matches
Rafik Guitane,fr FRA,"FW,MF",Estoril,24,1999,30.1,809,1060,76.3,12613,3236,444,518,85.7,292,378,77.2,50,92,54.3,3,5.6,5.2,-2.6,59,83,51,7,129,Matches

Raphael Guzzo,pt POR,"MF,FW",Chaves,28,1995,13.2,449,572,78.5,6594,2201,240,265,90.6,157,192,81.8,22,55,40.0,0,0.9,1.7,-0.9,13,34,13,3,54,Matches
Viktor Gyökeres,se SWE,FW,Sporting CP,25,1998,32.4,578,806,71.7,6938,1036,397,496,80.0,128,187,68.4,14,32,43.8,10,7.7,6.1,+2.3,54,27,19,2,51,Matches
Justin de Haas,nl NED,DF,Famalicão,23,2000,17.8,862,1007,85.6,18124,7206,268,288,93.1,452,496,91.1,139,209,66.5,0,0.1,0.2,-0.1,1,38,5,1,39,Matches
Yanis Hamache,dz ALG,DF,Arouca,24,1999,0.5,30,36,83.3,499,131,11,13,84.6,17,19,89.5,1,3,33.3,0,0.0,0.0,0.0,0,1,1,0,6,Matches
Tomás Händel,pt POR,MF,Vitória,22,2000,28.0,1089,1293,84.2,17913,5039,544,603,90.2,443,496,89.3,75,133,56.4,1,1.4,2.0,-0.4,30,125,20,3,145,Matches
Héctor,es ESP,FW,Chaves,27,1995,28.8,434,557,77.9,5754,852,282,345,81.7,109,127,85.8,18,19,94.7,1,0.6,0.5,+0.4,9,29,4,0,46,Matches
Gustavo Henrique,br BRA,"DF,MF",Estrela,24,1999,1.4,33,45,73.3,464,111,17,20,85.0,13,18,72.2,1,3,33.3,0,0.3,0.2,-0.3,3,3,2,1,5,Matches
Morten Hjulmand,dk DEN,MF,Sporting CP,24,1999,24.3,1213,1412,85.9,18173,4616,702,764,91.9,435,496,87.7,52,91,57.1,2,1.6,1.4,+0.4,22,112,13,0,104,Matches
Jordan Holsgrove,sct SCO,MF,Estoril,23,1999,13.0,845,973,86.8,15496,4357,343,367,93.5,376,403,93.3,98,158,62.0,2,1.2,1.0,+0.8,12,78,6,0,87,Matches
André Horta,pt POR,MF,Braga,26,1996,6.1,468,546,85.7,8441,2415,218,226,96.5,192,216,88.9,50,90,55.6,1,1.0,1.2,0.0,13,75,13,2,79,Matches
Ricardo Horta,pt POR,"FW,MF",Braga,28,1994,26.0,891,1113,80.1,13512,3508,493,550,89.6,292,364,80.2,65,111,58.6,4,7.2,5.2,-3.2,52,70,38,10,138,Matches
André Inácio,br BRA,"FW,MF",Estrela,21,2002,13.3,182,273,66.7,2791,583,103,127,81.1,57,79,72.2,16,35,45.7,0,0.8,0.6,-0.8,9,14,10,3,25,Matches
Gonçalo Inácio,pt POR,DF,Sporting CP,21,2001,27.6,2162,2427,89.1,38601,15278,906,962,94.2,1054,1121,94.0,173,282,61.3,0,0.3,1.6,-0.3,6,258,14,1,236,Matches
Hernani Infande,pt POR,"FW,MF",Moreirense,22,2001,0.9,25,30,83.3,342,61,16,17,94.1,8,9,88.9,0,0,,0,0.0,0.0,0.0,0,1,0,0,1,Matches
Fabrício Isidoro,br BRA,MF,Farense,31,1992,18.5,557,691,80.6,9995,2409,231,272,84.9,255,298,85.6,55,84,65.5,1,1.1,0.7,-0.1,14,59,10,4,76,Matches
Ismael,pt POR,MF,Moreirense,24,1999,6.2,231,274,84.3,3901,1027,104,117,88.9,106,113,93.8,16,30,53.3,0,0.0,0.3,0.0,1,15,1,0,16,Matches
Franco Israel,uy URU,GK,Sporting CP,23,2000,10.0,201,235,85.5,4623,3059,38,38,100.0,136,138,98.6,27,58,46.6,0,0.0,0.0,0.0,0,1,0,0,0,Matches
Abass Issah,gh GHA,"MF,FW",Chaves,24,1998,3.4,64,86,74.4,1075,298,25,26,96.2,30,40,75.0,5,13,38.5,2,0.7,0.7,+1.3,4,5,7,4,9,Matches
Léo Jabá,br BRA,"FW,MF",Estrela,24,1998,24.7,383,615,62.3,6391,2016,194,245,79.2,133,197,67.5,37,92,40.2,4,6.2,5.1,-2.2,43,34,34,15,66,Matches
Ivan Jaime Pajuelo,es ESP,"MF,FW",Porto,22,2000,6.3,250,319,78.4,4158,957,125,138,90.6,92,112,82.1,26,52,50.0,0,0.6,1.0,-0.6,12,24,7,2,32,Matches
Jajá,br BRA,"FW,MF",Casa Pia,22,2001,4.8,69,122,56.6,1036,386,34,50,68.0,28,46,60.9,3,7,42.9,0,0.4,0.3,-0.4,2,8,2,0,15,Matches
Jardel,gw GNB,"FW,MF",Vizela,25,1997,2.1,52,69,75.4,808,259,25,32,78.1,18,22,81.8,5,7,71.4,1,0.7,0.9,+0.3,5,6,4,0,12,Matches
Jason,es ESP,"FW,MF",Arouca,29,1994,28.5,603,920,65.5,10160,3378,298,375,79.5,225,327,68.8,57,132,43.2,5,5.9,4.7,-0.9,50,48,39,9,96,Matches
Sylvester Jasper,bg BUL,"FW,MF",Portimonense,21,2001,18.6,319,452,70.6,4642,1100,176,208,84.6,107,151,70.9,16,39,41.0,2,2.0,1.5,0.0,12,20,16,8,37,Matches
Anderson Jesus,br BRA,DF,Vizela,28,1995,27.7,965,1132,85.2,18498,7845,355,382,92.9,504,551,91.5,97,173,56.1,0,0.4,0.2,-0.4,3,58,1,0,54,Matches

Jhonatan,br BRA,GK,Rio Ave,32,1991,26.0,716,952,75.2,19550,14258,135,136,99.3,320,327,97.9,249,472,52.8,0,0.0,0.0,0.0,1,8,1,0,2,Matches
Jo,br BRA,"FW,MF",Chaves,28,1995,11.3,107,187,57.2,1356,190,61,100,61.0,33,51,64.7,2,6,33.3,2,1.2,0.7,+0.8,8,6,0,0,6,Matches
Joca,pt POR,"FW,MF",Rio Ave,27,1996,19.0,373,540,69.1,6699,2077,166,207,80.2,136,179,76.0,52,98,53.1,2,1.7,1.6,+0.3,13,50,18,5,79,Matches
Nemanja Jović,rs SRB,MF,Estoril,20,2002,0.2,2,3,66.7,26,1,1,1,100.0,1,2,50.0,0,0,,0,0.0,0.0,0.0,0,0,0,0,0,Matches
Luiz Lúcio Reis Júnior,br BRA,GK,Famalicão,22,2001,33.0,867,1144,75.8,24694,17014,136,136,100.0,445,452,98.5,281,547,51.4,0,0.1,0.1,-0.1,2,15,0,0,0,Matches
David Jurásek,cz CZE,DF,Benfica,22,2000,2.9,149,188,79.3,2313,772,70,74,94.6,72,86,83.7,5,18,27.8,0,0.7,1.5,-0.7,7,3,8,4,9,Matches
Samuel Justo,pt POR,MF,Casa Pia,19,2004,6.7,233,291,80.1,3653,994,114,127,89.8,91,108,84.3,15,30,50.0,1,0.4,0.2,+0.6,8,21,1,1,22,Matches
Kaio,br BRA,FW,Vitória,19,2004,4.7,75,117,64.1,1109,341,44,54,81.5,19,28,67.9,7,14,50.0,0,0.1,0.2,-0.1,3,7,6,4,14,Matches
Kazu,br BRA,"DF,FW",Gil Vicente FC,23,2000,0.6,36,50,72.0,670,253,13,16,81.3,20,23,87.0,3,10,30.0,0,0.1,0.0,-0.1,2,3,1,0,5,Matches
Keliano,ao ANG,MF,Estrela,20,2003,1.3,27,37,73.0,468,109,15,16,93.8,10,15,66.7,2,3,66.7,0,0.0,0.0,0.0,0,5,0,0,3,Matches
Kewin,br BRA,GK,Moreirense,27,1995,29.8,819,1133,72.3,23717,17102,153,154,99.4,372,377,98.7,291,592,49.2,0,0.0,0.1,0.0,0,18,1,0,0,Matches
Kikas,pt POR,"FW,MF",Estrela,24,1998,17.3,211,343,61.5,3658,862,101,141,71.6,73,106,68.9,28,55,50.9,1,2.1,1.5,-1.1,22,15,13,3,27,Matches
Francisco Kiki,pt POR,MF,Casa Pia,25,1998,0.1,4,4,100.0,45,4,3,3,100.0,1,1,100.0,0,0,,0,0.0,0.0,0.0,0,0,0,0,1,Matches
Kobamelo Kodisang,za RSA,FW,Moreirense,23,1999,18.0,254,373,68.1,4082,1115,129,159,81.1,95,136,69.9,19,36,52.8,3,2.5,1.7,+0.5,25,17,20,10,34,Matches
Koba Koindredi,fr FRA,MF,Estoril,21,2001,6.3,216,272,79.4,3743,963,101,115,87.8,91,104,87.5,21,38,55.3,0,0.3,0.2,-0.3,9,16,4,0,27,Matches
Koba Koindredi,fr FRA,MF,Sporting CP,21,2001,0.4,16,18,88.9,245,34,8,9,88.9,8,8,100.0,0,0,,0,0.0,0.0,0.0,0,1,0,0,1,Matches
Orkun Kökçü,tr TUR,MF,Benfica,22,2000,19.8,1129,1371,82.3,19727,6251,536,593,90.4,425,501,84.8,135,200,67.5,8,5.6,3.3,+2.4,52,168,37,5,198,Matches
Eboue Kouassi,ci CIV,MF,Arouca,25,1997,15.0,692,796,86.9,11846,3323,321,361,88.9,292,318,91.8,62,88,70.5,0,0.4,0.8,-0.4,10,51,7,0,58,Matches
Kevin Krygård,no NOR,"MF,DF",Casa Pia,23,2000,0.7,31,36,86.1,493,166,16,19,84.2,13,15,86.7,1,1,100.0,0,0.0,0.1,0.0,0,5,0,0,4,Matches
Matías Lacava,ve VEN,"FW,MF",Vizela,20,2002,14.8,271,364,74.5,3642,955,158,182,86.8,80,107,74.8,9,25,36.0,4,3.4,3.3,+0.6,19,12,21,6,33,Matches
Tom Lacoux,fr FRA,MF,Famalicão,21,2002,4.0,160,198,80.8,3085,663,54,67,80.6,83,89,93.3,22,30,73.3,0,0.0,0.1,0.0,1,12,0,0,9,Matches
André Lacximicant,pt POR,"FW,MF",Casa Pia,22,2001,2.4,29,41,70.7,444,117,17,22,77.3,9,11,81.8,2,6,33.3,1,0.4,0.5,+0.6,3,3,1,0,4,Matches
Rúben Lameiras,pt POR,"FW,MF",Casa Pia,28,1994,6.1,143,200,71.5,2338,834,73,87,83.9,54,65,83.1,12,30,40.0,1,1.3,1.0,-0.3,8,23,5,0,25,Matches
Rúben Lameiras,pt POR,"FW,MF",Chaves,28,1994,2.3,42,59,71.2,637,185,22,27,81.5,12,15,80.0,4,12,33.3,0,0.2,0.1,-0.2,3,5,1,0,7,Matches
Bruno Langa,mz MOZ,"DF,MF",Chaves,25,1997,11.9,407,591,68.9,7429,3689,188,223,84.3,171,235,72.8,42,98,42.9,0,0.8,1.0,-0.8,10,44,15,8,64,Matches

Larra,es ESP,"DF,MF",Casa Pia,25,1997,27.9,933,1250,74.6,15322,5611,482,540,89.3,367,477,76.9,69,172,40.1,1,2.1,1.9,-1.1,25,57,18,9,83,Matches
Yusuf Lawal,ng NGA,"FW,MF",Arouca,25,1998,2.6,84,103,81.6,1106,276,51,55,92.7,23,28,82.1,5,6,83.3,1,0.4,0.3,+0.6,9,4,4,2,5,Matches
Orest Lebedenko,ua UKR,DF,Vizela,24,1998,16.1,551,727,75.8,9076,3241,281,321,87.5,215,260,82.7,44,100,44.0,1,1.2,1.2,-0.2,11,35,9,4,37,Matches
Leonardo Lelo,pt POR,"DF,MF",Casa Pia,23,2000,32.7,1072,1478,72.5,17174,6652,581,657,88.4,400,517,77.4,79,212,37.3,2,1.8,2.6,+0.2,37,79,19,4,99,Matches
Marcos Leonardo,br BRA,FW,Benfica,20,2003,3.7,29,49,59.2,390,55,17,25,68.0,7,14,50.0,2,2,100.0,0,0.0,0.1,0.0,0,0,0,0,3,Matches
Otso Liimatta,fi FIN,"MF,FW",Famalicão,19,2004,5.2,86,118,72.9,1307,313,45,56,80.4,34,44,77.3,5,9,55.6,0,0.2,0.2,-0.2,3,9,1,1,8,Matches
Rúben Lima,pt POR,"DF,MF",Estrela,33,1989,10.3,331,477,69.4,6379,2867,119,147,81.0,165,205,80.5,40,95,42.1,1,0.7,1.0,+0.3,5,27,5,3,23,Matches
Danny Loader,eng ENG,"FW,MF",Porto,22,2000,2.7,73,91,80.2,979,180,46,54,85.2,18,22,81.8,4,5,80.0,2,0.8,0.7,+1.2,6,4,4,0,10,Matches
Jason Lokilo,be BEL,"FW,MF",Vizela,24,1998,7.8,210,264,79.5,3013,761,126,140,90.0,66,80,82.5,9,22,40.9,1,1.0,1.1,0.0,8,13,10,3,24,Matches
Julien Lomboto,,MF,Rio Ave,21,2002,0.1,4,4,100.0,66,32,2,2,100.0,2,2,100.0,0,0,,0,0.0,0.0,0.0,0,0,0,0,1,Matches
Miguel Lopes,pt POR,DF,Estrela,36,1986,14.7,573,671,85.4,11870,4099,162,183,88.5,342,375,91.2,66,100,66.0,0,0.8,0.5,-0.8,3,29,3,0,34,Matches
Né lopes,pt POR,DF,Gil Vicente FC,23,2000,2.9,153,173,88.4,3203,958,36,41,87.8,101,110,91.8,16,20,80.0,0,0.0,0.0,0.0,0,6,1,0,9,Matches
Rony Lopes,pt POR,"FW,MF",Braga,27,1995,4.1,141,196,71.9,2197,472,70,83,84.3,52,66,78.8,9,25,36.0,0,0.8,0.7,-0.8,6,16,6,1,27,Matches
Bruno Lourenço,pt POR,"FW,MF",Boavista,25,1998,22.4,397,563,70.5,6516,1999,203,241,84.2,132,174,75.9,38,88,43.2,1,1.5,1.5,-0.5,16,42,11,2,60,Matches
Thomas Luciano,br BRA,DF,Gil Vicente FC,21,2002,0.3,13,24,54.2,183,87,8,8,100.0,5,13,38.5,0,3,0.0,0,0.1,0.0,-0.1,1,1,1,1,2,Matches
André Luis,br BRA,FW,Moreirense,29,1994,14.8,179,302,59.3,2416,682,110,162,67.9,57,94,60.6,4,14,28.6,2,2.0,1.0,0.0,19,18,9,0,29,Matches
Florentino Luís,pt POR,MF,Benfica,23,1999,18.7,1227,1380,88.9,19723,6414,644,703,91.6,462,507,91.1,96,112,85.7,0,0.4,1.1,-0.4,12,154,13,0,142,Matches
José Luis Rodríguez,pa PAN,FW,Famalicão,25,1998,16.6,255,387,65.9,4094,1093,140,174,80.5,74,108,68.5,28,70,40.0,5,1.5,2.3,+3.5,24,12,18,11,31,Matches
Zé Luís,cv CPV,"FW,MF",Farense,32,1991,6.6,92,154,59.7,1352,337,47,78,60.3,34,49,69.4,4,7,57.1,1,0.7,0.5,+0.3,8,8,1,0,14,Matches
Luismi,gq EQG,FW,Moreirense,22,2001,10.4,123,177,69.5,1470,478,73,93,78.5,32,44,72.7,3,6,50.0,0,1.4,1.0,-1.4,8,12,2,0,20,Matches
Wallisson Luiz,br BRA,"MF,FW",Moreirense,25,1997,2.2,50,70,71.4,953,338,17,23,73.9,26,33,78.8,7,10,70.0,0,0.0,0.0,0.0,1,4,1,1,8,Matches
Rodrigo Macedo,pt POR,"FW,MF",Moreirense,20,2003,0.7,14,14,100.0,249,41,6,6,100.0,7,7,100.0,1,1,100.0,0,0.0,0.0,0.0,0,1,1,0,2,Matches
Tiago Machado,pt POR,"MF,FW",Boavista,19,2004,0.2,5,6,83.3,70,0,2,2,100.0,3,3,100.0,0,0,,0,0.0,0.0,0.0,0,0,0,0,0,Matches
Madson,br BRA,"FW,MF",Moreirense,23,1999,14.9,252,380,66.3,3463,776,154,199,77.4,75,114,65.8,10,26,38.5,1,1.4,1.3,-0.4,18,11,11,4,23,Matches
Miguel Maga,pt POR,"DF,MF",Vitória,20,2002,9.9,272,384,70.8,4473,2229,135,164,82.3,111,163,68.1,20,36,55.6,0,0.4,0.6,-0.4,6,18,7,3,36,Matches

Magrão,br BRA,GK,Rio Ave,23,2000,7.0,172,223,77.1,4307,2941,35,35,100.0,85,87,97.7,49,96,51.0,0,0.0,0.0,0.0,0,1,0,0,0,Matches
Gaius Makouta,cg CGO,MF,Boavista,26,1997,25.9,849,1060,80.1,13096,3138,469,545,86.1,298,360,82.8,54,91,59.3,2,1.1,1.2,+0.9,14,80,16,2,102,Matches
Pedro Malheiro,pt POR,"DF,MF",Boavista,22,2001,21.9,864,1136,76.1,14343,4830,440,489,90.0,331,410,80.7,72,178,40.4,2,2.7,1.7,-0.7,17,57,19,11,66,Matches
Eliaquim Mangala,fr FRA,DF,Estoril,32,1991,11.6,531,602,88.2,10105,3605,169,175,96.6,322,349,92.3,37,61,60.7,0,0.1,0.0,-0.1,1,24,0,0,26,Matches
Ricardo Mangas,pt POR,"MF,DF",Vitória,25,1998,21.2,562,799,70.3,8801,3591,319,396,80.6,183,262,69.8,46,89,51.7,3,3.1,2.2,-0.1,12,40,12,4,56,Matches
Mansur,br BRA,DF,Estrela,30,1993,15.6,736,909,81.0,14259,5955,284,334,85.0,355,393,90.3,91,153,59.5,1,1.2,1.0,-0.2,5,51,9,5,58,Matches
Manuel Manu,pt POR,"DF,MF",Vitória,22,2001,19.7,739,911,81.1,14965,6711,239,274,87.2,411,471,87.3,84,144,58.3,0,0.5,0.3,-0.5,5,58,2,1,70,Matches
Zé Manuel,pt POR,"FW,MF",Rio Ave,32,1990,6.6,115,161,71.4,1535,407,67,81,82.7,32,51,62.7,6,10,60.0,0,0.6,0.4,-0.6,8,10,2,1,17,Matches
Maracás,br BRA,DF,Moreirense,29,1994,28.5,1292,1519,85.1,26331,8891,349,387,90.2,795,843,94.3,141,258,54.7,0,0.1,0.1,-0.1,2,42,1,0,53,Matches
Iván Marcano,es ESP,DF,Porto,36,1987,4.1,286,319,89.7,6147,2136,77,83,92.8,161,169,95.3,48,59,81.4,0,0.1,0.3,-0.1,2,35,4,1,45,Matches
Adrián Marín,es ESP,DF,Braga,26,1997,3.6,170,225,75.6,2721,1299,93,109,85.3,64,77,83.1,9,26,34.6,0,0.3,0.2,-0.3,3,23,3,0,21,Matches
João Mário,pt POR,"FW,MF",Benfica,30,1993,26.9,1452,1669,87.0,20889,5722,865,930,93.0,475,534,89.0,64,113,56.6,1,2.5,3.9,-1.5,36,144,34,3,192,Matches
João Mário Lopes,pt POR,DF,Porto,23,2000,22.9,1072,1303,82.3,17187,5091,553,616,89.8,442,527,83.9,62,102,60.8,1,2.6,3.3,-1.6,24,82,36,15,129,Matches
Marlon,br BRA,"FW,MF",Gil Vicente FC,25,1997,4.8,101,148,68.2,1523,468,60,73,82.2,28,44,63.6,9,18,50.0,0,0.4,0.5,-0.4,3,13,5,1,15,Matches
Uladzislaŭ Marozaŭ,by BLR,"FW,MF",Arouca,22,2000,1.6,7,11,63.6,82,9,4,6,66.7,2,3,66.7,0,0,,0,0.0,0.0,0.0,2,1,0,0,0,Matches
Alejandro Marqués,ve VEN,FW,Estoril,22,2000,15.1,144,184,78.3,1975,289,77,89,86.5,49,62,79.0,4,7,57.1,1,0.7,0.2,+0.3,9,9,4,0,16,Matches
Gustavo Marques,br BRA,DF,Benfica,21,2001,0.0,3,3,100.0,50,44,1,1,100.0,2,2,100.0,0,0,,0,0.0,0.0,0.0,0,0,0,0,0,Matches
Igor Marques,br BRA,"DF,MF",Portimonense,24,1999,16.5,575,788,73.0,9269,3735,275,320,85.9,234,299,78.3,44,101,43.6,1,1.5,1.3,-0.5,15,42,13,10,57,Matches
João Marques,pt POR,"MF,FW",Estoril,21,2002,21.9,454,608,74.7,8154,2171,204,251,81.3,168,208,80.8,61,90,67.8,5,2.5,3.1,+2.5,28,42,23,5,73,Matches
Toni Martínez,es ESP,FW,Porto,26,1997,5.8,65,103,63.1,757,131,44,66,66.7,16,23,69.6,0,2,0.0,0,0.6,0.4,-0.6,5,4,2,0,5,Matches
Rafael Martins,br BRA,MF,Casa Pia,34,1989,0.3,10,12,83.3,155,17,5,5,100.0,4,4,100.0,1,1,100.0,0,0.0,0.0,0.0,0,0,0,0,0,Matches
Rodrigo Martins,pt POR,"DF,FW",Estoril,24,1998,0.1,2,3,66.7,18,5,1,1,100.0,0,0,,0,0,,0,0.0,0.0,0.0,0,0,0,0,0,Matches
Rodrigo Martins,pt POR,FW,Portimonense,24,1998,2.6,48,73,65.8,750,201,26,31,83.9,15,21,71.4,5,9,55.6,0,0.2,0.1,-0.2,3,5,2,1,7,Matches
Matheus,br BRA,GK,Braga,31,1992,34.0,967,1238,78.1,25055,18468,192,193,99.5,500,507,98.6,273,534,51.1,0,0.0,0.0,0.0,0,18,0,0,3,Matches
Marco Matias,pt POR,"FW,MF",Farense,34,1989,25.5,402,577,69.7,7224,2391,204,239,85.4,123,165,74.5,65,132,49.2,5,3.2,2.4,+1.8,32,40,19,12,54,Matches

Nuno Matos,pt POR,DF,Braga,18,2004,0.1,3,9,33.3,44,36,2,4,50.0,1,4,25.0,0,0,,0,0.0,0.0,0.0,0,0,0,0,0,Matches
Maurício,br BRA,MF,Portimonense,34,1988,5.0,169,204,82.8,2623,642,89,101,88.1,64,73,87.7,8,14,57.1,0,0.0,0.1,0.0,2,13,1,0,16,Matches
Rodrigo Melro,pt POR,DF,Chaves,19,2004,0.0,1,2,50.0,10,3,1,1,100.0,0,0,,0,0,,0,0.0,0.0,0.0,0,1,0,0,0,Matches
João Mendes,pt POR,"FW,MF",Vitória,28,1994,16.0,424,590,71.9,6768,2060,219,264,83.0,138,186,74.2,41,83,49.4,3,3.4,3.2,-0.4,36,45,36,6,82,Matches
Joe Mendes,se SWE,DF,Braga,20,2002,9.9,440,558,78.9,7252,2217,236,260,90.8,146,189,77.2,45,84,53.6,2,2.4,1.1,-0.4,9,28,14,11,35,Matches
Pedro Mendes,pt POR,DF,Estrela,32,1990,9.0,250,296,84.5,5034,1614,77,82,93.9,133,147,90.5,35,60,58.3,0,0.0,0.0,0.0,1,9,1,0,13,Matches
Alex Mendez,us USA,"MF,FW",Vizela,22,2000,4.1,162,207,78.3,2507,784,88,97,90.7,56,67,83.6,12,30,40.0,1,1.0,0.8,0.0,10,25,6,1,28,Matches
Miguel Menino,pt POR,MF,Sporting CP,20,2003,0.0,3,3,100.0,28,3,3,3,100.0,0,0,,0,0,,0,0.0,0.0,0.0,0,0,0,0,0,Matches
Benji Michel,us USA,"FW,MF",Arouca,25,1997,0.5,11,17,64.7,149,34,9,12,75.0,1,3,33.3,1,1,100.0,0,0.1,0.0,-0.1,1,3,0,0,3,Matches
João Miguel,pt POR,DF,Porto,23,2000,3.2,184,228,80.7,3098,861,100,107,93.5,68,85,80.0,15,27,55.6,1,0.5,0.3,+0.5,1,16,4,1,21,Matches
Enea Mihaj,al ALB,DF,Famalicão,25,1998,17.3,842,957,88.0,17556,6522,258,272,94.9,451,479,94.2,127,189,67.2,0,0.1,0.5,-0.1,3,44,3,1,39,Matches
Mika,pt POR,GK,Moreirense,32,1991,0.2,9,13,69.2,329,284,0,0,,3,3,100.0,6,9,66.7,0,0.0,0.0,0.0,0,0,0,0,0,Matches
Bogdan Milovanov,ua UKR,DF,Arouca,25,1998,13.4,485,680,71.3,8628,3028,219,261,83.9,221,282,78.4,40,107,37.4,0,0.4,0.7,-0.4,5,36,6,6,42,Matches
Vinicius Mingotti,br BRA,FW,Moreirense,23,2000,5.4,44,70,62.9,576,107,28,39,71.8,13,23,56.5,1,1,100.0,0,0.7,0.3,-0.7,1,6,1,0,4,Matches
Miro,ao ANG,"FW,MF",Gil Vicente FC,20,2003,1.8,17,24,70.8,300,46,7,10,70.0,8,8,100.0,2,5,40.0,0,0.0,0.0,0.0,0,1,0,0,3,Matches
Cezary Miszta,pl POL,GK,Rio Ave,21,2001,1.0,37,44,84.1,892,480,4,4,100.0,26,26,100.0,7,14,50.0,0,0.0,0.0,0.0,0,0,0,0,0,Matches
Miguel Monteiro,pt POR,FW,Gil Vicente FC,20,2003,2.5,19,33,57.6,272,20,13,20,65.0,5,9,55.6,1,1,100.0,1,0.2,0.0,+0.8,3,1,0,0,1,Matches
Francisco Montero,es ESP,DF,Arouca,24,1999,28.7,1580,1880,84.0,32331,11287,452,496,91.1,892,972,91.8,218,363,60.1,1,0.5,0.5,+0.5,6,93,6,0,107,Matches
Morato,br BRA,DF,Benfica,22,2001,16.9,768,934,82.2,12725,4468,389,427,91.1,314,374,84.0,52,85,61.2,1,2.0,0.9,-1.0,11,49,13,3,65,Matches
Hélder Morim,pt POR,"MF,DF",Chaves,22,2001,7.3,162,225,72.0,2790,966,79,100,79.0,62,75,82.7,19,36,52.8,0,0.6,0.5,-0.6,6,15,3,1,23,Matches
Hidemasa Morita,jp JPN,MF,Sporting CP,28,1995,23.8,1048,1218,86.0,16752,4933,570,627,90.9,370,417,88.7,74,114,64.9,4,2.6,3.2,+1.4,27,121,26,3,147,Matches
Mosquito,br BRA,GK,Arouca,27,1996,2.0,89,107,83.2,2254,1403,13,13,100.0,50,51,98.0,26,43,60.5,0,0.0,0.0,0.0,0,0,0,0,0,Matches
Moura,pt POR,DF,Famalicão,23,1999,33.0,1247,1701,73.3,23423,10095,549,633,86.7,494,668,74.0,184,326,56.4,4,6.8,5.8,-2.8,76,98,45,36,127,Matches
Rodrigo Moura,br BRA,GK,Chaves,27,1996,7.0,144,210,68.6,4655,3759,19,20,95.0,62,62,100.0,63,128,49.2,0,0.0,0.0,0.0,1,5,0,0,0,Matches
João Moutinho,pt POR,MF,Braga,36,1986,23.5,1538,1785,86.2,28583,8899,610,661,92.3,703,771,91.2,188,270,69.6,1,3.2,3.3,-2.2,41,198,26,3,216,Matches

Rafa Mújica,es ESP,FW,Arouca,24,1998,28.1,316,400,79.0,4036,517,216,250,86.4,70,96,72.9,13,19,68.4,3,2.0,2.0,+1.0,25,14,7,0,21,Matches
Petar Musa,hr CRO,FW,Benfica,25,1998,5.8,89,121,73.6,1104,294,66,78,84.6,14,24,58.3,4,10,40.0,2,1.2,0.5,+0.8,5,2,4,0,11,Matches
Zach Muscat,mt MLT,DF,Farense,29,1993,18.7,675,797,84.7,15518,5099,119,131,90.8,430,470,91.5,124,186,66.7,0,0.1,0.1,-0.1,1,34,0,0,25,Matches
Almoatasem Al Musrati,ly LBY,MF,Braga,27,1996,8.9,541,638,84.8,11382,3355,184,210,87.6,248,275,90.2,101,136,74.3,0,0.3,1.1,-0.3,5,79,6,1,77,Matches
Steve Mvoué,cm CMR,MF,Portimonense,21,2002,0.8,12,21,57.1,203,72,6,7,85.7,5,8,62.5,1,5,20.0,0,0.2,0.0,-0.2,2,3,0,0,2,Matches
Kosuke Nakamura,jp JPN,GK,Portimonense,28,1995,20.0,383,570,67.2,11507,8762,58,58,100.0,192,196,98.0,131,311,42.1,0,0.0,0.0,0.0,0,8,0,0,0,Matches
Nuno Namora,pt POR,"DF,MF",Rio Ave,25,1998,0.3,27,36,75.0,465,230,8,10,80.0,19,22,86.4,0,2,0.0,0,0.0,0.0,0.0,0,9,0,0,8,Matches
Davis Nascimento,br BRA,MF,Portimonense,20,2002,0.0,1,3,33.3,6,0,1,2,50.0,0,0,,0,1,0.0,0,0.0,0.0,0.0,0,0,0,0,0,Matches
Diogo Nascimento,pt POR,MF,Vizela,20,2002,24.0,1157,1316,87.9,18960,4638,594,644,92.2,412,453,90.9,104,138,75.4,1,0.8,1.3,+0.2,22,118,20,5,144,Matches
Nathan,br BRA,DF,Famalicão,21,2001,20.5,642,844,76.1,11310,3959,296,335,88.4,273,334,81.7,56,106,52.8,0,0.9,0.8,-0.9,12,31,10,4,47,Matches
Fran Navarro,es ESP,"FW,MF",Porto,25,1998,1.9,19,24,79.2,291,90,7,9,77.8,8,9,88.9,2,3,66.7,0,0.2,0.3,-0.2,2,3,2,2,3,Matches
Mor Ndiaye,sn SEN,MF,Estoril,22,2000,2.8,96,118,81.4,1688,378,41,49,83.7,49,55,89.1,5,12,41.7,0,0.0,0.2,0.0,0,5,0,0,6,Matches
Alioune Ndour,sn SEN,"FW,MF",Estrela,22,2001,1.9,35,55,63.6,526,74,20,33,60.6,12,15,80.0,2,5,40.0,1,0.6,0.3,+0.4,2,2,1,0,5,Matches
Cher Ndour,it ITA,MF,Braga,19,2004,2.3,100,115,87.0,1615,359,44,52,84.6,50,53,94.3,4,6,66.7,0,0.1,0.0,-0.1,1,6,1,0,11,Matches
Nelson,ao ANG,"DF,FW",Vitória,25,1998,4.5,127,170,74.7,1890,676,69,79,87.3,51,71,71.8,1,7,14.3,0,0.1,0.2,-0.1,2,9,9,1,21,Matches
David Neres,br BRA,FW,Benfica,26,1997,12.6,507,643,78.8,7098,1286,325,364,89.3,145,180,80.6,22,49,44.9,7,5.1,5.2,+1.9,31,35,17,7,50,Matches
Neto,br BRA,MF,Casa Pia,31,1991,25.0,960,1157,83.0,17319,5858,423,478,88.5,396,440,90.0,110,176,62.5,1,1.2,1.0,-0.2,18,139,9,1,122,Matches
Luís Neto,pt POR,DF,Sporting CP,35,1988,1.5,101,107,94.4,2068,694,35,36,97.2,46,48,95.8,16,17,94.1,0,0.0,0.1,0.0,0,25,2,0,13,Matches
Martim Neto,pt POR,MF,Gil Vicente FC,20,2003,20.7,756,905,83.5,12917,3712,352,408,86.3,312,346,90.2,71,96,74.0,2,1.1,1.9,+0.9,18,84,10,0,112,Matches
João Neves,pt POR,MF,Benfica,18,2004,25.7,1838,2076,88.5,31065,8622,930,1003,92.7,676,742,91.1,186,245,75.9,1,2.3,3.3,-1.3,25,177,23,7,171,Matches
Sikou Niakaté,ml MLI,DF,Braga,24,1999,16.5,804,966,83.2,15468,6352,263,291,90.4,452,478,94.6,76,167,45.5,0,0.3,1.1,-0.3,5,42,0,0,44,Matches
Miguel Nóbrega,pt POR,DF,Rio Ave,23,2000,18.0,824,1021,80.7,16092,5708,274,314,87.3,443,493,89.9,100,187,53.5,0,0.7,0.8,-0.7,4,64,9,6,67,Matches
Gonçalo Nogueira,pt POR,MF,Vitória,19,2003,0.1,1,1,100.0,37,26,0,0,,0,0,,1,1,100.0,0,0.0,0.0,0.0,0,1,0,0,1,Matches
Ygor Nogueira,br BRA,DF,Chaves,28,1995,18.4,641,770,83.2,12029,4948,238,266,89.5,319,364,87.6,72,118,61.0,0,0.5,0.1,-0.5,1,36,0,0,36,Matches
Nonoca,br BRA,MF,Portimonense,25,1998,21.3,570,667,85.5,9669,2358,244,273,89.4,274,303,90.4,36,56,64.3,1,1.2,1.0,-0.2,10,28,2,2,35,Matches

João Nunes,pt POR,DF,Casa Pia,27,1995,14.7,617,744,82.9,11509,4187,230,251,91.6,322,357,90.2,59,119,49.6,0,0.3,0.8,-0.3,5,45,2,2,44,Matches
Kelechi Nwakali,ng NGA,MF,Chaves,25,1998,23.0,944,1188,79.5,20372,5789,318,348,91.4,408,464,87.9,200,331,60.4,4,4.3,3.5,-0.3,49,135,12,2,151,Matches
Régis N’Do,bf BFA,"FW,MF",Estrela,22,2001,11.0,252,363,69.4,4074,876,124,165,75.2,98,131,74.8,17,34,50.0,1,1.1,1.9,-0.1,15,20,13,4,38,Matches
Tashan Oakley-Boothe,eng ENG,"MF,DF",Estrela,23,2000,0.6,27,31,87.1,412,88,12,15,80.0,13,13,100.0,1,2,50.0,0,0.1,0.1,-0.1,2,0,2,0,3,Matches
Lawrence Ofori,gh GHA,MF,Moreirense,25,1998,27.3,1227,1360,90.2,21688,6287,546,572,95.5,541,581,93.1,120,167,71.9,1,1.2,1.1,-0.2,17,125,14,3,153,Matches
Hugo Oliveira,pt POR,"DF,MF",Vizela,21,2002,5.5,205,274,74.8,3414,1018,106,119,89.1,74,96,77.1,22,39,56.4,3,0.9,0.9,+2.1,8,11,6,5,15,Matches
Mattheus Oliveira,br BRA,MF,Farense,29,1994,24.8,789,1025,77.0,15020,4637,299,340,87.9,365,436,83.7,107,195,54.9,1,5.0,2.7,-4.0,35,77,19,8,115,Matches
Nélson Oliveira,pt POR,FW,Vitória,31,1991,6.7,112,145,77.2,1545,295,64,73,87.7,31,42,73.8,8,10,80.0,2,0.7,0.3,+1.3,7,5,4,0,17,Matches
Paulo Oliveira,pt POR,DF,Braga,31,1992,18.6,976,1148,85.0,20089,7421,265,287,92.3,582,628,92.7,121,212,57.1,2,0.3,0.7,+1.7,4,59,2,0,55,Matches
Talys Oliveira,br BRA,DF,Farense,24,1999,10.9,273,463,59.0,5501,2347,116,145,80.0,101,161,62.7,50,142,35.2,0,0.8,1.1,-0.8,12,20,12,12,20,Matches
Joneston Omurwa,ke KEN,DF,Estrela,24,1998,12.7,523,634,82.5,10314,4071,176,212,83.0,280,311,90.0,62,100,62.0,0,0.0,0.1,0.0,2,26,1,0,36,Matches
Bruno Onyemaechi,ng NGA,"DF,MF",Boavista,24,1999,21.9,739,1049,70.4,12349,4615,369,431,85.6,293,390,75.1,60,160,37.5,1,2.2,1.6,-1.2,20,48,12,10,52,Matches
Jerome Opoku,gh GHA,DF,Arouca,24,1998,1.5,37,48,77.1,705,207,15,16,93.8,16,16,100.0,5,10,50.0,0,0.0,0.0,0.0,0,0,0,0,1,Matches
Pedro Ortiz,es ESP,MF,Vizela,22,2000,10.2,430,503,85.5,7438,2438,188,207,90.8,198,220,90.0,36,49,73.5,0,0.2,0.2,-0.2,2,47,0,0,46,Matches
Nicolás Otamendi,ar ARG,DF,Benfica,35,1988,30.6,1692,1891,89.5,32743,12502,591,633,93.4,888,945,94.0,189,255,74.1,1,1.4,1.3,-0.4,12,140,3,0,139,Matches
Otávio,pt POR,"MF,FW",Porto,28,1995,1.0,38,54,70.4,668,166,17,25,68.0,16,20,80.0,5,9,55.6,0,0.1,0.0,-0.1,2,2,1,0,4,Matches
João Othavio Basso,br BRA,DF,Estoril,26,1997,13.4,605,737,82.1,11850,4648,231,259,89.2,294,332,88.6,75,128,58.6,0,0.0,0.1,0.0,0,66,1,0,53,Matches
Amine Oudrhiri,ma MAR,MF,Rio Ave,30,1992,24.7,1063,1210,87.9,19666,4737,435,484,89.9,496,535,92.7,116,151,76.8,0,0.5,0.5,-0.5,11,82,7,0,108,Matches
Pablo,br BRA,"FW,MF",Famalicão,19,2004,2.2,36,45,80.0,481,141,26,29,89.7,7,9,77.8,2,3,66.7,0,0.2,0.3,-0.2,3,2,2,1,3,Matches
Lucas Paes,br BRA,GK,Casa Pia,25,1997,3.0,82,102,80.4,2036,1611,18,19,94.7,46,47,97.9,17,35,48.6,0,0.0,0.0,0.0,0,2,0,0,0,Matches
Renato Pantalon,hr CRO,DF,Rio Ave,25,1997,14.9,650,778,83.5,12586,3879,220,253,87.0,345,369,93.5,74,129,57.4,0,0.1,0.1,-0.1,1,48,1,1,43,Matches
Raúl Parra,es ESP,DF,Estoril,23,1999,6.3,375,449,83.5,7276,2237,133,145,91.7,183,204,89.7,50,82,61.0,0,0.2,0.3,-0.2,6,17,3,0,24,Matches
David Pastor,br BRA,DF,Farense,23,2000,27.5,928,1222,75.9,15989,7048,426,480,88.8,412,495,83.2,75,169,44.4,2,1.8,1.3,+0.2,18,63,17,4,89,Matches
Patrick,br BRA,DF,Rio Ave,26,1997,12.4,585,707,82.7,11024,4303,232,254,91.3,273,308,88.6,73,124,58.9,0,0.5,0.5,-0.5,3,27,3,2,30,Matches
Paulinho,pt POR,"FW,MF",Portimonense,23,1999,1.9,21,34,61.8,254,54,11,15,73.3,7,13,53.8,0,0,,0,0.0,0.0,0.0,0,0,0,0,0,Matches

Paulinho,pt POR,"FW,MF",Sporting CP,30,1992,14.5,293,396,74.0,4253,1319,171,203,84.2,92,121,76.0,19,30,63.3,5,2.8,2.9,+2.2,24,35,17,3,53,Matches
Ivan Pavlic,be BEL,MF,Estoril,21,2001,2.0,39,60,65.0,577,168,19,26,73.1,15,16,93.8,2,10,20.0,0,0.1,0.1,-0.1,2,5,1,0,6,Matches
Pedrão,br BRA,DF,Portimonense,26,1997,29.3,1146,1484,77.2,24163,10137,365,404,90.3,591,676,87.4,177,357,49.6,1,0.6,0.5,+0.4,10,107,6,1,112,Matches
Zé Pedro Figueiredo,pt POR,DF,Porto,26,1997,10.3,685,769,89.1,14400,4992,188,204,92.2,396,420,94.3,96,129,74.4,0,0.8,0.5,-0.8,2,75,3,2,67,Matches
João Pedro,pt POR,MF,Chaves,30,1993,4.5,146,202,72.3,2458,825,73,86,84.9,58,77,75.3,11,25,44.0,0,0.1,0.1,-0.1,2,20,1,0,17,Matches
Pepe,pt POR,DF,Porto,40,1983,20.9,1434,1615,88.8,28548,11186,492,523,94.1,751,802,93.6,181,265,68.3,1,0.5,0.8,+0.5,12,174,8,0,138,Matches
Pepê,br BRA,"MF,DF",Porto,26,1997,31.7,1076,1381,77.9,17272,4566,557,663,84.0,410,486,84.4,78,122,63.9,6,5.2,6.1,+0.8,46,115,57,7,192,Matches
André Pereira,pt POR,FW,Rio Ave,28,1995,6.5,115,166,69.3,1580,386,71,95,74.7,29,39,74.4,7,12,58.3,0,0.2,0.6,-0.2,5,15,2,1,14,Matches
Gabriel Pereira,br BRA,DF,Gil Vicente FC,23,2000,30.9,1581,1856,85.2,32904,11509,405,446,90.8,959,1028,93.3,197,338,58.3,0,0.5,0.7,-0.5,4,72,4,1,79,Matches
Hildeberto Pereira,pt POR,FW,Portimonense,27,1996,9.4,146,204,71.6,2324,383,66,87,75.9,56,70,80.0,14,20,70.0,2,0.6,0.6,+1.4,10,7,5,1,14,Matches
Matheus Pereira,br BRA,"DF,FW",Vizela,22,2000,23.3,786,1113,70.6,12479,5063,459,523,87.8,246,340,72.4,63,172,36.6,2,2.6,1.6,-0.6,24,56,25,14,77,Matches
Sebastián Pérez Cardona,co COL,MF,Boavista,30,1993,24.3,1243,1462,85.0,23353,6903,493,539,91.5,575,641,89.7,152,225,67.6,0,0.3,1.0,-0.3,11,99,10,1,114,Matches
Sava Petrov,rs SRB,"FW,MF",Vizela,25,1998,5.7,70,101,69.3,742,145,47,56,83.9,13,26,50.0,0,2,0.0,0,0.1,0.1,-0.1,3,4,1,0,8,Matches
Thibang Phete,za RSA,"DF,MF",Chaves,29,1994,4.9,157,174,90.2,2974,753,56,60,93.3,78,83,94.0,19,25,76.0,0,0.0,0.0,0.0,2,9,0,0,8,Matches
Wagner Pina,cv CPV,"MF,DF",Estoril,20,2002,12.2,330,449,73.5,4955,1461,181,213,85.0,125,163,76.7,14,37,37.8,0,0.3,0.4,-0.3,3,14,6,2,24,Matches
Pedro Pinho,pt POR,MF,Chaves,23,2000,2.8,89,123,72.4,1522,444,42,52,80.8,31,42,73.8,13,20,65.0,0,0.0,0.0,0.0,0,7,0,0,9,Matches
Rodrigo Pinho,br BRA,FW,Estrela,32,1991,3.5,38,51,74.5,685,219,15,18,83.3,17,21,81.0,5,9,55.6,1,0.8,0.5,+0.2,6,4,2,0,9,Matches
Alexandre Pinto,pt POR,DF,Gil Vicente FC,25,1998,11.8,448,616,72.7,7744,2715,193,219,88.1,204,270,75.6,38,93,40.9,0,0.5,0.8,-0.5,6,31,10,5,33,Matches
Dinis Pinto,pt POR,DF,Moreirense,22,2000,10.4,323,437,73.9,5111,2236,176,205,85.9,116,148,78.4,26,65,40.0,2,0.4,0.2,+1.6,5,11,5,2,30,Matches
Diogo Pinto,pt POR,MF,Casa Pia,24,1999,0.1,3,5,60.0,32,16,2,2,100.0,1,1,100.0,0,1,0.0,0,0.0,0.0,0.0,0,1,0,0,1,Matches
Diogo Pinto,pt POR,GK,Sporting CP,19,2004,1.9,39,43,90.7,1002,832,12,13,92.3,19,19,100.0,8,11,72.7,0,0.0,0.0,0.0,0,1,0,0,0,Matches
Gonçalo Pinto,pt POR,GK,Chaves,23,2000,1.0,13,27,48.1,668,628,1,1,100.0,1,1,100.0,11,25,44.0,0,0.0,0.0,0.0,0,2,0,0,0,Matches
Junior Pius,ng NGA,DF,Chaves,27,1995,12.8,380,541,70.2,7211,3509,163,209,78.0,164,206,79.6,49,104,47.1,0,0.6,0.3,-0.6,6,36,2,2,37,Matches
Pizzi,pt POR,"MF,FW",Braga,33,1989,10.7,560,648,86.4,8820,2309,292,318,91.8,193,220,87.7,50,67,74.6,3,2.2,2.1,+0.8,25,44,21,3,89,Matches
Carlos Ponck,cv CPV,DF,Moreirense,28,1995,11.5,675,752,89.8,12948,4670,221,234,94.4,398,419,95.0,50,86,58.1,0,0.3,0.1,-0.3,1,28,0,0,27,Matches

Cristian Ponde,pt POR,"MF,FW",Farense,28,1995,2.5,62,87,71.3,991,251,33,40,82.5,25,36,69.4,2,5,40.0,1,0.3,0.2,+0.7,5,3,2,1,10,Matches
Rafael Pontelo,br BRA,DF,Sporting CP,20,2003,0.0,2,3,66.7,55,9,0,0,,1,1,100.0,1,2,50.0,0,0.0,0.0,0.0,0,0,0,0,0,Matches
Gianluca Prestianni,ar ARG,MF,Benfica,17,2006,0.0,0,0,,0,0,0,0,,0,0,,0,0,,0,0.0,0.0,0.0,0,0,0,0,0,Matches
Miguel Puche García,es ESP,"FW,MF",Arouca,22,2001,3.4,73,101,72.3,1053,165,38,43,88.4,26,38,68.4,4,9,44.4,0,0.6,0.2,-0.6,10,3,3,0,8,Matches
Quaresma,br BRA,DF,Arouca,26,1996,3.3,143,180,79.4,2371,805,69,78,88.5,60,70,85.7,11,20,55.0,1,0.6,0.2,+0.4,3,11,4,2,15,Matches
Eduardo Quaresma,pt POR,DF,Sporting CP,21,2002,10.7,639,693,92.2,10937,3416,275,292,94.2,309,326,94.8,47,60,78.3,0,0.6,0.3,-0.6,2,55,0,0,53,Matches
João Queirós,pt POR,DF,Chaves,25,1998,2.6,74,102,72.5,1651,827,17,21,81.0,41,49,83.7,15,27,55.6,0,0.0,0.0,0.0,0,9,0,0,8,Matches
Domingos Quina,pt POR,"FW,MF",Vizela,23,1999,8.1,224,278,80.6,3476,958,117,129,90.7,88,104,84.6,13,26,50.0,3,1.4,0.7,+1.6,8,20,3,1,34,Matches
Cláudio Ramos,pt POR,GK,Porto,31,1991,1.3,48,56,85.7,1321,934,7,7,100.0,26,26,100.0,15,23,65.2,0,0.1,0.0,-0.1,1,2,0,0,1,Matches
Osama Rashid,iq IRQ,"MF,FW",Vizela,31,1992,0.3,25,29,86.2,479,197,9,10,90.0,10,13,76.9,5,5,100.0,0,0.0,0.2,0.0,1,3,2,1,3,Matches
Miguel Rebelo,pt POR,MF,Moreirense,19,2003,0.0,0,0,,0,0,0,0,,0,0,,0,0,,0,0.0,0.0,0.0,0,0,0,0,0,Matches
João Rêgo,pt POR,MF,Benfica,18,2005,0.1,1,1,100.0,7,0,1,1,100.0,0,0,,0,0,,0,0.0,0.0,0.0,0,0,0,0,0,Matches
João Reis,pt POR,"DF,MF",Estrela,31,1992,16.1,616,835,73.8,10747,4279,299,347,86.2,250,327,76.5,60,112,53.6,0,0.2,0.5,-0.2,4,56,9,2,66,Matches
Matheus Reis,br BRA,"DF,MF",Sporting CP,28,1995,15.8,966,1141,84.7,14898,4899,548,582,94.2,356,424,84.0,49,103,47.6,4,2.0,2.4,+2.0,15,137,19,8,119,Matches
Miguel Reisinho,pt POR,MF,Boavista,24,1999,23.3,642,811,79.2,10330,2559,347,412,84.2,199,239,83.3,66,91,72.5,2,1.3,1.1,+0.7,18,65,9,0,55,Matches
Filipe Relvas,pt POR,DF,Portimonense,23,1999,31.1,1226,1555,78.8,23706,9059,435,506,86.0,630,737,85.5,138,266,51.9,3,1.4,0.8,+1.6,16,75,12,5,85,Matches
Rúben Tiago Rodrigues Ribeiro,pt POR,"FW,MF",Chaves,35,1987,18.7,651,791,82.3,10645,2195,333,371,89.8,230,262,87.8,62,93,66.7,1,1.7,1.8,-0.7,26,42,12,5,56,Matches
Tomás Ribeiro,pt POR,DF,Vitória,24,1999,27.0,901,1167,77.2,17568,6847,305,349,87.4,481,571,84.2,102,208,49.0,1,0.4,0.3,+0.6,5,67,5,2,102,Matches
Riccieli,br BRA,DF,Famalicão,24,1998,19.7,853,1016,84.0,19017,6121,178,213,83.6,519,565,91.9,150,213,70.4,1,0.6,0.1,+0.4,4,28,0,0,32,Matches
Rildo,br BRA,"FW,MF",Portimonense,23,2000,5.7,71,100,71.0,1106,278,41,48,85.4,22,32,68.8,6,13,46.2,1,0.7,0.4,+0.3,3,6,2,0,9,Matches
Mihailo Ristić,rs SRB,DF,Benfica,27,1995,0.0,10,13,76.9,160,78,7,8,87.5,2,3,66.7,1,2,50.0,0,0.1,0.2,-0.1,3,0,2,1,2,Matches
Pablo Roberto,br BRA,"MF,FW",Casa Pia,23,1999,18.5,518,681,76.1,9212,2697,251,310,81.0,178,219,81.3,71,102,69.6,6,3.0,2.9,+3.0,24,74,23,3,99,Matches
Matí­as Rocha,uy URU,DF,Arouca,22,2001,6.2,331,370,89.5,6760,1871,97,104,93.3,199,208,95.7,34,53,64.2,0,0.0,0.0,0.0,0,15,0,0,15,Matches
Afonso Rodrigues,pt POR,"FW,MF",Famalicão,20,2002,2.6,23,41,56.1,269,73,14,16,87.5,6,14,42.9,0,5,0.0,0,0.1,0.0,-0.1,2,2,0,0,3,Matches
Bruno Rodrigues,pt POR,DF,Chaves,22,2001,15.0,476,587,81.1,9729,3566,152,165,92.1,258,289,89.3,60,106,56.6,0,0.0,0.1,0.0,0,26,0,0,33,Matches

Gonçalo Rodrigues,pt POR,MF,Rio Ave,26,1997,13.7,488,613,79.6,8539,1978,235,267,88.0,192,234,82.1,56,93,60.2,0,1.3,1.3,-1.3,18,49,6,0,71,Matches
Benjamín Rollheiser,ar ARG,FW,Benfica,23,2000,1.7,115,138,83.3,1613,358,70,72,97.2,29,36,80.6,8,17,47.1,0,0.2,0.7,-0.2,2,3,2,1,12,Matches
Ronald,br BRA,"MF,FW",Estrela,22,2001,14.7,228,340,67.1,3749,1031,118,147,80.3,81,109,74.3,20,49,40.8,2,2.8,2.0,-0.8,18,23,14,6,33,Matches
Igor Rossi Branco,br BRA,DF,Farense,34,1989,11.3,352,438,80.4,7641,2779,83,95,87.4,214,229,93.4,54,104,51.9,0,0.5,0.1,-0.5,1,16,1,0,16,Matches
Francesco Ruberto,ch SUI,GK,Vizela,30,1993,6.3,150,241,62.2,4206,3631,35,35,100.0,57,63,90.5,57,140,40.7,0,0.0,0.0,0.0,0,3,0,0,1,Matches
Abel Ruiz,es ESP,"FW,MF",Braga,23,2000,21.1,360,446,80.7,4936,672,208,235,88.5,116,134,86.6,12,16,75.0,2,1.5,1.6,+0.5,24,16,5,1,35,Matches
Leonardo Ruíz,co COL,FW,Rio Ave,27,1996,8.3,158,216,73.1,2396,426,82,104,78.8,42,57,73.7,18,22,81.8,0,0.1,0.3,-0.1,2,9,2,1,10,Matches
Gustavo sá,pt POR,MF,Famalicão,18,2004,20.4,480,653,73.5,9504,2776,185,238,77.7,197,242,81.4,86,126,68.3,5,3.1,3.2,+1.9,28,70,18,5,84,Matches
Helder Sá,pt POR,"DF,MF",Rio Ave,20,2002,0.5,15,21,71.4,242,131,9,11,81.8,5,6,83.3,1,2,50.0,1,0.1,0.1,+0.9,2,1,0,0,2,Matches
Josué Sá,pt POR,DF,Rio Ave,31,1992,21.8,1014,1189,85.3,18885,6816,398,430,92.6,507,564,89.9,102,170,60.0,1,1.1,1.1,-0.1,8,81,8,4,83,Matches
Pedro Sá,pt POR,MF,Estrela,29,1993,7.2,238,336,70.8,4629,1509,106,130,81.5,95,127,74.8,35,60,58.3,0,0.3,0.5,-0.3,7,25,1,0,35,Matches
Serdar Saatçı,tr TUR,DF,Braga,20,2003,16.6,952,1081,88.1,18124,6845,323,354,91.2,541,569,95.1,81,141,57.4,2,0.4,0.2,+1.6,6,50,1,0,48,Matches
Safira,br BRA,FW,Vitória,28,1995,1.6,31,48,64.6,425,83,20,28,71.4,6,12,50.0,2,3,66.7,0,0.7,0.7,-0.7,2,2,1,0,4,Matches
Dylan Saint-Louis,cg CGO,"FW,MF",Vizela,28,1995,2.9,71,108,65.7,1070,476,41,52,78.8,18,31,58.1,6,13,46.2,0,0.3,0.3,-0.3,7,5,7,4,15,Matches
Samu,pt POR,MF,Vizela,27,1996,30.7,1201,1584,75.8,20249,7851,583,671,86.9,442,548,80.7,125,252,49.6,2,4.1,5.8,-2.1,58,159,36,6,215,Matches
Leandro Sanca,gw GNB,"FW,MF",Chaves,23,2000,16.3,285,415,68.7,4619,1001,144,172,83.7,105,157,66.9,26,46,56.5,3,2.7,2.4,+0.3,24,24,14,9,38,Matches
Aderlan Santos,br BRA,DF,Rio Ave,34,1989,31.6,1541,1812,85.0,30013,11650,459,507,90.5,943,1011,93.3,128,248,51.6,0,0.7,0.2,-0.7,9,51,0,0,71,Matches
Hevertton Santos,br BRA,"DF,MF",Estrela,22,2001,21.9,800,1137,70.4,14854,7426,362,439,82.5,329,418,78.7,100,219,45.7,1,3.1,2.5,-2.1,31,76,17,6,90,Matches
Luís Santos,pt POR,"DF,FW",Boavista,23,2000,7.6,244,324,75.3,3646,1023,151,174,86.8,71,101,70.3,13,27,48.1,1,0.9,0.8,+0.1,7,11,10,8,19,Matches
Nuno Santos,pt POR,"FW,MF",Vitória,24,1999,10.7,375,505,74.3,6060,2004,201,237,84.8,122,169,72.2,38,67,56.7,4,2.7,2.0,+1.3,24,51,20,5,72,Matches
Nuno Santos,pt POR,"MF,DF",Sporting CP,28,1995,22.9,1145,1478,77.5,19711,5396,575,638,90.1,446,555,80.4,110,196,56.1,10,6.8,6.8,+3.2,61,62,61,22,125,Matches
Pedro Santos,pt POR,MF,Arouca,22,2000,16.1,962,1076,89.4,17016,4962,432,463,93.3,413,448,92.2,102,132,77.3,0,0.9,1.2,-0.9,14,115,8,1,124,Matches
Zaidu Sanusi,ng NGA,DF,Porto,26,1997,3.2,142,201,70.6,2466,720,64,75,85.3,66,89,74.2,11,26,42.3,0,0.2,0.2,-0.2,5,9,3,2,7,Matches
Vincent Sasso,fr FRA,DF,Boavista,32,1991,14.2,564,640,88.1,10548,3761,180,192,93.8,331,356,93.0,43,68,63.2,0,0.8,1.2,-0.8,6,16,1,1,21,Matches
Savio,br BRA,"DF,MF",Rio Ave,28,1995,2.8,199,258,77.1,3616,1143,73,83,88.0,102,124,82.3,21,45,46.7,1,0.9,1.3,+0.1,6,20,2,2,25,Matches

Caio Secco,br BRA,GK,Moreirense,32,1990,4.0,83,117,70.9,2281,1714,16,16,100.0,45,45,100.0,22,55,40.0,1,0.0,0.0,+1.0,1,1,1,0,0,Matches
Moustapha Seck,sn SEN,"DF,MF",Portimonense,27,1996,9.8,266,397,67.0,4761,1783,118,143,82.5,109,157,69.4,31,73,42.5,0,0.3,0.6,-0.3,6,18,6,5,19,Matches
Telasco Segovia,ve VEN,MF,Casa Pia,20,2003,8.3,285,343,83.1,4644,1197,149,171,87.1,104,117,88.9,26,37,70.3,1,0.4,0.6,+0.6,6,31,4,1,30,Matches
Artur Serobyan,am ARM,MF,Casa Pia,20,2003,0.7,8,14,57.1,117,2,5,8,62.5,3,4,75.0,0,0,,0,0.0,0.0,0.0,0,0,0,0,1,Matches
André Seruca,pt POR,MF,Farense,22,2000,0.4,14,24,58.3,243,79,4,8,50.0,9,12,75.0,1,3,33.3,0,0.0,0.0,0.0,0,1,0,0,2,Matches
Nkanyiso Shinga,za RSA,"DF,MF",Estrela,23,2000,5.7,188,252,74.6,3492,1124,74,85,87.1,94,120,78.3,18,41,43.9,0,0.1,0.2,-0.1,1,8,3,1,17,Matches
Adrien Silva,pt POR,MF,Rio Ave,34,1989,3.8,168,221,76.0,3204,925,72,87,82.8,73,88,83.0,20,31,64.5,0,0.2,0.3,-0.2,6,17,3,0,27,Matches
André Silva,br BRA,FW,Vitória,26,1997,19.7,355,495,71.7,4705,1125,217,272,79.8,96,137,70.1,15,30,50.0,2,2.3,2.0,-0.3,22,39,11,3,56,Matches
António Silva,pt POR,DF,Benfica,19,2003,29.1,1620,1744,92.9,29464,11683,638,671,95.1,819,851,96.2,140,187,74.9,0,0.1,0.9,-0.1,2,146,8,0,134,Matches
Francisco Silva,pt POR,GK,Sporting CP,17,2005,0.1,2,2,100.0,45,45,0,0,,2,2,100.0,0,0,,0,0.0,0.0,0.0,0,0,0,0,0,Matches
Gonçalo Silva,pt POR,DF,Farense,32,1991,32.0,1095,1375,79.6,25259,9737,231,274,84.3,623,698,89.3,232,362,64.1,0,0.0,0.2,0.0,2,65,5,0,51,Matches
Joel silva,pt POR,MF,Boavista,20,2003,4.1,113,144,78.5,1785,472,59,70,84.3,45,51,88.2,5,14,35.7,0,0.2,0.2,-0.2,6,7,3,3,11,Matches
Jota Silva,pt POR,"FW,MF",Vitória,23,1999,30.9,425,716,59.4,6155,1655,247,327,75.5,135,222,60.8,24,64,37.5,5,4.1,3.1,+0.9,33,21,30,5,67,Matches
Felipe Silva Lipe,br BRA,DF,Gil Vicente FC,21,2002,3.0,155,181,85.6,2846,899,64,70,91.4,75,81,92.6,14,24,58.3,1,0.9,0.0,+0.1,2,3,0,0,8,Matches
Pedro Manuel da Silva Moreira,pt POR,MF,Arouca,34,1989,0.5,37,41,90.2,542,138,21,22,95.5,13,14,92.9,2,3,66.7,0,0.0,0.0,0.0,0,3,0,0,2,Matches
Rafa Silva,pt POR,"MF,FW",Benfica,30,1993,27.5,815,1013,80.5,11284,2884,503,577,87.2,240,274,87.6,35,55,63.6,12,10.6,8.3,+1.4,62,72,59,1,167,Matches
Tiago Silva,pt POR,MF,Vitória,30,1993,25.9,1170,1534,76.3,21920,8227,500,569,87.9,469,560,83.8,171,333,51.4,5,4.7,5.7,+0.3,65,175,39,8,204,Matches
Vinicius Silvestre,br BRA,GK,Portimonense,29,1994,14.0,310,461,67.2,9803,7511,31,31,100.0,157,163,96.3,121,265,45.7,0,0.0,0.0,0.0,0,5,1,0,0,Matches
David Simão,pt POR,MF,Arouca,33,1990,28.4,1543,1898,81.3,28569,9602,658,733,89.8,661,761,86.9,201,333,60.4,7,3.9,2.7,+3.1,39,191,15,4,218,Matches
André Simões,pt POR,FW,Gil Vicente FC,19,2003,0.2,12,12,100.0,202,40,6,6,100.0,3,3,100.0,2,2,100.0,0,0.0,0.0,0.0,0,0,0,0,1,Matches
Alexandre Miguel Barros Soares,pt POR,MF,Estoril,32,1991,2.8,60,84,71.4,998,348,29,37,78.4,21,26,80.8,7,11,63.6,0,0.1,0.2,-0.1,1,6,0,0,5,Matches
Filipe Soares,pt POR,MF,Famalicão,24,1999,1.9,60,78,76.9,1230,319,23,31,74.2,24,26,92.3,12,17,70.6,1,0.4,0.2,+0.6,3,9,4,2,12,Matches
Samuel Soares,pt POR,GK,Benfica,21,2002,5.0,112,138,81.2,2728,1926,24,24,100.0,58,60,96.7,29,53,54.7,0,0.0,0.0,0.0,0,1,0,0,0,Matches
Yuki Soma,jp JPN,"FW,MF",Casa Pia,26,1997,21.0,334,492,67.9,5816,1844,167,202,82.7,118,168,70.2,39,76,51.3,3,2.8,2.7,+0.2,26,28,15,12,29,Matches
Alberto Soro,es ESP,"FW,MF",Vizela,24,1999,10.0,238,315,75.6,3610,985,128,149,85.9,90,114,78.9,11,21,52.4,1,2.3,1.1,-1.3,14,19,9,4,45,Matches

Gonçalo Sousa,pt POR,FW,Porto,17,2006,0.1,6,7,85.7,109,35,3,3,100.0,2,2,100.0,1,2,50.0,0,0.0,0.0,0.0,0,1,1,0,2,Matches
Aloísio Souza Genézio,br BRA,MF,Estrela,27,1996,16.6,488,636,76.7,8827,2770,223,262,85.1,197,248,79.4,60,98,61.2,1,0.7,0.7,+0.3,11,50,9,0,75,Matches
Hugo Souza,br BRA,GK,Chaves,24,1999,26.0,509,806,63.2,17534,14245,61,61,100.0,198,206,96.1,249,537,46.4,0,0.1,0.0,-0.1,1,12,0,0,0,Matches
Jose Souza,pt POR,MF,Portimonense,22,2001,0.1,9,9,100.0,159,79,5,5,100.0,3,3,100.0,1,1,100.0,0,0.0,0.0,0.0,0,2,0,0,1,Matches
Diogo Spencer,pt POR,DF,Benfica,19,2004,0.0,2,2,100.0,19,3,2,2,100.0,0,0,,0,0,,0,0.0,0.0,0.0,0,0,0,0,0,Matches
Jerry St. Juste,nl NED,DF,Sporting CP,26,1996,6.0,384,410,93.7,6477,2218,180,185,97.3,168,178,94.4,30,38,78.9,0,0.1,0.1,-0.1,2,45,2,0,33,Matches
Harouna Sy,fr FRA,FW,Estoril,27,1996,0.1,8,10,80.0,134,49,4,4,100.0,3,3,100.0,1,1,100.0,0,0.0,0.0,0.0,0,0,1,1,0,Matches
Habib sylla,ci CIV,DF,Chaves,24,1999,4.5,119,180,66.1,2265,958,58,69,84.1,39,57,68.4,21,41,51.2,0,0.3,0.2,-0.3,4,9,5,5,5,Matches
Morlaye Sylla,gn GUI,"MF,FW",Arouca,25,1998,28.7,1024,1282,79.9,16528,4598,522,581,89.8,387,471,82.2,80,139,57.6,5,3.0,3.2,+2.0,43,114,26,2,145,Matches
Talocha,pt POR,DF,Farense,33,1989,22.9,739,1078,68.6,13533,5904,295,345,85.5,356,454,78.4,73,216,33.8,1,1.5,1.8,-0.5,19,78,12,9,82,Matches
Tamble,pt POR,FW,Portimonense,22,2000,4.0,47,66,71.2,610,42,26,36,72.2,14,19,73.7,1,1,100.0,0,0.1,0.1,-0.1,2,3,0,0,4,Matches
Mateo Tanlongo,ar ARG,MF,Rio Ave,19,2003,6.8,242,291,83.2,4595,1019,104,121,86.0,98,107,91.6,36,48,75.0,1,0.4,0.3,+0.6,6,10,5,2,13,Matches
Mehdi Taremi,ir IRN,"FW,MF",Porto,31,1992,16.4,328,431,76.1,4485,1048,195,233,83.7,105,131,80.2,10,18,55.6,4,2.7,2.7,+1.3,21,29,16,0,51,Matches
Heriberto Tavares,pt POR,"FW,MF",Estoril,26,1997,13.9,231,383,60.3,3812,1196,126,158,79.7,78,131,59.5,22,56,39.3,0,1.1,1.3,-1.1,10,15,14,4,37,Matches
Martim Tavares,pt POR,"FW,MF",Boavista,19,2003,6.0,68,87,78.2,992,182,37,41,90.2,22,25,88.0,4,10,40.0,2,0.3,0.2,+1.7,5,2,3,0,4,Matches
Ronaldo Tavares,pt POR,FW,Estrela,26,1997,12.8,120,241,49.8,1760,293,67,124,54.0,34,68,50.0,8,18,44.4,0,0.7,0.7,-0.7,15,10,7,1,13,Matches
Duplexe Tchamba,cm CMR,DF,Casa Pia,25,1998,13.9,478,612,78.1,9612,4386,168,183,91.8,232,277,83.8,73,134,54.5,1,0.1,0.3,+0.9,3,31,1,0,27,Matches
João Teixeira,pt POR,"MF,FW",Rio Ave,29,1994,8.0,272,372,73.1,4862,1399,115,134,85.8,112,128,87.5,29,58,50.0,2,0.9,0.8,+1.1,9,20,5,1,35,Matches
Casper Tengstedt,dk DEN,FW,Benfica,23,2000,7.4,86,130,66.2,1118,232,59,75,78.7,20,32,62.5,3,7,42.9,2,1.9,1.4,+0.1,12,2,3,1,9,Matches
Pedro Tiba,pt POR,MF,Gil Vicente FC,34,1988,16.6,668,851,78.5,12430,3526,272,313,86.9,310,372,83.3,76,125,60.8,2,1.7,2.1,+0.3,19,67,20,2,95,Matches
Mirko Topić,rs SRB,MF,Famalicão,22,2001,26.1,1050,1219,86.1,19752,4559,414,466,88.8,495,537,92.2,122,155,78.7,2,0.8,0.6,+1.2,18,89,4,0,113,Matches
Alfonso Trezza,uy URU,"FW,MF",Arouca,24,1999,9.3,177,266,66.5,2813,1002,91,115,79.1,66,93,71.0,13,31,41.9,0,0.6,0.6,-0.6,12,21,7,2,29,Matches
Francisco Trincão,pt POR,"FW,MF",Sporting CP,23,1999,18.9,580,695,83.5,8837,2432,314,346,90.8,216,253,85.4,33,62,53.2,6,5.0,5.5,+1.0,36,55,32,6,102,Matches
Anatolii Trubin,ua UKR,GK,Benfica,21,2001,28.0,609,719,84.7,13436,9909,170,171,99.4,331,336,98.5,107,207,51.7,0,0.0,0.0,0.0,0,4,0,0,0,Matches
Ukra,pt POR,"FW,MF",Rio Ave,35,1988,0.9,22,26,84.6,407,73,6,6,100.0,10,12,83.3,3,5,60.0,0,0.0,0.0,0.0,0,1,0,0,2,Matches

Iker Unzueta,es ESP,FW,Vizela,24,1998,0.3,9,15,60.0,150,45,3,6,50.0,6,9,66.7,0,0,,0,0.0,0.0,0.0,0,1,1,0,2,Matches
João Valido,pt POR,GK,Arouca,23,2000,1.0,38,39,97.4,855,584,7,7,100.0,24,24,100.0,7,8,87.5,0,0.0,0.0,0.0,0,1,0,0,0,Matches
Alan Varela,ar ARG,MF,Porto,22,2001,24.7,1534,1748,87.8,27447,7159,654,713,91.7,702,753,93.2,147,228,64.5,3,2.4,2.9,+0.6,29,176,25,3,179,Matches
Bruno Varela,cv CPV,GK,Vitória,28,1994,26.5,574,802,71.6,18142,14179,63,65,96.9,273,279,97.8,238,450,52.9,0,0.0,0.3,0.0,1,19,1,0,0,Matches
Fernando Varela,cv CPV,DF,Casa Pia,35,1987,23.0,680,841,80.9,12942,5122,265,291,91.1,336,382,88.0,73,150,48.7,1,0.3,0.7,+0.7,4,42,2,0,35,Matches
Gustavo Varela,pt POR,FW,Benfica,18,2005,0.2,2,2,100.0,45,0,0,0,,2,2,100.0,0,0,,0,0.0,0.0,0.0,0,0,0,0,0,Matches
Hélio Varela,cv CPV,"FW,MF",Portimonense,21,2002,30.5,580,769,75.4,8468,1783,354,411,86.1,164,214,76.6,37,66,56.1,3,3.5,3.0,-0.5,31,30,32,13,71,Matches
Nilton Varela,pt POR,"DF,MF",Estrela,22,2001,6.2,156,263,59.3,2858,1316,80,97,82.5,56,83,67.5,19,62,30.6,0,0.1,0.3,-0.1,4,11,6,5,14,Matches
Jhon Velásquez,co COL,"FW,MF",Farense,28,1995,0.3,9,10,90.0,95,34,6,6,100.0,2,3,66.7,0,0,,0,0.0,0.0,0.0,0,2,0,0,1,Matches
Ricardo Velho,pt POR,GK,Farense,24,1998,32.0,598,1055,56.7,20687,15742,66,66,100.0,250,253,98.8,280,728,38.5,0,0.1,0.3,-0.1,2,17,1,0,0,Matches
Bruno Ventura,pt POR,"FW,MF",Rio Ave,22,2001,5.8,116,159,73.0,1864,502,61,72,84.7,36,45,80.0,13,26,50.0,0,2.1,1.7,-2.1,13,8,3,1,12,Matches
João Victor,br BRA,DF,Benfica,25,1998,0.3,24,28,85.7,387,100,12,14,85.7,9,11,81.8,2,2,100.0,0,0.0,0.0,0.0,0,3,0,0,1,Matches
Paulo Victor,br BRA,"FW,MF",Chaves,22,2001,9.1,124,190,65.3,1626,322,80,109,73.4,33,47,70.2,4,9,44.4,1,0.8,1.0,+0.2,12,7,2,0,16,Matches
Kiko Vilas Boas,pt POR,DF,Gil Vicente FC,23,1999,6.3,210,322,65.2,3738,1417,92,112,82.1,91,136,66.9,24,51,47.1,0,0.6,0.2,-0.6,5,10,5,4,8,Matches
Mikel Villanueva,ve VEN,DF,Vitória,30,1993,5.1,201,255,78.8,3838,1631,72,82,87.8,105,117,89.7,21,45,46.7,0,0.0,0.1,0.0,0,19,1,0,23,Matches
Marcos Vinicios Sorriso,br BRA,"FW,MF",Famalicão,22,2001,9.5,194,281,69.0,3423,1193,82,101,81.2,73,98,74.5,28,51,54.9,2,1.0,1.4,+1.0,12,20,11,7,25,Matches
Bernardo Vital,pt POR,DF,Estoril,22,2000,28.3,1393,1588,87.7,27458,10947,454,494,91.9,763,817,93.4,163,244,66.8,0,0.2,0.3,-0.2,5,78,2,0,82,Matches
Vitinho,br BRA,"FW,MF",Arouca,23,2000,1.1,42,59,71.2,733,234,20,26,76.9,17,20,85.0,4,8,50.0,0,0.1,0.2,-0.1,3,9,0,0,8,Matches
Steven Vitória,ca CAN,DF,Chaves,36,1987,15.0,369,477,77.4,7657,3364,101,119,84.9,212,239,88.7,52,104,50.0,0,0.3,0.5,-0.3,4,19,0,0,19,Matches
Odisseas Vlachodimos,gr GRE,GK,Benfica,29,1994,1.0,16,20,80.0,421,357,2,2,100.0,10,10,100.0,4,8,50.0,0,0.0,0.0,0.0,0,0,0,0,0,Matches
Marious Vrousai,gr GRE,"MF,DF",Rio Ave,25,1998,7.4,220,299,73.6,3360,1459,135,154,87.7,66,94,70.2,14,33,42.4,0,0.5,0.4,-0.5,6,11,7,0,18,Matches
Ilija Vukotić,me MNE,MF,Boavista,24,1999,11.1,374,444,84.2,6939,1722,141,163,86.5,172,193,89.1,45,61,73.8,0,0.9,0.9,-0.9,5,43,10,2,47,Matches
Masaki Watai,jp JPN,"FW,MF",Boavista,24,1999,4.8,169,199,84.9,2681,577,90,100,90.0,63,70,90.0,11,16,68.8,0,0.0,0.2,0.0,2,15,3,2,25,Matches
Wendell,br BRA,DF,Porto,30,1993,23.3,1282,1550,82.7,21295,6752,599,661,90.6,582,665,87.5,82,151,54.3,2,2.1,3.8,-0.1,36,98,37,14,158,Matches
Weverson,br BRA,DF,Arouca,23,2000,22.2,913,1168,78.2,14903,4870,487,535,91.0,327,396,82.6,80,165,48.5,1,2.0,1.4,-1.0,19,61,15,11,67,Matches

Bruno Wilson,pt POR,DF,Vizela,26,1996,15.6,683,801,85.3,14729,6498,191,212,90.1,375,405,92.6,113,171,66.1,0,0.0,0.3,0.0,2,78,4,1,55,Matches
Roan Wilson,cr CRC,"MF,DF",Gil Vicente FC,21,2002,1.4,50,54,92.6,845,178,21,25,84.0,26,26,100.0,3,3,100.0,0,0.0,0.2,0.0,0,1,0,0,3,Matches
Frederik Winther,dk DEN,DF,Estoril,22,2001,1.3,65,74,87.8,1158,326,23,26,88.5,39,42,92.9,2,4,50.0,0,0.0,0.0,0.0,0,4,0,0,6,Matches
Abdul-Aziz Yakubu,gh GHA,FW,Rio Ave,24,1998,12.4,142,214,66.4,1879,311,90,117,76.9,39,58,67.2,5,14,35.7,2,0.9,0.8,+1.1,12,8,6,0,18,Matches
Moses Yaw,gh GHA,"DF,MF",Arouca,24,1999,0.8,38,49,77.6,691,340,16,17,94.1,15,20,75.0,5,8,62.5,0,0.0,0.0,0.0,0,4,1,1,2,Matches
Zaydou Youssouf,fr FRA,MF,Famalicão,24,1999,30.7,1154,1374,84.0,26552,8136,351,378,92.9,509,556,91.5,281,400,70.3,1,2.5,2.4,-1.5,33,140,33,13,146,Matches
Rodrigo Zalazar,uy URU,MF,Braga,23,1999,20.2,998,1228,81.3,19126,5211,424,477,88.9,394,448,87.9,154,238,64.7,6,6.4,6.4,-0.4,55,120,43,6,158,Matches
Vinícius Zanocelo,br BRA,MF,Estoril,22,2001,12.4,517,606,85.3,9381,2503,214,236,90.7,251,283,88.7,48,70,68.6,0,0.5,0.6,-0.5,9,42,2,0,43,Matches
Zinho,br BRA,"FW,MF",Portimonense,20,2003,1.6,27,42,64.3,404,91,15,21,71.4,9,13,69.2,2,2,100.0,0,0.4,0.6,-0.4,2,1,1,0,4,Matches
Ivan Zlobin,ru RUS,GK,Famalicão,26,1997,1.0,15,16,93.8,417,279,1,1,100.0,10,10,100.0,4,5,80.0,0,0.0,0.0,0.0,0,0,0,0,0,Matches
Nermin Zolotić,ba BIH,DF,Casa Pia,30,1993,29.7,1271,1455,87.4,24409,10485,465,499,93.2,671,725,92.6,127,204,62.3,0,0.3,0.4,-0.3,2,78,4,1,81,Matches
