club_id,club,matches_played,wins,draws,losses,goals_for,goals_against,goal_difference,points,points/match,attendance/game,top_team_scorer,goalkeeper,notes,league,season,rank,xg,xg_allowed,xg_difference,xg_difference/90
1,AEK Athens,26,17,8,1,60,25,35,59,2.27,,Ezequiel Ponce - 15,Cican Stankovic,CR,Super_League_Greece,2023_2024,2,,,,
1,AEK Athens,26,14,4,8,42,28,14,46,1.77,,Sergio Araujo - 12,Cican Stankovic,ECL,Super_League_Greece,2021_2022,3,,,,
1,AEK Athens,26,19,2,5,51,14,37,59,2.27,,Levi Garcia - 14,Giorgos Athanasiadis,CR,Super_League_Greece,2022_2023,2,,,,
2,AGF,32,14,9,9,42,31,11,51,1.59,21176.0,Patrick Mortensen - 16,Jesper Hansen,ECL,Danish_Superliga,2022_2023,3,,,,
2,AGF,22,6,8,8,24,29,-5,26,1.18,,Patrick Mortensen - 6,Jesper Hansen,RR,Danish_Superliga,2021_2022,8,,,,
2,AGF,32,11,11,10,42,46,-4,44,1.38,11136.0,Patrick Mortensen - 13,Bailey Peacock-Farrell,,Danish_Superliga,2023_2024,5,,,,
3,AO Kifisia,26,4,9,13,31,56,-25,21,0.81,,Ognjen Ožegović - 16,Alexandros Anagnostopoulos,RR,Super_League_Greece,2023_2024,11,,,,
4,AZ Alkmaar,34,20,7,7,68,35,33,67,1.97,16967.0,Vangelis Pavlidis - 12,Mathew Ryan,ECL,Eredivisie,2022_2023,4,55.4,38.8,16.6,0.49
4,AZ Alkmaar,34,18,7,9,64,44,20,61,1.79,11831.0,Vangelis Pavlidis - 16,Peter Vindahl Jensen,ECL,Eredivisie,2021_2022,5,57.7,42.0,15.8,0.46
4,AZ Alkmaar,34,19,8,7,70,39,31,65,1.91,18266.0,Vangelis Pavlidis - 29,Mathew Ryan,EL,Eredivisie,2023_2024,4,56.6,39.7,16.8,0.5
5,Aalborg,32,6,9,17,34,45,-11,27,0.84,11908.0,Allan Sousa - 8,Theo Sander,R,Danish_Superliga,2022_2023,12,,,,
5,Aalborg,22,11,5,6,36,26,10,38,1.73,,Louka Prip - 14,Jacob Rinne,CR,Danish_Superliga,2021_2022,4,,,,
6,Adana Demirspor,38,10,14,14,54,61,-7,44,1.16,3915.0,M'Baye Niang - 8,Shakhruddin Magomedaliyev,,Super_Lig,2023_2024,12,,,,
6,Adana Demirspor,38,15,10,13,60,47,13,55,1.45,,Mario Balotelli - 18,Arijanet Muric,,Super_Lig,2021_2022,9,,,,
6,Adana Demirspor,36,20,9,7,76,45,31,69,1.92,,Younès Belhanda - 12,Ertaç Özbir,ECL,Super_Lig,2022_2023,4,,,,
7,Admira,32,6,13,13,36,46,-10,31,0.97,1814.0,Roman Kerschbaum - 9,Andreas Leitner,R,Austrian_Bundesliga,2021_2022,12,,,,
8,Ajaccio,38,7,5,26,23,74,-51,26,0.68,7369.0,"Youcef Belaïli, Mounaim El Idrissy - 6",Benjamin Leroy,R,Ligue_1,2022_2023,18,36.1,53.9,-17.8,-0.47
9,Ajax,34,20,9,5,86,38,48,69,2.03,53582.0,Brian Brobbey - 13,Gerónimo Rulli,EL,Eredivisie,2022_2023,3,78.8,30.5,48.3,1.42
9,Ajax,34,26,5,3,98,19,79,83,2.44,31745.0,Sébastien Haller - 21,Remko Pasveer,CL,Eredivisie,2021_2022,1,94.3,28.8,65.5,1.93
9,Ajax,34,15,11,8,74,61,13,56,1.65,50568.0,Brian Brobbey - 18,Diant Ramaj,EL,Eredivisie,2023_2024,5,65.1,52.5,12.6,0.37
10,Alanyaspor,38,12,16,10,53,50,3,52,1.37,,Oğuz Aydın - 13,Ertuğrul Taşkıran,,Super_Lig,2023_2024,8,,,,
10,Alanyaspor,38,19,7,12,67,58,9,64,1.68,,Famara Diedhiou - 11,Serkan Kırıntılı,,Super_Lig,2021_2022,5,,,,
10,Alanyaspor,36,11,8,17,54,70,-16,41,1.14,,Koka - 10,Rúnar Alex Rúnarsson,,Super_Lig,2022_2023,15,,,,
11,Alavés,38,8,7,23,31,65,-34,31,0.82,10952.0,Joselu - 14,Fernando Pacheco,R,La_Liga,2021_2022,20,37.3,57.0,-19.7,-0.52
11,Alavés,38,12,10,16,36,46,-10,46,1.21,17391.0,Samu Omorodion - 8,Antonio Sivera,,La_Liga,2023_2024,10,46.2,44.7,1.5,0.04
12,Almere City,34,7,13,14,33,59,-26,34,1.0,4164.0,Thomas Robinet - 11,Nordin Bakker,,Eredivisie,2023_2024,13,34.7,55.9,-21.1,-0.62
13,Almería,38,11,8,19,49,65,-16,41,1.08,12961.0,El Bilal Touré - 7,Fernando,,La_Liga,2022_2023,17,45.5,62.5,-17.0,-0.45
13,Almería,38,3,12,23,43,75,-32,21,0.55,12893.0,Sergio Arribas - 9,Luís Maximiano,R,La_Liga,2023_2024,19,48.7,61.6,-12.9,-0.34
14,Altay,38,9,7,22,39,57,-18,34,0.89,,Daouda Bamba - 7,Mateusz Lis,R,Super_Lig,2021_2022,18,,,,
15,Anderlecht,30,18,9,3,58,30,28,63,2.1,19960.0,Anders Dreyer - 15,Kasper Schmeichel,EL,Belgian_Pro_League,2023_2024,3,47.8,36.6,11.1,0.37
15,Anderlecht,34,18,10,6,72,36,36,64,1.88,,Joshua Zirkzee - 15,Hendrik Van Crombrugge,PO,Belgian_Pro_League,2021_2022,3,73.9,37.0,37.0,1.09
15,Anderlecht,34,13,7,14,49,46,3,46,1.35,17491.0,Islam Slimani - 8,"Bart Verbruggen, Hendrik Van Crombrugge",,Belgian_Pro_League,2022_2023,11,44.1,43.5,0.6,0.02
16,Angers,38,4,6,28,33,81,-48,18,0.47,9630.0,Abdallah Sima - 5,Paul Bernardoni,R,Ligue_1,2022_2023,20,40.9,61.7,-20.8,-0.55
16,Angers,38,10,11,17,44,55,-11,41,1.08,7758.0,Sofiane Boufal - 8,Danijel Petković,,Ligue_1,2021_2022,14,46.5,50.0,-3.6,-0.09
17,Ankaragücü,38,8,16,14,46,52,-6,40,1.05,,Efkan Bekiroglu - 9,Bahadır Güngördü,R,Super_Lig,2023_2024,17,,,,
17,Ankaragücü,36,12,6,18,43,53,-10,42,1.17,,Ali Sowe - 12,Gökhan Akkan,,Super_Lig,2022_2023,11,,,,
18,Antalyaspor,38,12,13,13,44,49,-5,49,1.29,,Adam Buksa - 16,Helton Leite,,Super_Lig,2023_2024,10,,,,
18,Antalyaspor,38,16,11,11,54,47,7,59,1.55,,Haji Wright - 14,Ruud Boffin,,Super_Lig,2021_2022,7,,,,
18,Antalyaspor,36,11,8,17,46,55,-9,41,1.14,,Haji Wright - 15,Helton Leite,,Super_Lig,2022_2023,13,,,,
19,Antwerp,30,14,10,6,55,27,28,52,1.73,13801.0,Vincent Janssen - 10,Jean Butez,,Belgian_Pro_League,2023_2024,6,51.6,31.9,19.6,0.65
19,Antwerp,34,19,6,9,55,38,17,63,1.85,,Michael Frey - 22,Jean Butez,PO,Belgian_Pro_League,2021_2022,4,49.7,50.0,-0.3,-0.01
19,Antwerp,34,22,6,6,59,26,33,72,2.12,14087.0,Vincent Janssen - 16,Jean Butez,CL,Belgian_Pro_League,2022_2023,1,51.9,29.5,22.4,0.66
20,Apollon Smyrnis,26,2,7,17,9,47,-38,13,0.5,,Nikolaos Ioannidis - 5,Konstantinos Kotsaris,RR,Super_League_Greece,2021_2022,14,,,,
21,Arda,36,16,10,10,47,36,11,58,1.61,1675.0,"Svetoslav Kovachev, Lassana N'Diaye - 8",Anatoli Gospodinov,,Bulgarian_First_League,2022_2023,7,,,,
21,Arda,36,14,9,13,39,35,4,51,1.42,807.0,Tonislav Yordanov - 7,Anatoli Gospodinov,,Bulgarian_First_League,2023_2024,8,,,,
21,Arda,26,7,8,11,27,34,-7,29,1.12,,Tonislav Yordanov - 9,Ivan Karadzhov,ECL,Bulgarian_First_League,2021_2022,10,,,,
22,Aris,26,12,6,8,39,29,10,42,1.62,,Loren Morón - 20,Julián Cuesta,CR,Super_League_Greece,2023_2024,5,,,,
22,Aris,26,13,6,7,28,21,7,45,1.73,,Aboubakar Kamara - 8,Julián Cuesta,CR,Super_League_Greece,2021_2022,4,,,,
22,Aris,26,12,4,10,38,24,14,40,1.54,,Luis Enrique Palma - 11,Julián Cuesta,CR,Super_League_Greece,2022_2023,5,,,,
23,Arminia,34,5,13,16,27,53,-26,28,0.82,16773.0,Masaya Okugawa - 8,Stefan Ortega,R,Bundesliga,2021_2022,17,26.3,62.8,-36.6,-1.08
24,Arouca,34,13,7,14,54,50,4,46,1.35,1945.0,Rafa Mújica - 20,Ignacio De Arruabarrena,,Primeira_Liga,2023_2024,7,47.6,49.5,-1.9,-0.06
24,Arouca,34,7,10,17,30,54,-24,31,0.91,1410.0,André Silva - 9,Victor Braga,,Primeira_Liga,2021_2022,15,35.1,53.3,-18.1,-0.53
24,Arouca,34,15,9,10,36,37,-1,54,1.59,1836.0,Rafa Mújica - 8,Ignacio De Arruabarrena,ECL,Primeira_Liga,2022_2023,5,39.7,50.4,-10.8,-0.32
25,Arsenal,38,28,5,5,91,29,62,89,2.34,60236.0,Bukayo Saka - 16,David Raya,CL,Premier_League,2023_2024,2,76.1,27.9,48.2,1.27
25,Arsenal,38,26,6,6,88,43,45,84,2.21,60191.0,"Martin Ødegaard, Gabriel Martinelli - 15",Aaron Ramsdale,CL,Premier_League,2022_2023,2,71.6,42.0,29.6,0.78
25,Arsenal,38,22,3,13,61,48,13,69,1.82,59665.0,Bukayo Saka - 11,Aaron Ramsdale,EL,Premier_League,2021_2022,5,60.5,45.7,14.9,0.39
26,Asteras Tripoli,26,9,4,13,36,46,-10,31,1.19,,Juan Miritello - 13,Nikos Papadopoulos,RR,Super_League_Greece,2023_2024,7,,,,
26,Asteras Tripoli,26,10,5,11,27,29,-2,35,1.35,,Adrián Riera - 7,Antonis Tsiftsis,RR,Super_League_Greece,2021_2022,8,,,,
26,Asteras Tripoli,26,4,13,9,19,30,-11,25,0.96,,"Léo Tilica, Xesc Regis - 3",Nikos Papadopoulos,RR,Super_League_Greece,2022_2023,10,,,,
27,Aston Villa,38,20,8,10,76,61,15,68,1.79,41858.0,Ollie Watkins - 19,Emiliano Martínez,CL,Premier_League,2023_2024,4,63.3,59.9,3.4,0.09
27,Aston Villa,38,18,7,13,51,46,5,61,1.61,41679.0,Ollie Watkins - 15,Emiliano Martínez,ECL,Premier_League,2022_2023,7,50.3,52.5,-2.2,-0.06
27,Aston Villa,38,13,6,19,52,54,-2,45,1.18,41681.0,Ollie Watkins - 11,Emiliano Martínez,,Premier_League,2021_2022,14,44.0,49.0,-4.9,-0.13
28,Atalanta,38,19,7,12,66,48,18,64,1.68,18241.0,Ademola Lookman - 13,Juan Musso,EL,Serie_A,2022_2023,5,57.7,41.4,16.3,0.43
28,Atalanta,38,21,6,11,72,42,30,69,1.82,14725.0,"Gianluca Scamacca, Teun Koopmeiners - 12",Marco Carnesecchi,CL,Serie_A,2023_2024,4,57.8,41.1,16.7,0.44
28,Atalanta,38,16,11,11,65,48,17,59,1.55,10447.0,Mario Pašalić - 13,Juan Musso,,Serie_A,2021_2022,8,62.4,45.3,17.2,0.45
29,Athletic Club,38,14,13,11,43,36,7,55,1.45,32949.0,Iñaki Williams - 8,Unai Simón,,La_Liga,2021_2022,8,49.6,38.4,11.3,0.3
29,Athletic Club,38,14,9,15,47,43,4,51,1.34,43488.0,"Iñaki Williams, Oihan Sancet - 10",Unai Simón,,La_Liga,2022_2023,8,54.2,36.9,17.3,0.46
29,Athletic Club,38,19,11,8,61,37,24,68,1.79,46112.0,Gorka Guruzeta - 14,Unai Simón,EL,La_Liga,2023_2024,5,52.7,41.3,11.4,0.3
30,Atlético Madrid,38,21,8,9,65,43,22,71,1.87,48039.0,Ángel Correa - 12,Jan Oblak,CL,La_Liga,2021_2022,3,54.4,33.4,21.1,0.56
30,Atlético Madrid,38,23,8,7,70,33,37,77,2.03,55800.0,Antoine Griezmann - 15,Jan Oblak,CL,La_Liga,2022_2023,3,61.9,41.1,20.8,0.55
30,Atlético Madrid,38,24,4,10,70,43,27,76,2.0,59121.0,Antoine Griezmann - 16,Jan Oblak,CL,La_Liga,2023_2024,4,62.4,39.5,23.0,0.6
31,Atromitos,26,6,10,10,29,44,-15,28,1.08,,Karol Angielski - 9,Panagiotis Tsintotas,RR,Super_League_Greece,2023_2024,8,,,,
31,Atromitos,26,6,5,15,27,47,-20,23,0.88,,Efthimis Koulouris - 14,Andreas Gianniotis,RR,Super_League_Greece,2021_2022,12,,,,
31,Atromitos,26,7,8,11,25,29,-4,29,1.12,,Viðar Örn Kjartansson - 6,Andreas Gianniotis,RR,Super_League_Greece,2022_2023,7,,,,
32,Augsburg,34,9,7,18,42,63,-21,34,1.0,27956.0,Mergim Berisha - 9,Rafał Gikiewicz,,Bundesliga,2022_2023,15,34.7,58.7,-23.9,-0.7
32,Augsburg,34,10,8,16,39,56,-17,38,1.12,15197.0,Michael Gregoritsch - 9,Rafał Gikiewicz,,Bundesliga,2021_2022,14,36.7,57.9,-21.2,-0.62
32,Augsburg,34,10,9,15,50,60,-10,39,1.15,29712.0,Ermedin Demirović - 15,Finn Dahmen,,Bundesliga,2023_2024,11,46.1,57.4,-11.3,-0.33
33,Austria Wien,32,11,10,11,55,52,3,43,1.34,11709.0,Haris Tabakovic - 17,Christian Früchtl,ECL,Austrian_Bundesliga,2022_2023,5,,,,
33,Austria Wien,32,11,13,8,44,39,5,46,1.44,8497.0,Marco Djuricin - 9,Patrick Pentz,EL,Austrian_Bundesliga,2021_2022,3,,,,
33,Austria Wien,32,12,10,10,35,34,1,46,1.44,12173.0,Andreas Gruber - 11,Christian Früchtl,ECL,Austrian_Bundesliga,2023_2024,8,,,,
34,Auxerre,38,8,11,19,35,63,-28,35,0.92,15606.0,M'Baye Niang - 6,Benoît Costil,R,Ligue_1,2022_2023,17,42.8,58.7,-15.9,-0.42
35,B-SAD,34,5,11,18,23,55,-32,26,0.76,1822.0,Safira - 7,Luiz Felipe,R,Primeira_Liga,2021_2022,18,30.9,56.4,-25.5,-0.75
36,Barcelona,38,21,10,7,68,38,30,73,1.92,53982.0,Memphis - 12,Marc-André ter Stegen,CL,La_Liga,2021_2022,2,63.4,34.4,29.0,0.76
36,Barcelona,38,28,4,6,70,20,50,88,2.32,83498.0,Robert Lewandowski - 23,Marc-André ter Stegen,CL,La_Liga,2022_2023,1,75.5,33.2,42.3,1.11
36,Barcelona,38,26,7,5,79,44,35,85,2.24,39846.0,Robert Lewandowski - 19,Marc-André ter Stegen,CL,La_Liga,2023_2024,2,77.6,41.6,35.9,0.94
37,Bayern Munich,34,21,8,5,92,38,54,71,2.09,75000.0,Serge Gnabry - 14,Yann Sommer,CL,Bundesliga,2022_2023,1,75.0,37.1,37.8,1.11
37,Bayern Munich,34,24,5,5,97,37,60,77,2.26,33176.0,Robert Lewandowski - 35,Manuel Neuer,CL,Bundesliga,2021_2022,1,89.0,36.3,52.7,1.55
37,Bayern Munich,34,23,3,8,94,45,49,72,2.12,75000.0,Harry Kane - 36,Manuel Neuer,CL,Bundesliga,2023_2024,3,85.2,32.1,53.0,1.56
38,Başakşehir,38,18,7,13,57,43,14,61,1.61,,Krzysztof Piątek - 17,Volkan Babacan,EL,Super_Lig,2023_2024,4,,,,
38,Başakşehir,38,19,8,11,56,36,20,65,1.71,,Stefano Okaka - 12,Volkan Babacan,ECL,Super_Lig,2021_2022,4,,,,
38,Başakşehir,36,18,8,10,54,37,17,62,1.72,,Danijel Aleksić - 8,Volkan Babacan,,Super_Lig,2022_2023,5,,,,
39,Beerschot,34,4,4,26,33,76,-43,16,0.47,,"Lawrence Shankland, Joren Dom - 5",Mike Vanhamel,R,Belgian_Pro_League,2021_2022,18,37.2,62.1,-25.0,-0.76
40,Benfica,34,25,5,4,77,28,49,80,2.35,56248.0,Rafa Silva - 14,Anatolii Trubin,CL,Primeira_Liga,2023_2024,2,77.0,32.1,45.0,1.32
40,Benfica,34,23,5,6,78,30,48,74,2.18,31956.0,Darwin Núñez - 26,Odisseas Vlachodimos,CL,Primeira_Liga,2021_2022,3,73.1,32.4,40.7,1.2
40,Benfica,34,28,3,3,82,20,62,87,2.56,57108.0,Gonçalo Ramos - 19,Odisseas Vlachodimos,CL,Primeira_Liga,2022_2023,1,87.1,23.0,64.1,1.89
41,Beroe,35,8,8,19,31,54,-23,32,0.91,1200.0,Aboubacar Ibrahim Toungara - 9,Ivan Karadzhov,,Bulgarian_First_League,2022_2023,14,,,,
41,Beroe,35,12,6,17,30,46,-16,42,1.2,415.0,Vinni Triboulet - 8,Rodrigo Garcìa,,Bulgarian_First_League,2023_2024,11,,,,
41,Beroe,26,9,5,12,23,27,-4,32,1.23,,"Martin Kamburov, Alioune Fall - 5",Henadii Haniev,ECL,Bulgarian_First_League,2021_2022,8,,,,
42,Betis,38,19,8,11,62,40,22,65,1.71,41749.0,Juanmi - 16,Rui Silva,EL,La_Liga,2021_2022,5,53.5,43.4,10.1,0.27
42,Betis,38,17,9,12,46,41,5,60,1.58,49635.0,Borja Iglesias - 15,Rui Silva,EL,La_Liga,2022_2023,6,51.3,50.0,1.3,0.03
42,Betis,38,14,15,9,48,45,3,57,1.5,51259.0,Willian José - 10,Rui Silva,ECL,La_Liga,2023_2024,7,43.9,50.2,-6.3,-0.17
43,Beşiktaş,38,16,8,14,52,47,5,56,1.47,,Semih Kılıçsoy - 11,Mert Günok,,Super_Lig,2023_2024,6,,,,
43,Beşiktaş,38,15,14,9,56,48,8,59,1.55,12140.0,Michy Batshuayi - 14,Ersin Destanoğlu,,Super_Lig,2021_2022,6,,,,
43,Beşiktaş,36,23,9,4,78,36,42,78,2.17,,Cenk Tosun - 15,Mert Günok,ECL,Super_Lig,2022_2023,3,,,,
44,Blau-Weiß Linz,32,7,11,14,33,48,-15,32,1.0,4965.0,Ronivaldo - 10,Nicolas Schmid,,Austrian_Bundesliga,2023_2024,9,,,,
45,Boavista,34,7,11,16,39,62,-23,32,0.94,10627.0,Róbert Boženík - 9,João Gonçalves,,Primeira_Liga,2023_2024,15,36.1,53.9,-17.8,-0.52
45,Boavista,34,7,17,10,39,52,-13,38,1.12,5176.0,Petar Musa - 11,Rafael Bracalli,,Primeira_Liga,2021_2022,12,35.3,46.8,-11.5,-0.34
45,Boavista,34,12,8,14,43,54,-11,44,1.29,6542.0,Yusupha Njie - 13,Rafael Bracalli,,Primeira_Liga,2022_2023,9,40.8,47.7,-7.0,-0.2
46,Bochum,34,10,5,19,40,72,-32,35,1.03,25318.0,Philipp Hofmann - 8,Manuel Riemann,,Bundesliga,2022_2023,14,40.0,65.7,-25.7,-0.76
46,Bochum,34,12,6,16,38,52,-14,42,1.24,15125.0,Sebastian Polter - 10,Manuel Riemann,,Bundesliga,2021_2022,13,40.6,55.8,-15.1,-0.46
46,Bochum,34,7,12,15,42,74,-32,33,0.97,25393.0,Kevin Stöger - 7,Manuel Riemann,PO,Bundesliga,2023_2024,16,44.5,63.9,-19.3,-0.57
47,Bologna,38,14,12,12,53,49,4,54,1.42,22314.0,Riccardo Orsolini - 11,Łukasz Skorupski,,Serie_A,2022_2023,9,43.8,48.7,-4.9,-0.13
47,Bologna,38,18,14,6,54,32,22,68,1.79,25914.0,Joshua Zirkzee - 11,Łukasz Skorupski,CL,Serie_A,2023_2024,5,47.9,37.1,10.9,0.29
47,Bologna,38,12,10,16,44,55,-11,46,1.21,14158.0,Marko Arnautović - 14,Łukasz Skorupski,,Serie_A,2021_2022,13,44.9,52.6,-7.7,-0.2
48,Bordeaux,38,6,13,19,52,91,-39,31,0.82,22141.0,Hwang Ui-jo - 11,Benoît Costil,R,Ligue_1,2021_2022,20,44.9,66.8,-21.9,-0.58
49,Botev Plovdiv,36,10,6,20,41,49,-8,36,1.0,2167.0,Antoine Baroan - 14,Hidajet Hankić,,Bulgarian_First_League,2022_2023,10,,,,
49,Botev Plovdiv,36,12,9,15,50,42,8,45,1.25,2850.0,Antoine Baroan - 8,Hidajet Hankić,EL,Bulgarian_First_League,2023_2024,9,,,,
49,Botev Plovdiv,26,13,7,6,34,28,6,46,1.77,,"Todor Nedelev, Marquinhos - 6",Georgi Argilashki,,Bulgarian_First_League,2021_2022,3,,,,
50,Botev Vratsa,35,8,8,19,29,64,-35,32,0.91,2600.0,Brayan Perea - 9,Krasimir Kostov,,Bulgarian_First_League,2022_2023,12,,,,
50,Botev Vratsa,35,9,6,20,28,56,-28,33,0.94,1100.0,Brayan Perea - 6,Federico Barrios,,Bulgarian_First_League,2023_2024,14,,,,
50,Botev Vratsa,26,5,7,14,23,48,-25,22,0.85,,Dorian Babunski - 10,Krasimir Kostov,,Bulgarian_First_League,2021_2022,13,,,,
51,Bournemouth,38,13,9,16,54,67,-13,48,1.26,11103.0,Dominic Solanke - 19,Neto,,Premier_League,2023_2024,12,55.9,58.1,-2.2,-0.06
51,Bournemouth,38,11,6,21,37,71,-34,39,1.03,10362.0,Philip Billing - 7,Neto,,Premier_League,2022_2023,15,38.5,63.8,-25.3,-0.67
52,Braga,34,21,5,8,71,50,21,68,2.0,15445.0,Simon Banza - 21,Matheus,EL,Primeira_Liga,2023_2024,4,63.7,47.7,15.9,0.47
52,Braga,34,19,8,7,52,31,21,65,1.91,7898.0,Ricardo Horta - 19,Matheus,EL,Primeira_Liga,2021_2022,4,53.1,36.7,16.4,0.48
52,Braga,34,25,3,6,75,30,45,78,2.29,15490.0,Ricardo Horta - 14,Matheus,CL,Primeira_Liga,2022_2023,3,59.0,39.6,19.4,0.57
53,Brentford,38,10,9,19,56,65,-9,39,1.03,17082.0,Yoane Wissa - 12,Mark Flekken,,Premier_League,2023_2024,16,58.2,56.0,2.2,0.06
53,Brentford,38,15,14,9,58,46,12,59,1.55,17078.0,Ivan Toney - 20,David Raya,,Premier_League,2022_2023,9,56.3,48.8,7.5,0.2
53,Brentford,38,13,7,18,48,56,-8,46,1.21,16918.0,Ivan Toney - 12,David Raya,,Premier_League,2021_2022,13,45.8,48.5,-2.7,-0.07
54,Brest,38,11,11,16,44,54,-10,44,1.16,12667.0,Jérémy Le Douaron - 10,Marco Bizot,,Ligue_1,2022_2023,14,43.4,56.1,-12.7,-0.33
54,Brest,34,17,10,7,53,34,19,61,1.79,14513.0,Romain Del Castillo - 8,Marco Bizot,CL,Ligue_1,2023_2024,3,48.3,39.2,9.1,0.27
54,Brest,38,13,9,16,49,57,-8,48,1.26,11804.0,Franck Honorat - 11,Marco Bizot,,Ligue_1,2021_2022,11,43.4,56.3,-12.8,-0.34
55,Brighton,38,12,12,14,55,62,-7,48,1.26,32638.0,João Pedro - 9,Bart Verbruggen,,Premier_League,2023_2024,11,56.8,55.4,1.4,0.04
55,Brighton,38,18,8,12,72,53,19,62,1.63,31477.0,Alexis Mac Allister - 10,Robert Sánchez,EL,Premier_League,2022_2023,6,73.3,50.2,23.1,0.61
55,Brighton,38,12,15,11,42,44,-2,51,1.34,30966.0,"Leandro Trossard, Neal Maupay - 8",Robert Sánchez,,Premier_League,2021_2022,9,46.2,42.9,3.3,0.09
56,Bruk-Bet Termalica Nieciecza,34,7,11,16,36,56,-20,32,0.94,3443.0,Muris Mešanović - 11,Tomasz Loska,R,Ekstraklasa,2021_2022,16,,,,
57,Brøndby,32,12,8,12,48,52,-4,44,1.38,27833.0,Ohi Omoijuanfo - 13,Mads Hermansen,,Danish_Superliga,2022_2023,5,,,,
57,Brøndby,22,11,7,4,30,24,6,40,1.82,,Mikael Uhre - 11,Mads Hermansen,CR,Danish_Superliga,2021_2022,3,,,,
57,Brøndby,32,18,8,6,60,35,25,62,1.94,22190.0,Nicolai Vallys - 13,Patrick Pentz,ECL,Danish_Superliga,2023_2024,2,,,,
58,Burnley,38,5,9,24,41,78,-37,24,0.63,21184.0,Jacob Bruun Larsen - 6,James Trafford,R,Premier_League,2023_2024,19,40.6,70.4,-29.7,-0.78
58,Burnley,38,7,14,17,34,53,-19,35,0.92,19278.0,Maxwel Cornet - 9,Nick Pope,R,Premier_League,2021_2022,18,39.7,57.1,-17.4,-0.46
59,CSKA 1948,35,17,13,5,55,28,27,64,1.83,230.0,Ivaylo Chochev - 21,Daniel Naumov,ECL,Bulgarian_First_League,2022_2023,3,,,,
59,CSKA 1948,36,13,13,10,35,30,5,52,1.44,135.0,Pedrinho - 8,Daniel Naumov,ECL,Bulgarian_First_League,2023_2024,7,,,,
59,CSKA 1948,26,8,6,12,36,37,-1,30,1.15,,Ivaylo Chochev - 13,Daniel Naumov,ECL,Bulgarian_First_League,2021_2022,9,,,,
60,CSKA Sofia,35,26,6,3,65,17,48,84,2.4,2160.0,Duckens Nazon - 18,Gustavo Busatto,ECL,Bulgarian_First_League,2022_2023,2,,,,
60,CSKA Sofia,35,20,7,8,56,27,29,67,1.91,3700.0,Jonathan Lindseth - 9,Gustavo Busatto,,Bulgarian_First_League,2023_2024,3,,,,
60,CSKA Sofia,26,15,7,4,39,25,14,52,2.0,,Jordy Caicedo - 16,Gustavo Busatto,,Bulgarian_First_League,2021_2022,2,,,,
61,Cagliari,38,8,12,18,42,68,-26,36,0.95,16168.0,Nicolas Viola - 5,Simone Scuffet,,Serie_A,2023_2024,16,42.9,54.5,-11.6,-0.3
61,Cagliari,38,6,12,20,34,68,-34,30,0.79,9718.0,João Pedro - 13,Alessio Cragno,R,Serie_A,2021_2022,18,39.0,61.0,-21.9,-0.58
62,Cambuur,34,5,4,25,26,69,-43,19,0.56,9663.0,"Bjørn Johnsen, Mees Hoedemakers - 3",João Virgínia,R,Eredivisie,2022_2023,17,41.2,61.9,-20.7,-0.61
62,Cambuur,34,11,6,17,53,70,-17,39,1.15,6467.0,Roberts Uldriķis - 7,Sonny Stevens,,Eredivisie,2021_2022,9,40.8,66.2,-25.4,-0.75
63,Casa Pia,34,10,8,16,38,50,-12,38,1.12,2657.0,Clayton - 8,Ricardo Batista,,Primeira_Liga,2023_2024,9,29.4,43.1,-13.7,-0.4
63,Casa Pia,34,11,8,15,31,40,-9,41,1.21,3959.0,Rafael Martins - 6,Ricardo Batista,,Primeira_Liga,2022_2023,10,37.6,48.6,-10.9,-0.32
64,Celta Vigo,38,12,10,16,43,43,0,46,1.21,10014.0,Iago Aspas - 18,Matías Dituro,,La_Liga,2021_2022,11,43.1,45.7,-2.6,-0.07
64,Celta Vigo,38,11,10,17,43,53,-10,43,1.13,14425.0,Iago Aspas - 12,"Agustín Marchesín, Iván Villar",,La_Liga,2022_2023,13,42.6,45.4,-2.8,-0.07
64,Celta Vigo,38,10,11,17,46,57,-11,41,1.08,20039.0,Jørgen Strand Larsen - 13,Vicente Guaita,,La_Liga,2023_2024,13,50.7,54.6,-3.8,-0.1
65,Cercle Brugge,30,14,5,11,44,34,10,47,1.57,6041.0,Kévin Denkey - 23,Warleson,,Belgian_Pro_League,2023_2024,4,50.9,39.2,11.7,0.39
65,Cercle Brugge,34,12,9,13,49,46,3,45,1.32,,Rabbi Matondo - 9,Thomas Didillon,,Belgian_Pro_League,2021_2022,10,53.7,42.4,11.3,0.33
65,Cercle Brugge,34,13,11,10,50,46,4,50,1.47,4464.0,Ayase Ueda - 18,Radosław Majecki,,Belgian_Pro_League,2022_2023,6,51.6,46.3,5.3,0.16
66,Charleroi,30,7,8,15,26,48,-22,29,0.97,6871.0,Parfait Guiagon - 5,Hervé Koffi,ECL,Belgian_Pro_League,2023_2024,13,32.9,46.0,-13.1,-0.44
66,Charleroi,34,15,9,10,55,46,9,54,1.59,,Shamar Nicholson - 13,Hervé Koffi,PO,Belgian_Pro_League,2021_2022,6,51.8,48.3,3.4,0.1
66,Charleroi,34,14,6,14,45,52,-7,48,1.41,6966.0,Daan Heymans - 6,Hervé Koffi,,Belgian_Pro_League,2022_2023,9,44.6,43.4,1.1,0.03
67,Chaves,34,5,8,21,31,72,-41,23,0.68,3220.0,Héctor - 14,Hugo Souza,R,Primeira_Liga,2023_2024,18,34.3,60.5,-26.3,-0.77
67,Chaves,34,12,10,12,35,40,-5,46,1.35,3896.0,"Héctor, Steven Vitória - 7",Paulo Vítor Fagundes dos Anjos,,Primeira_Liga,2022_2023,7,44.9,54.8,-9.9,-0.29
68,Chelsea,38,18,9,11,77,63,14,63,1.66,39524.0,Cole Palmer - 22,Đorđe Petrović,ECL,Premier_League,2023_2024,6,74.5,58.1,16.4,0.43
68,Chelsea,38,11,11,16,38,47,-9,44,1.16,40002.0,Kai Havertz - 7,Kepa Arrizabalaga,,Premier_League,2022_2023,12,49.5,52.5,-3.0,-0.08
68,Chelsea,38,21,11,6,76,33,43,74,1.95,36443.0,Mason Mount - 11,Edouard Mendy,CL,Premier_League,2021_2022,3,63.4,33.2,30.1,0.79
69,Cherno More,35,15,9,11,39,35,4,54,1.54,1967.0,Vasil Panayotov - 4,Ivan Dyulgerov,,Bulgarian_First_League,2022_2023,6,,,,
69,Cherno More,35,22,9,4,56,26,30,75,2.14,2900.0,Atanas Iliev - 12,Ivan Dyulgerov,ECL,Bulgarian_First_League,2023_2024,2,,,,
69,Cherno More,26,12,9,5,35,18,17,45,1.73,,Yevhenii Serdiuk - 12,Ivan Dyulgerov,,Bulgarian_First_League,2021_2022,4,,,,
70,Clermont Foot,38,17,8,13,45,49,-4,59,1.55,11270.0,Grejohn Kyei - 10,Mory Diaw,,Ligue_1,2022_2023,8,47.5,58.2,-10.7,-0.28
70,Clermont Foot,34,5,10,19,26,60,-34,25,0.74,9821.0,Muhammed Cham - 8,Mory Diaw,R,Ligue_1,2023_2024,18,36.0,63.7,-27.6,-0.81
70,Clermont Foot,38,9,9,20,38,69,-31,36,0.95,10569.0,Mohamed Lamine Bayo - 14,Ouparine Djoco,,Ligue_1,2021_2022,17,44.4,52.4,-8.0,-0.21
71,Club Brugge,30,14,9,7,62,29,33,51,1.7,21877.0,Thiago - 16,Simon Mignolet,CL,Belgian_Pro_League,2023_2024,1,60.1,26.2,33.9,1.13
71,Club Brugge,34,21,9,4,72,37,35,72,2.12,,Charles De Ketelaere - 14,Simon Mignolet,PO,Belgian_Pro_League,2021_2022,2,72.3,37.5,34.7,1.02
71,Club Brugge,34,16,11,7,61,36,25,59,1.74,20441.0,Ferran Jutglà - 13,Simon Mignolet,ECL,Belgian_Pro_League,2022_2023,4,58.9,36.6,22.3,0.66
72,Cracovia,34,12,10,12,40,42,-2,46,1.35,6983.0,Pelle van Amersfoort - 8,Lukáš Hroššo,,Ekstraklasa,2021_2022,9,,,,
72,Cracovia,34,12,10,12,41,35,6,46,1.35,8432.0,Michał Rakoczy - 7,Karol Niemczycki,,Ekstraklasa,2022_2023,7,,,,
72,Cracovia,34,8,15,11,45,46,-1,39,1.15,9049.0,Benjamin Källman - 9,Sebastian Madejski,,Ekstraklasa,2023_2024,13,,,,
73,Cremonese,38,5,12,21,36,69,-33,27,0.71,11978.0,Daniel Ciofani - 8,Marco Carnesecchi,R,Serie_A,2022_2023,19,38.7,66.1,-27.4,-0.72
74,Crystal Palace,38,13,10,15,57,58,-1,49,1.29,24932.0,Jean-Philippe Mateta - 16,Sam Johnstone,,Premier_League,2023_2024,10,48.6,52.0,-3.4,-0.09
74,Crystal Palace,38,11,12,15,40,49,-9,45,1.18,24952.0,Eberechi Eze - 10,Vicente Guaita,,Premier_League,2022_2023,11,39.3,48.1,-8.8,-0.23
74,Crystal Palace,38,11,15,12,50,46,4,48,1.26,24588.0,Wilfried Zaha - 14,Vicente Guaita,,Premier_League,2021_2022,12,46.4,40.7,5.7,0.15
75,Cádiz,38,8,15,15,35,51,-16,39,1.03,14055.0,"Anthony Lozano, Álvaro Negredo - 7",Jeremías Ledesma,,La_Liga,2021_2022,17,39.5,48.3,-8.7,-0.23
75,Cádiz,38,10,12,16,30,53,-23,42,1.11,17741.0,"Theo Bongonda, Gonzalo Escalante - 4",Jeremías Ledesma,,La_Liga,2022_2023,14,41.5,61.6,-20.1,-0.53
75,Cádiz,38,6,15,17,26,55,-29,33,0.87,18016.0,Chris Ramos - 5,Jeremías Ledesma,R,La_Liga,2023_2024,18,36.0,52.3,-16.3,-0.43
76,Darmstadt 98,34,3,8,23,30,86,-56,17,0.5,17730.0,Tim Skarke - 8,Marcel Schuhen,R,Bundesliga,2023_2024,18,32.3,73.1,-40.8,-1.2
77,Dortmund,34,22,5,7,83,44,39,71,2.09,81228.0,"Julian Brandt, Donyell Malen... - 9",Gregor Kobel,CL,Bundesliga,2022_2023,2,71.1,43.2,27.9,0.82
77,Dortmund,34,22,3,9,85,52,33,69,2.03,41800.0,Erling Haaland - 22,Gregor Kobel,CL,Bundesliga,2021_2022,2,64.0,46.3,17.7,0.52
77,Dortmund,34,18,9,7,68,43,25,63,1.85,81305.0,Donyell Malen - 13,Gregor Kobel,CL,Bundesliga,2023_2024,5,63.5,52.0,11.5,0.34
78,Eint Frankfurt,34,13,11,10,58,52,6,50,1.47,50100.0,Randal Kolo Muani - 15,Kevin Trapp,ECL,Bundesliga,2022_2023,7,52.1,43.5,8.6,0.25
78,Eint Frankfurt,34,10,12,12,45,49,-4,42,1.24,26162.0,Rafael Borré - 8,Kevin Trapp,,Bundesliga,2021_2022,11,41.6,47.0,-5.4,-0.16
78,Eint Frankfurt,34,11,14,9,51,50,1,47,1.38,56900.0,Omar Marmoush - 12,Kevin Trapp,EL,Bundesliga,2023_2024,6,46.2,52.1,-5.9,-0.17
79,Elche,38,11,9,18,40,52,-12,42,1.11,15640.0,Pere Milla - 8,Édgar Badía,,La_Liga,2021_2022,13,33.7,59.1,-25.4,-0.67
79,Elche,38,5,10,23,30,67,-37,25,0.66,19875.0,Lucas Boyé - 7,Édgar Badía,R,La_Liga,2022_2023,20,37.5,70.0,-32.6,-0.86
80,Emmen,34,6,10,18,33,65,-32,28,0.82,8152.0,Ole Romeny - 11,Mickey van der Hart,,Eredivisie,2022_2023,16,36.7,54.0,-17.3,-0.51
81,Empoli,38,10,13,15,37,49,-12,43,1.13,9808.0,Nicolò Cambiaghi - 6,Guglielmo Vicario,,Serie_A,2022_2023,14,38.8,58.3,-19.5,-0.51
81,Empoli,38,9,9,20,29,54,-25,36,0.95,11092.0,M'Baye Niang - 6,Elia Caprile,,Serie_A,2023_2024,17,36.2,52.9,-16.7,-0.44
81,Empoli,38,10,11,17,50,70,-20,41,1.08,6356.0,Andrea Pinamonti - 13,Guglielmo Vicario,,Serie_A,2021_2022,14,44.9,66.0,-21.2,-0.56
82,Espanyol,38,10,12,16,40,53,-13,42,1.11,17362.0,Raúl de Tomás - 17,Diego López,,La_Liga,2021_2022,14,36.7,51.2,-14.5,-0.38
82,Espanyol,38,8,13,17,52,69,-17,37,0.97,21601.0,Joselu - 16,Fernando Pacheco,R,La_Liga,2022_2023,19,48.3,59.8,-11.5,-0.3
83,Estoril,34,9,6,19,49,58,-9,33,0.97,3122.0,Alejandro Marqués - 9,Marcelo Carné,,Primeira_Liga,2023_2024,13,39.2,51.7,-12.5,-0.37
83,Estoril,34,9,12,13,36,43,-7,39,1.15,1420.0,André Franco - 11,Daniel Figueira,,Primeira_Liga,2021_2022,9,35.6,49.2,-13.5,-0.4
83,Estoril,34,10,5,19,33,49,-16,35,1.03,2523.0,Tiago Gouveia - 5,Daniel Figueira,,Primeira_Liga,2022_2023,14,33.4,59.0,-25.5,-0.75
84,Estrela,34,7,12,15,33,53,-20,33,0.97,4403.0,Kikas - 8,Bruno Brigido,,Primeira_Liga,2023_2024,14,38.6,49.4,-10.8,-0.32
85,Etar,35,3,8,24,22,66,-44,17,0.49,440.0,Ivan Vasilev - 4,Martin Velickov,,Bulgarian_First_League,2023_2024,16,,,,
86,Eupen,30,7,3,20,24,58,-34,24,0.8,3238.0,Isaac Nuhu - 4,Gaga Slonina,R,Belgian_Pro_League,2023_2024,16,28.9,57.5,-28.6,-0.95
86,Eupen,34,8,8,18,37,61,-24,32,0.94,,Smail Prevljak - 9,Manaf Nurudeen,,Belgian_Pro_League,2021_2022,15,43.7,63.1,-19.5,-0.57
86,Eupen,34,7,7,20,40,75,-35,28,0.82,2799.0,"Stef Peeters, Ignace N'Dri - 7",Lennart Moser,,Belgian_Pro_League,2022_2023,15,40.1,61.6,-21.5,-0.63
87,Everton,38,13,9,16,40,51,-11,42,1.11,39042.0,"Abdoulaye Doucouré, Dominic Calvert-Lewin - 7",Jordan Pickford,,Premier_League,2023_2024,15,54.0,55.2,-1.2,-0.03
87,Everton,38,8,12,18,34,57,-23,36,0.95,39243.0,Dwight McNeil - 7,Jordan Pickford,,Premier_League,2022_2023,17,45.2,65.5,-20.4,-0.54
87,Everton,38,11,6,21,43,66,-23,39,1.03,38446.0,Richarlison - 10,Jordan Pickford,,Premier_League,2021_2022,16,41.2,55.4,-14.2,-0.37
88,Excelsior,34,9,5,20,32,71,-39,32,0.94,4312.0,"Lazaros Lamprou, Kenzo Goudmijn - 4",Stijn van Gassel,,Eredivisie,2022_2023,15,35.0,66.8,-31.8,-0.94
88,Excelsior,34,6,11,17,50,73,-23,29,0.85,4908.0,Troy Parrott - 10,Stijn van Gassel,,Eredivisie,2023_2024,16,45.7,58.2,-12.4,-0.37
89,FC Copenhagen,32,18,5,9,61,35,26,59,1.84,42051.0,Viktor Claesson - 13,Kamil Grabara,CL,Danish_Superliga,2022_2023,1,,,,
89,FC Copenhagen,22,14,6,2,43,13,30,48,2.18,,Pep Biel - 11,Kamil Grabara,CR,Danish_Superliga,2021_2022,1,,,,
89,FC Copenhagen,32,18,5,9,64,38,26,59,1.84,28072.0,"Mohamed Elyounoussi, Orri Steinn Óskarsson - 9",Kamil Grabara,ECL,Danish_Superliga,2023_2024,3,,,,
90,FC Spartak Varna,35,5,10,20,32,65,-33,25,0.71,2250.0,"Ewandro, Denys Balanyuk - 5",Ivan Dichevski,,Bulgarian_First_League,2022_2023,16,,,,
91,FK IMT Novi Beograd,30,9,5,16,34,47,-13,32,1.07,,,,RR,Serbian_SuperLiga,2023_2024,12,,,,
92,FK Kolubara,30,10,4,16,32,56,-24,34,1.13,,Uroš Đuranović - 13,Dejan Stanivuković,RR,Serbian_SuperLiga,2021_2022,12,,,,
92,FK Kolubara,37,11,8,18,28,57,-29,41,1.11,1058.0,"Ante Vukušić, Uroš Đuranović - 4",Dejan Stanivuković,R,Serbian_SuperLiga,2022_2023,15,,,,
93,FK Levski 2005,35,13,10,12,45,45,0,49,1.4,485.0,Aleksandar Kolev - 15,Yanko Georgiev,,Bulgarian_First_League,2023_2024,6,,,,
94,FK Mladost Novi Sad,37,6,12,19,25,49,-24,30,0.81,1983.0,Novica Maksimović - 6,Aleksa Milojević,R,Serbian_SuperLiga,2022_2023,16,,,,
95,FK Železničar Pančevo,30,7,5,18,34,59,-25,26,0.87,,,,RR,Serbian_SuperLiga,2023_2024,15,,,,
96,Famalicão,34,10,12,12,37,41,-4,42,1.24,3859.0,Jhonder Cádiz - 15,Luiz Lúcio Reis Júnior,,Primeira_Liga,2023_2024,8,35.8,45.7,-9.9,-0.29
96,Famalicão,34,9,12,13,45,51,-6,39,1.15,3871.0,Simon Banza - 14,Luiz Lúcio Reis Júnior,,Primeira_Liga,2021_2022,8,47.4,44.7,2.7,0.08
96,Famalicão,34,13,5,16,39,47,-8,44,1.29,3800.0,Ivan Jaime Pajuelo - 9,Luiz Lúcio Reis Júnior,,Primeira_Liga,2022_2023,8,37.6,48.0,-10.4,-0.31
97,Farense,34,10,7,17,46,51,-5,37,1.09,4999.0,Bruno Duarte - 13,Ricardo Velho,,Primeira_Liga,2023_2024,10,44.3,55.6,-11.4,-0.33
98,Fatih Karagümrük,38,10,10,18,49,52,-3,40,1.05,,Güven Yalçın - 9,Salvatore Sirigu,R,Super_Lig,2023_2024,18,,,,
98,Fatih Karagümrük,38,16,9,13,47,52,-5,57,1.5,,Aleksandar Pešić - 14,Emiliano Viviano,,Super_Lig,2021_2022,8,,,,
98,Fatih Karagümrük,36,13,12,11,75,63,12,51,1.42,,Mbaye Diagne - 23,Ahmet Şen,,Super_Lig,2022_2023,7,,,,
99,Fenerbahçe,38,31,6,1,99,31,68,99,2.61,,Edin Džeko - 21,Dominik Livaković,CL,Super_Lig,2023_2024,2,,,,
99,Fenerbahçe,38,21,10,7,73,38,35,73,1.92,,Serdar Dursun - 15,Altay Bayındır,CL,Super_Lig,2021_2022,2,,,,
99,Fenerbahçe,36,25,5,6,87,42,45,80,2.22,,Enner Valencia - 29,Altay Bayındır,ECL,Super_Lig,2022_2023,2,,,,
100,Feyenoord,34,25,7,2,81,30,51,82,2.41,47500.0,Santiago Giménez - 15,Justin Bijlow,CL,Eredivisie,2022_2023,1,65.6,30.0,35.6,1.05
100,Feyenoord,34,22,5,7,76,34,42,71,2.09,29679.0,Guus Til - 15,Justin Bijlow,EL,Eredivisie,2021_2022,3,72.4,34.3,38.1,1.12
100,Feyenoord,34,26,6,2,92,26,66,84,2.47,46794.0,Santiago Giménez - 23,Timon Wellenreuther,CL,Eredivisie,2023_2024,2,93.1,26.2,66.9,1.97
101,Fiorentina,38,15,11,12,53,43,10,56,1.47,32200.0,Arthur Cabral - 8,Pietro Terracciano,,Serie_A,2022_2023,8,55.0,43.4,11.7,0.31
101,Fiorentina,38,17,9,12,61,46,15,60,1.58,29941.0,Nicolás González - 12,Pietro Terracciano,ECL,Serie_A,2023_2024,8,51.7,48.2,3.6,0.09
101,Fiorentina,38,19,5,14,59,51,8,62,1.63,21107.0,Dušan Vlahović - 17,Pietro Terracciano,ECL,Serie_A,2021_2022,7,60.0,40.6,19.4,0.51
102,Fortuna Sittard,34,10,6,18,39,62,-23,36,1.06,10187.0,Burak Yılmaz - 9,Ivor Pandur,,Eredivisie,2022_2023,13,36.3,60.2,-23.9,-0.7
102,Fortuna Sittard,34,10,5,19,36,67,-31,35,1.03,6580.0,Zian Flemming - 12,Yanick van Osch,,Eredivisie,2021_2022,15,35.5,67.7,-32.2,-0.95
102,Fortuna Sittard,34,9,11,14,37,56,-19,38,1.12,9754.0,Kaj Sierhuis - 12,Ivor Pandur,,Eredivisie,2023_2024,10,44.7,43.4,1.3,0.04
103,Freiburg,34,17,8,9,51,44,7,59,1.74,34112.0,Vincenzo Grifo - 15,Mark Flekken,EL,Bundesliga,2022_2023,5,47.9,48.8,-0.9,-0.03
103,Freiburg,34,15,10,9,58,46,12,55,1.62,18741.0,Vincenzo Grifo - 9,Mark Flekken,EL,Bundesliga,2021_2022,6,50.4,44.0,6.4,0.19
103,Freiburg,34,11,9,14,45,58,-13,42,1.24,34196.0,Vincenzo Grifo - 8,Noah Atubolu,,Bundesliga,2023_2024,10,49.4,50.5,-1.1,-0.03
104,Frosinone,38,8,11,19,44,69,-25,35,0.92,15824.0,Matìas Soulé - 11,Stefano Turati,R,Serie_A,2023_2024,18,45.8,57.7,-12.0,-0.32
105,Fulham,38,13,8,17,55,61,-6,47,1.24,24302.0,Rodrigo Muniz - 9,Bernd Leno,,Premier_League,2023_2024,13,50.8,62.9,-12.1,-0.32
105,Fulham,38,15,7,16,55,53,2,52,1.37,23746.0,Aleksandar Mitrović - 14,Bernd Leno,,Premier_League,2022_2023,10,46.2,63.6,-17.4,-0.46
106,Galatasaray,38,33,3,2,92,26,66,102,2.68,45971.0,Mauro Icardi - 25,Fernando Muslera,CL,Super_Lig,2023_2024,1,,,,
106,Galatasaray,38,14,10,14,51,53,-2,52,1.37,,Kerem Aktürkoğlu - 10,Fernando Muslera,,Super_Lig,2021_2022,13,,,,
106,Galatasaray,36,28,4,4,83,27,56,88,2.44,44617.0,Mauro Icardi - 22,Fernando Muslera,CL,Super_Lig,2022_2023,1,,,,
107,Gaziantep FK,38,12,8,18,50,57,-7,44,1.16,,Denis Drăguș - 14,Florin Niță,,Super_Lig,2023_2024,11,,,,
107,Gaziantep FK,38,12,10,16,48,56,-8,46,1.21,,Alexandru Maxim - 14,Günay Güvenç,,Super_Lig,2021_2022,15,,,,
107,Gaziantep FK,36,6,7,23,31,72,-41,25,0.69,,João Figueiredo - 7,Günay Güvenç,R,Super_Lig,2022_2023,18,,,,
108,Genk,30,12,11,7,51,31,20,47,1.57,18245.0,Tolu Arokodare - 8,Maarten Vandevoordt,EL,Belgian_Pro_League,2023_2024,5,59.3,33.4,25.9,0.86
108,Genk,34,15,6,13,66,47,19,51,1.5,,Paul Onuachu - 19,Maarten Vandevoordt,PO,Belgian_Pro_League,2021_2022,8,69.9,42.6,27.4,0.8
108,Genk,34,23,6,5,78,37,41,75,2.21,17791.0,Paul Onuachu - 16,Maarten Vandevoordt,CL,Belgian_Pro_League,2022_2023,2,63.4,39.3,24.0,0.71
109,Genoa,38,12,13,13,45,45,0,49,1.29,29609.0,Albert Guðmundsson - 14,Josep Martinez,,Serie_A,2023_2024,11,35.7,42.8,-7.1,-0.19
109,Genoa,38,4,16,18,27,60,-33,28,0.74,12326.0,Mattia Destro - 9,Salvatore Sirigu,R,Serie_A,2021_2022,19,37.2,54.1,-16.9,-0.44
110,Gent,30,12,11,7,53,38,15,47,1.57,14587.0,Tarik Tissoudali - 10,Davy Roef,,Belgian_Pro_League,2023_2024,7,49.7,42.8,7.0,0.23
110,Gent,34,18,8,8,56,30,26,62,1.82,,Tarik Tissoudali - 19,Sinan Bolat,PO,Belgian_Pro_League,2021_2022,5,62.5,37.7,24.8,0.73
110,Gent,34,16,8,10,64,38,26,56,1.65,13151.0,Hugo Cuypers - 20,Paul Nardi,,Belgian_Pro_League,2022_2023,5,55.4,34.3,21.1,0.62
111,Getafe,38,8,15,15,33,41,-8,39,1.03,8702.0,Enes Ünal - 16,David Soria,,La_Liga,2021_2022,15,29.3,38.6,-9.3,-0.25
111,Getafe,38,10,12,16,34,45,-11,42,1.11,11592.0,Enes Ünal - 14,David Soria,,La_Liga,2022_2023,15,36.7,46.0,-9.4,-0.25
111,Getafe,38,10,13,15,42,54,-12,43,1.13,11456.0,Borja Mayoral - 15,David Soria,,La_Liga,2023_2024,12,45.7,53.8,-8.1,-0.21
112,Gil Vicente FC,34,9,9,16,42,52,-10,36,1.06,4970.0,Maxime Dominguez - 6,Andrew,,Primeira_Liga,2023_2024,12,40.5,49.4,-8.9,-0.26
112,Gil Vicente FC,34,13,12,9,47,42,5,51,1.5,3540.0,Fran Navarro - 16,Žiga Frelih,ECL,Primeira_Liga,2021_2022,5,42.5,47.3,-4.8,-0.14
112,Gil Vicente FC,34,10,7,17,32,41,-9,37,1.09,4523.0,Fran Navarro - 17,Andrew,,Primeira_Liga,2022_2023,13,45.2,54.8,-9.6,-0.28
113,Giresunspor,38,12,9,17,41,47,-6,45,1.18,,Umut Nayir - 7,Okan Kocuk,,Super_Lig,2021_2022,16,,,,
113,Giresunspor,36,10,10,16,42,60,-18,40,1.11,,Riad Bajić - 14,Onurcan Piri,R,Super_Lig,2022_2023,16,,,,
114,Girona,38,13,10,15,58,55,3,49,1.29,11471.0,Valentín Castellanos - 13,Paulo Gazzaniga,,La_Liga,2022_2023,10,50.6,54.9,-4.3,-0.11
114,Girona,38,25,6,7,85,46,39,81,2.13,12520.0,Artem Dovbyk - 24,Paulo Gazzaniga,CL,La_Liga,2023_2024,3,70.8,54.3,16.5,0.43
115,Gladbach,34,11,10,13,52,55,-3,43,1.26,52378.0,Marcus Thuram - 13,Jonas Omlin,,Bundesliga,2022_2023,10,52.1,53.4,-1.3,-0.04
115,Gladbach,34,12,9,13,54,61,-7,45,1.32,26539.0,Jonas Hofmann - 12,Yann Sommer,,Bundesliga,2021_2022,10,56.2,55.0,1.2,0.04
115,Gladbach,34,7,13,14,56,67,-11,34,1.0,51371.0,Robin Hack - 10,Moritz Nicolas,,Bundesliga,2023_2024,14,46.5,54.2,-7.8,-0.23
116,Go Ahead Eag,34,10,10,14,46,56,-10,40,1.18,9679.0,Willum Þór Willumsson - 8,Jeffrey De Lange,,Eredivisie,2022_2023,11,45.0,48.4,-3.4,-0.1
116,Go Ahead Eag,34,10,6,18,37,51,-14,36,1.06,5972.0,Iñigo Córdoba - 9,Warner Hahn,,Eredivisie,2021_2022,13,36.4,59.2,-22.7,-0.67
116,Go Ahead Eag,34,12,10,12,47,46,1,46,1.35,9821.0,"Willum Þór Willumsson, Oliver Edvardsen - 7",Jeffrey De Lange,ECL,Eredivisie,2023_2024,9,49.5,55.6,-6.1,-0.18
117,Granada,38,8,14,16,44,61,-17,38,1.0,13710.0,Jorge Molina - 10,Luís Maximiano,R,La_Liga,2021_2022,18,39.0,61.2,-22.2,-0.59
117,Granada,38,4,9,25,38,79,-41,21,0.55,16350.0,Myrto Uzuni - 11,Augusto Batalla,R,La_Liga,2023_2024,20,42.6,64.2,-21.6,-0.57
118,Greuther Fürth,34,3,9,22,28,82,-54,18,0.53,7672.0,Branimir Hrgota - 9,Sascha Burchert,R,Bundesliga,2021_2022,18,30.0,60.2,-30.2,-0.89
119,Groningen,34,4,6,24,31,75,-44,18,0.53,16436.0,Ricardo Pepi - 12,Michael Verrips,R,Eredivisie,2022_2023,18,31.8,62.2,-30.4,-0.9
119,Groningen,34,9,9,16,41,55,-14,36,1.06,13529.0,Jørgen Strand Larsen - 14,Peter Leeuwenburgh,,Eredivisie,2021_2022,12,39.1,46.7,-7.6,-0.22
120,Górnik Zabrze,34,13,8,13,55,55,0,47,1.38,12250.0,"Lukas Podolski, Krzysztof Kubica - 9",Grzegorz Sandomierski,,Ekstraklasa,2021_2022,8,,,,
120,Górnik Zabrze,34,13,9,12,45,43,2,48,1.41,14239.0,Szymon Włodarczyk - 9,Daniel Bielica,,Ekstraklasa,2022_2023,6,,,,
120,Górnik Zabrze,34,15,8,11,45,41,4,53,1.56,16759.0,"Daisuke Yokota, Adrián Kaprálik - 7",Daniel Bielica,,Ekstraklasa,2023_2024,6,,,,
121,Górnik Łęczna,34,6,10,18,29,60,-31,28,0.82,2945.0,Bartosz Śpiączka - 11,Maciej Gostomski,R,Ekstraklasa,2021_2022,18,,,,
122,Göztepe,38,7,7,24,40,77,-37,28,0.74,,Cherif Ndiaye - 10,İrfan Can Eğribayat,R,Super_Lig,2021_2022,19,,,,
123,Hartberg,32,9,6,17,39,56,-17,33,1.03,2747.0,"Donis Avdijaj, Dario Tadić - 7",Raphael Sallinger,,Austrian_Bundesliga,2022_2023,10,,,,
123,Hartberg,32,7,12,13,43,47,-4,33,1.03,2036.0,Dario Tadić - 10,René Swete,,Austrian_Bundesliga,2021_2022,11,,,,
123,Hartberg,32,12,9,11,49,52,-3,45,1.41,3286.0,"Donis Avdijaj, Maximilian Entrup - 12",Raphael Sallinger,,Austrian_Bundesliga,2023_2024,5,,,,
124,Hatayspor,38,9,14,15,45,52,-7,41,1.08,,"Carlos Strandberg, Fisayo Dele-Bashiru - 8",Erce Kardeşler,,Super_Lig,2023_2024,15,,,,
124,Hatayspor,38,15,8,15,56,60,-4,53,1.39,,Ayoub El Kaabi - 18,Munir,,Super_Lig,2021_2022,12,,,,
124,Hatayspor,36,6,5,25,19,83,-64,23,0.64,8960.0,Ayoub El Kaabi - 8,Erce Kardeşler,R,Super_Lig,2022_2023,19,,,,
125,Heerenveen,34,12,10,12,44,50,-6,46,1.35,22294.0,Sydney van Hooijdonk - 16,Andries Noppert,,Eredivisie,2022_2023,8,44.1,50.9,-6.7,-0.2
125,Heerenveen,34,11,8,15,37,50,-13,41,1.21,14184.0,Henk Veerman - 7,Erwin Mulder,,Eredivisie,2021_2022,8,44.7,51.4,-6.7,-0.2
125,Heerenveen,34,10,7,17,53,70,-17,37,1.09,21623.0,Pelle van Amersfoort - 10,Andries Noppert,,Eredivisie,2023_2024,11,46.9,53.4,-6.5,-0.19
126,Heidenheim,34,10,12,12,50,55,-5,42,1.24,15000.0,Tim Kleindienst - 12,Kevin Müller,ECL,Bundesliga,2023_2024,8,39.4,61.8,-22.5,-0.66
127,Hellas Verona,38,7,10,21,31,59,-28,31,0.82,18752.0,Simone Verdi - 5,Lorenzo Montipò,,Serie_A,2022_2023,18,35.8,49.9,-14.1,-0.37
127,Hellas Verona,38,9,11,18,38,51,-13,38,1.0,21996.0,Cyril Ngonge - 6,Lorenzo Montipò,,Serie_A,2023_2024,13,38.0,48.7,-10.7,-0.28
127,Hellas Verona,38,14,11,13,65,59,6,53,1.39,13894.0,Giovanni Simeone - 17,Lorenzo Montipò,,Serie_A,2021_2022,9,50.4,49.0,1.4,0.04
128,Heracles Almelo,34,9,7,18,33,49,-16,34,1.0,6094.0,Sinan Bakış - 6,Janis Blaswich,,Eredivisie,2021_2022,16,41.5,48.6,-7.1,-0.21
128,Heracles Almelo,34,9,6,19,41,74,-33,33,0.97,11844.0,Jizz Hornkamp - 10,Michael Brouwer,,Eredivisie,2023_2024,14,41.7,68.1,-26.4,-0.78
129,Hertha BSC,34,7,8,19,42,69,-27,29,0.85,53670.0,Dodi Lukebakio - 11,Oliver Christensen,R,Bundesliga,2022_2023,18,39.4,60.0,-20.5,-0.6
129,Hertha BSC,34,9,6,19,37,71,-34,33,0.97,23500.0,Stevan Jovetić - 6,Alexander Schwolow,PO,Bundesliga,2021_2022,16,33.3,54.3,-21.0,-0.62
130,Hoffenheim,34,10,6,18,48,57,-9,36,1.06,24625.0,Andrej Kramarić - 12,Oliver Baumann,,Bundesliga,2022_2023,12,48.0,51.1,-3.1,-0.09
130,Hoffenheim,34,13,7,14,58,60,-2,46,1.35,11227.0,Georginio Rutter - 8,Oliver Baumann,,Bundesliga,2021_2022,9,58.3,54.6,3.7,0.11
130,Hoffenheim,34,13,7,14,66,66,0,46,1.35,24559.0,Maximilian Beier - 16,Oliver Baumann,EL,Bundesliga,2023_2024,7,53.6,60.8,-7.2,-0.21
131,Horsens,32,7,7,18,33,58,-25,28,0.88,6705.0,"Anders K. Jacobsen, Aron Sigurðarson - 7",Matej Delač,R,Danish_Superliga,2022_2023,11,,,,
132,Hvidovre IF,32,4,8,20,27,61,-34,20,0.63,3684.0,Tobias Thomsen - 8,Filip Đukić,R,Danish_Superliga,2023_2024,12,,,,
133,Inter,38,23,3,12,71,42,29,72,1.89,72630.0,Lautaro Martínez - 21,André Onana,CL,Serie_A,2022_2023,3,68.0,36.5,31.6,0.83
133,Inter,38,29,7,2,89,22,67,94,2.47,72838.0,Lautaro Martínez - 24,Yann Sommer,CL,Serie_A,2023_2024,1,78.2,31.2,47.1,1.24
133,Inter,38,25,9,4,84,32,52,84,2.21,44473.0,Lautaro Martínez - 21,Samir Handanović,CL,Serie_A,2021_2022,2,81.6,39.1,42.5,1.12
134,Ionikos,26,6,8,12,26,34,-8,26,1.0,,Vassilis Mantzis - 9,Lefteris Choutesiotis,RR,Super_League_Greece,2021_2022,11,,,,
134,Ionikos,26,4,6,16,16,42,-26,18,0.69,,Vassilis Mantzis - 6,Lefteris Choutesiotis,RR,Super_League_Greece,2022_2023,12,,,,
135,Jagiellonia,34,9,13,12,39,50,-11,40,1.18,6506.0,Jesús Imaz - 9,Zlatan Alomerović,,Ekstraklasa,2021_2022,12,,,,
135,Jagiellonia,34,9,14,11,48,49,-1,41,1.21,9058.0,Marc Gual - 16,Zlatan Alomerović,,Ekstraklasa,2022_2023,14,,,,
135,Jagiellonia,34,18,9,7,77,45,32,63,1.85,13744.0,"Jesús Imaz, Afimico Pululu - 12",Zlatan Alomerović,CL,Ekstraklasa,2023_2024,1,,,,
136,Javor Ivanjica,37,9,10,18,35,56,-21,37,1.0,800.0,Petar Gigić - 8,"Strahinja Manojlović, Aleksandar Vulić",,Serbian_SuperLiga,2022_2023,12,,,,
136,Javor Ivanjica,30,9,4,17,28,45,-17,31,1.03,,,,RR,Serbian_SuperLiga,2023_2024,13,,,,
137,Juventus,38,22,6,10,56,33,23,62,1.63,37656.0,Dušan Vlahović - 10,Wojciech Szczęsny,ECL,Serie_A,2022_2023,7,55.3,41.6,13.7,0.36
137,Juventus,38,19,14,5,54,31,23,71,1.87,38142.0,Dušan Vlahović - 16,Wojciech Szczęsny,CL,Serie_A,2023_2024,3,54.6,30.1,24.6,0.65
137,Juventus,38,20,10,8,57,37,20,70,1.84,22621.0,Paulo Dybala - 10,Wojciech Szczęsny,CL,Serie_A,2021_2022,4,51.4,38.1,13.4,0.35
138,Kasımpaşa,38,16,8,14,62,65,-3,56,1.47,,"Aytaç Kara, Nuno da Costa - 14",Andreas Gianniotis,ECL,Super_Lig,2023_2024,5,,,,
138,Kasımpaşa,38,15,8,15,67,57,10,53,1.39,,Umut Bozok - 20,Ertuğrul Taşkıran,,Super_Lig,2021_2022,11,,,,
138,Kasımpaşa,36,12,7,17,45,61,-16,43,1.19,,Mamadou Fall - 8,Ertuğrul Taşkıran,,Super_Lig,2022_2023,10,,,,
139,Kayserispor,38,11,12,15,44,57,-13,45,1.18,32864.0,Mame Baba Thiam - 11,Bilal Bayazit,,Super_Lig,2023_2024,14,,,,
139,Kayserispor,38,12,11,15,54,61,-7,47,1.24,,Mame Baba Thiam - 11,Silviu Lung Jr.,,Super_Lig,2021_2022,14,,,,
139,Kayserispor,36,15,5,16,55,61,-6,50,1.39,,Mame Baba Thiam - 8,Bilal Bayazit,,Super_Lig,2022_2023,9,,,,
140,Konyaspor,38,9,14,15,40,53,-13,41,1.08,,Sokol Cikalleshi - 12,Paul Bernardoni,,Super_Lig,2023_2024,16,,,,
140,Konyaspor,38,20,8,10,66,45,21,68,1.79,,Sokol Cikalleshi - 10,Ibrahim Šehić,ECL,Super_Lig,2021_2022,3,,,,
140,Konyaspor,36,12,15,9,49,41,8,51,1.42,,Mame Biram Diouf - 9,Ibrahim Šehić,,Super_Lig,2022_2023,8,,,,
141,Korona Kielce,34,11,8,15,39,48,-9,41,1.21,9385.0,Jakub Łukowski - 12,Konrad Forenc,,Ekstraklasa,2022_2023,13,,,,
141,Korona Kielce,34,8,14,12,40,44,-4,38,1.12,10720.0,Yevgeniy Shikavka - 10,Xavier Dziekonski,,Ekstraklasa,2023_2024,14,,,,
142,Kortrijk,30,6,6,18,22,57,-35,24,0.8,6676.0,Isaak Davies - 8,Tom Vandenberghe,,Belgian_Pro_League,2023_2024,14,25.6,54.9,-29.4,-0.98
142,Kortrijk,34,9,10,15,43,48,-5,37,1.09,,Faïz Selemani - 13,Marko Ilić,,Belgian_Pro_League,2021_2022,13,45.5,56.8,-11.3,-0.33
142,Kortrijk,34,8,7,19,37,61,-24,31,0.91,6269.0,Faïz Selemani - 8,"Tom Vandenberghe, Marko Ilić",,Belgian_Pro_League,2022_2023,14,36.1,63.0,-26.9,-0.79
143,Köln,34,10,12,12,49,54,-5,42,1.24,49765.0,Ellyes Skhiri - 7,Marvin Schwäbe,,Bundesliga,2022_2023,11,47.9,42.6,5.3,0.16
143,Köln,34,14,10,10,52,49,3,52,1.53,31965.0,Anthony Modeste - 20,Marvin Schwäbe,ECL,Bundesliga,2021_2022,7,50.1,50.6,-0.6,-0.02
143,Köln,34,5,12,17,28,60,-32,27,0.79,49829.0,Davie Selke - 6,Marvin Schwäbe,R,Bundesliga,2023_2024,17,39.3,64.6,-25.3,-0.74
144,LASK,32,14,12,6,54,38,16,54,1.69,9493.0,Keito Nakamura - 14,Alexander Schlager,EL,Austrian_Bundesliga,2022_2023,3,,,,
144,LASK,32,9,12,11,44,42,2,39,1.22,5052.0,"Thomas Goiginger, Sascha Horvath - 7",Alexander Schlager,,Austrian_Bundesliga,2021_2022,8,,,,
144,LASK,32,14,10,8,43,33,10,52,1.63,12151.0,Marin Ljubicic - 12,Tobias Lawal,EL,Austrian_Bundesliga,2023_2024,3,,,,
145,Las Palmas,38,10,10,18,33,47,-14,40,1.05,25041.0,Kirian Rodríguez - 6,Álvaro Vallés,,La_Liga,2023_2024,16,33.2,56.6,-23.5,-0.62
146,Lazio,38,22,8,8,60,30,30,74,1.95,44141.0,Ciro Immobile - 12,Ivan Provedel,CL,Serie_A,2022_2023,2,51.1,41.3,9.8,0.26
146,Lazio,38,18,7,13,49,39,10,61,1.61,42689.0,Ciro Immobile - 7,Ivan Provedel,EL,Serie_A,2023_2024,7,46.5,42.0,4.5,0.12
146,Lazio,38,18,10,10,77,58,19,64,1.68,23263.0,Ciro Immobile - 27,Thomas Strakosha,EL,Serie_A,2021_2022,5,55.3,47.7,7.6,0.2
147,Le Havre,34,7,11,16,34,45,-11,32,0.94,31383.0,"André Ayew, Emmanuel Sabbi... - 5",Arthur Desmas,,Ligue_1,2023_2024,15,37.3,50.6,-13.3,-0.39
148,Lecce,38,8,12,18,33,46,-13,36,0.95,24654.0,Gabriel Strefezza - 8,Wladimiro Falcone,,Serie_A,2022_2023,16,36.1,42.1,-6.1,-0.16
148,Lecce,38,8,14,16,32,54,-22,38,1.0,26642.0,Nikola Krstović - 7,Wladimiro Falcone,,Serie_A,2023_2024,14,43.1,53.3,-10.2,-0.27
149,Lech Poznań,34,22,8,4,67,24,43,74,2.18,22560.0,Mikael Ishak - 18,Filip Bednarek,CL,Ekstraklasa,2021_2022,1,,,,
149,Lech Poznań,34,17,10,7,51,29,22,61,1.79,18752.0,Mikael Ishak - 11,Filip Bednarek,ECL,Ekstraklasa,2022_2023,3,,,,
149,Lech Poznań,34,14,11,9,47,41,6,53,1.56,24852.0,Mikael Ishak - 11,Bartosz Mrozek,,Ekstraklasa,2023_2024,5,,,,
150,Lechia Gdańsk,34,16,9,9,52,39,13,57,1.68,7042.0,Łukasz Zwoliński - 13,Dušan Kuciak,ECL,Ekstraklasa,2021_2022,4,,,,
150,Lechia Gdańsk,34,8,6,20,28,56,-28,30,0.88,7610.0,Łukasz Zwoliński - 9,Dušan Kuciak,R,Ekstraklasa,2022_2023,17,,,,
151,Leeds United,38,7,10,21,48,78,-30,31,0.82,36566.0,Rodrigo - 13,Illan Meslier,R,Premier_League,2022_2023,19,47.3,67.1,-19.8,-0.52
151,Leeds United,38,9,11,18,42,79,-37,38,1.0,36308.0,Raphinha - 11,Illan Meslier,,Premier_League,2021_2022,17,44.4,67.8,-23.5,-0.62
152,Legia Warsaw,34,13,4,17,46,48,-2,43,1.26,14503.0,Tomáš Pekhart - 9,Cezary Miszta,,Ekstraklasa,2021_2022,10,,,,
152,Legia Warsaw,34,19,9,6,57,37,20,66,1.94,20977.0,Josué Pesqueira - 12,Kacper Tobiasz,ECL,Ekstraklasa,2022_2023,2,,,,
152,Legia Warsaw,34,16,11,7,51,39,12,59,1.74,24716.0,Josué Pesqueira - 9,Kacper Tobiasz,ECL,Ekstraklasa,2023_2024,3,,,,
153,Leicester City,38,9,7,22,51,68,-17,34,0.89,31887.0,Harvey Barnes - 13,Danny Ward,R,Premier_League,2022_2023,18,50.5,63.3,-12.8,-0.34
153,Leicester City,38,14,10,14,62,59,3,52,1.37,32493.0,Jamie Vardy - 15,Kasper Schmeichel,,Premier_League,2021_2022,8,47.8,59.3,-11.5,-0.3
154,Lens,38,25,9,4,68,29,39,84,2.21,37652.0,Loïs Openda - 21,Brice Samba,CL,Ligue_1,2022_2023,2,66.7,43.5,23.2,0.61
154,Lens,34,14,9,11,45,37,8,51,1.5,37824.0,Elye Wahi - 9,Brice Samba,ECL,Ligue_1,2023_2024,7,54.1,46.7,7.4,0.22
154,Lens,38,17,11,10,62,48,14,62,1.63,28950.0,Arnaud Kalimuendo - 12,Jean-Louis Leca,,Ligue_1,2021_2022,7,50.2,42.7,7.5,0.2
155,Levadiakos,26,3,8,15,14,38,-24,17,0.65,,Giorgos Nikas - 6,Matej Marković,RR,Super_League_Greece,2022_2023,13,,,,
156,Levante,38,8,11,19,51,76,-25,35,0.92,14961.0,José Luis Morales - 13,Cárdenas,R,La_Liga,2021_2022,19,55.1,55.0,0.1,0.0
157,Leverkusen,34,14,8,12,57,49,8,50,1.47,28609.0,Moussa Diaby - 9,Lukáš Hrádecký,EL,Bundesliga,2022_2023,6,51.4,42.8,8.6,0.25
157,Leverkusen,34,19,7,8,80,47,33,64,1.88,17356.0,Patrik Schick - 24,Lukáš Hrádecký,CL,Bundesliga,2021_2022,3,62.6,44.0,18.6,0.55
157,Leverkusen,34,28,6,0,89,24,65,90,2.65,29994.0,Victor Boniface - 14,Lukáš Hrádecký,CL,Bundesliga,2023_2024,1,73.6,29.9,43.7,1.29
158,Levski Sofia,35,17,10,8,47,22,25,61,1.74,9286.0,Ricardinho - 9,Plamen Andreev,ECL,Bulgarian_First_League,2022_2023,4,,,,
158,Levski Sofia,35,19,7,9,50,30,20,64,1.83,5200.0,Ricardinho - 9,Plamen Andreev,,Bulgarian_First_League,2023_2024,4,,,,
158,Levski Sofia,26,12,6,8,33,25,8,42,1.62,,"Borislav Tsonev, Bilal Bari - 6",Nikolay Mihaylov,,Bulgarian_First_League,2021_2022,5,,,,
159,Lille,38,19,10,9,65,44,21,67,1.76,36148.0,Jonathan David - 24,Lucas Chevalier,ECL,Ligue_1,2022_2023,5,68.7,40.5,28.2,0.74
159,Lille,34,16,11,7,52,34,18,59,1.74,39932.0,Jonathan David - 19,Lucas Chevalier,CL,Ligue_1,2023_2024,4,48.6,36.5,12.2,0.36
159,Lille,38,14,13,11,48,48,0,55,1.45,34346.0,Jonathan David - 15,Ivo Grbić,,Ligue_1,2021_2022,10,50.5,39.9,10.6,0.28
160,Liverpool,38,24,10,4,86,41,45,82,2.16,55979.0,Mohamed Salah - 18,Alisson,CL,Premier_League,2023_2024,3,87.8,45.7,42.0,1.11
160,Liverpool,38,19,10,9,75,47,28,67,1.76,53163.0,Mohamed Salah - 19,Alisson,EL,Premier_League,2022_2023,5,71.5,50.8,20.7,0.55
160,Liverpool,38,28,8,2,94,26,68,92,2.42,53352.0,Mohamed Salah - 23,Alisson,CL,Premier_League,2021_2022,2,88.7,33.8,54.9,1.45
161,Loko Plovdiv,35,15,9,11,35,34,1,54,1.54,2457.0,Giovanny - 8,Dinko Horkaš,,Bulgarian_First_League,2022_2023,5,,,,
161,Loko Plovdiv,35,17,7,11,53,44,9,58,1.66,5000.0,Giovanny - 7,Dinko Horkaš,,Bulgarian_First_League,2023_2024,5,,,,
161,Loko Plovdiv,26,9,7,10,30,35,-5,34,1.31,,Dimitar Iliev - 13,Lukas Raeder,ECL,Bulgarian_First_League,2021_2022,7,,,,
162,Lokomotiv Sofia,36,11,9,16,37,49,-12,42,1.17,1167.0,Dimitar Mitkov - 7,Aleksandar Lyubenov,,Bulgarian_First_League,2022_2023,9,,,,
162,Lokomotiv Sofia,35,11,6,18,30,58,-28,39,1.11,360.0,"Dimitar Mitkov, França - 5",Aleksandar Lyubenov,,Bulgarian_First_League,2023_2024,12,,,,
162,Lokomotiv Sofia,26,6,7,13,22,42,-20,25,0.96,,Octávio - 9,Aleksandar Lyubenov,,Bulgarian_First_League,2021_2022,12,,,,
163,Lorient,38,15,10,13,52,53,-1,55,1.45,14992.0,Terem Moffi - 12,Yvon Mvogo,,Ligue_1,2022_2023,10,44.5,58.2,-13.6,-0.36
163,Lorient,34,7,8,19,43,66,-23,29,0.85,15676.0,Mohamed Bamba - 8,Yvon Mvogo,R,Ligue_1,2023_2024,17,37.2,54.3,-17.2,-0.5
163,Lorient,38,8,12,18,35,63,-28,36,0.95,12738.0,Terem Moffi - 8,Paul Nardi,,Ligue_1,2021_2022,16,41.3,50.5,-9.2,-0.24
164,Ludogorets,35,26,7,2,81,27,54,85,2.43,1480.0,Thiago - 15,Sergio Padt,CL,Bulgarian_First_League,2022_2023,1,,,,
164,Ludogorets,35,26,4,5,87,24,63,82,2.34,4750.0,"Rwan, Kwadwo Duah - 13",Sergio Padt,CL,Bulgarian_First_League,2023_2024,1,,,,
164,Ludogorets,26,21,1,4,64,23,41,64,2.46,,Pieros Sotiriou - 17,Sergio Padt,,Bulgarian_First_League,2021_2022,1,,,,
165,Luton Town,38,6,8,24,52,85,-33,26,0.68,11240.0,Carlton Morris - 11,Thomas Kaminski,R,Premier_League,2023_2024,18,42.4,78.0,-35.5,-0.94
166,Lyngby,32,6,10,16,30,49,-19,28,0.88,8791.0,Sævar Magnússon - 6,Mads Kikkenborg,,Danish_Superliga,2022_2023,10,,,,
166,Lyngby,32,9,9,14,39,53,-14,36,1.13,5742.0,Andri Guðjohnsen - 13,Mads Kikkenborg,,Danish_Superliga,2023_2024,10,,,,
167,Lyon,38,18,8,12,65,47,18,62,1.63,46058.0,Alexandre Lacazette - 27,Anthony Lopes,,Ligue_1,2022_2023,7,61.1,51.6,9.5,0.25
167,Lyon,34,16,5,13,49,55,-6,53,1.56,45314.0,Alexandre Lacazette - 19,Anthony Lopes,EL,Ligue_1,2023_2024,6,49.8,52.4,-2.5,-0.07
167,Lyon,38,17,11,10,66,51,15,61,1.61,32329.0,Moussa Dembélé - 21,Anthony Lopes,,Ligue_1,2021_2022,8,66.9,54.6,12.4,0.33
168,Mainz 05,34,12,10,12,54,55,-1,46,1.35,29070.0,"Marcus Ingvartsen, Karim Onisiwo - 10",Robin Zentner,,Bundesliga,2022_2023,9,47.1,53.6,-6.5,-0.19
168,Mainz 05,34,13,7,14,50,45,5,46,1.35,17978.0,Jonathan Burkardt - 11,Robin Zentner,,Bundesliga,2021_2022,8,50.4,43.9,6.5,0.19
168,Mainz 05,34,7,14,13,39,51,-12,35,1.03,30690.0,Jonathan Burkardt - 8,Robin Zentner,,Bundesliga,2023_2024,13,44.6,44.5,0.2,0.01
169,Mallorca,38,10,9,19,36,63,-27,39,1.03,12712.0,"Vedat Muriqi, Salva Sevilla - 5",Manolo Reina,,La_Liga,2021_2022,16,38.8,49.3,-10.5,-0.28
169,Mallorca,38,14,8,16,37,43,-6,50,1.32,14799.0,Vedat Muriqi - 15,Predrag Rajković,,La_Liga,2022_2023,9,35.2,46.4,-11.2,-0.3
169,Mallorca,38,8,16,14,33,44,-11,40,1.05,17767.0,Vedat Muriqi - 7,Predrag Rajković,,La_Liga,2023_2024,15,40.5,42.9,-2.5,-0.06
170,Manchester City,38,28,7,3,96,34,62,91,2.39,53012.0,Erling Haaland - 27,Ederson,CL,Premier_League,2023_2024,1,80.5,35.6,44.9,1.18
170,Manchester City,38,28,5,5,94,33,61,89,2.34,53249.0,Erling Haaland - 36,Ederson,CL,Premier_League,2022_2023,1,78.6,32.1,46.5,1.22
170,Manchester City,38,29,6,3,99,26,73,93,2.45,52774.0,Kevin De Bruyne - 15,Ederson,CL,Premier_League,2021_2022,1,88.7,24.6,64.0,1.68
171,Manchester Utd,38,18,6,14,57,58,-1,60,1.58,73533.0,"Rasmus Højlund, Bruno Fernandes - 10",André Onana,EL,Premier_League,2023_2024,8,56.5,68.9,-12.5,-0.33
171,Manchester Utd,38,23,6,9,58,43,15,75,1.97,73671.0,Marcus Rashford - 17,David de Gea,CL,Premier_League,2022_2023,3,67.7,50.4,17.3,0.45
171,Manchester Utd,38,16,10,12,57,57,0,58,1.53,73150.0,Cristiano Ronaldo - 18,David de Gea,EL,Premier_League,2021_2022,6,55.8,53.0,2.8,0.07
172,Marseille,38,22,7,9,67,40,27,73,1.92,62687.0,Alexis Sánchez - 14,Pau López,CL,Ligue_1,2022_2023,3,65.3,42.5,22.8,0.6
172,Marseille,34,13,11,10,52,41,11,50,1.47,60496.0,Pierre-Emerick Aubameyang - 17,Pau López,,Ligue_1,2023_2024,8,54.9,35.4,19.5,0.57
172,Marseille,38,21,8,9,63,38,25,71,1.87,51755.0,Dimitri Payet - 12,Pau López,CL,Ligue_1,2021_2022,2,58.2,39.0,19.2,0.51
173,Marítimo,34,9,11,14,39,44,-5,38,1.12,3813.0,Diederrick Joel - 9,Paulo Victor Vidotti,,Primeira_Liga,2021_2022,10,34.7,54.7,-19.9,-0.59
173,Marítimo,34,7,5,22,32,63,-31,26,0.76,8509.0,André Vidigal - 8,Marcelo Carné,PO,Primeira_Liga,2022_2023,16,43.4,56.1,-12.7,-0.37
174,Mechelen,30,13,6,11,39,34,5,45,1.5,12285.0,Kerim Mrabti - 7,Gaëtan Coucke,,Belgian_Pro_League,2023_2024,8,42.4,42.4,-0.1,0.0
174,Mechelen,34,15,7,12,57,61,-4,52,1.53,,Nikola Storm - 15,Gaëtan Coucke,PO,Belgian_Pro_League,2021_2022,7,42.0,56.5,-14.5,-0.44
174,Mechelen,34,11,7,16,49,63,-14,40,1.18,11858.0,Geoffry Hairemans - 9,Gaëtan Coucke,,Belgian_Pro_League,2022_2023,13,35.6,52.2,-16.6,-0.5
175,Metalac GM,30,7,6,17,36,52,-16,27,0.9,,Damjan Krajišnik - 6,Dušan Marković,RR,Serbian_SuperLiga,2021_2022,15,,,,
176,Metz,34,8,5,21,35,58,-23,29,0.85,23838.0,Georges Mikautadze - 13,Alexandre Oukidja,PO,Ligue_1,2023_2024,16,34.2,54.5,-20.3,-0.6
176,Metz,38,6,13,19,35,69,-34,31,0.82,14876.0,Nicolas de Préville - 5,Alexandre Oukidja,R,Ligue_1,2021_2022,19,29.2,62.5,-33.4,-0.88
177,Midtjylland,32,13,12,7,55,39,16,51,1.59,12357.0,Gustav Isaksen - 18,Jonas Lössl,ECL,Danish_Superliga,2022_2023,7,,,,
177,Midtjylland,22,13,3,6,37,22,15,42,1.91,,Evander - 12,Elías Rafn Ólafsson,CR,Danish_Superliga,2021_2022,2,,,,
177,Midtjylland,32,19,6,7,62,43,19,63,1.97,9954.0,Cho Gue-sung - 12,Jonas Lössl,CL,Danish_Superliga,2023_2024,1,,,,
178,Miedź Legnica,34,4,11,19,33,55,-22,23,0.68,4365.0,Ángelo Henríquez - 7,Mateusz Abramowicz,R,Ekstraklasa,2022_2023,18,,,,
179,Milan,38,20,10,8,64,43,21,70,1.84,71880.0,Rafael Leão - 15,Mike Maignan,CL,Serie_A,2022_2023,4,58.8,41.1,17.7,0.47
179,Milan,38,22,9,7,76,49,27,75,1.97,72000.0,Olivier Giroud - 15,Mike Maignan,CL,Serie_A,2023_2024,2,66.2,45.4,20.8,0.55
179,Milan,38,26,8,4,69,31,38,86,2.26,44015.0,"Olivier Giroud, Rafael Leão - 11",Mike Maignan,CL,Serie_A,2021_2022,1,59.7,35.9,23.8,0.63
180,Mladost Lučani,30,10,6,14,38,44,-6,36,1.2,,Milan Bojović - 9,Ivan Kostić,RR,Serbian_SuperLiga,2021_2022,9,,,,
180,Mladost Lučani,37,9,11,17,40,57,-17,38,1.03,883.0,Milan Bojović - 11,Željko Samčović,,Serbian_SuperLiga,2022_2023,11,,,,
180,Mladost Lučani,30,11,7,12,30,40,-10,40,1.33,,,,CR,Serbian_SuperLiga,2023_2024,7,,,,
181,Monaco,38,19,8,11,70,58,12,65,1.71,7095.0,Wissam Ben Yedder - 19,Alexander Nübel,,Ligue_1,2022_2023,6,62.1,53.2,8.9,0.23
181,Monaco,34,20,7,7,68,42,26,67,1.97,7884.0,Wissam Ben Yedder - 16,Philipp Köhn,CL,Ligue_1,2023_2024,2,55.0,43.5,11.5,0.34
181,Monaco,38,20,9,9,65,40,25,69,1.82,5877.0,Wissam Ben Yedder - 25,Alexander Nübel,CL,Ligue_1,2021_2022,3,59.3,40.3,19.0,0.5
182,Montpellier,38,15,5,18,65,62,3,50,1.32,13804.0,Elye Wahi - 19,Benjamin Lecomte,,Ligue_1,2022_2023,12,52.2,62.2,-10.0,-0.26
182,Montpellier,34,10,12,12,43,48,-5,41,1.21,13901.0,Téji Savanier - 9,Benjamin Lecomte,,Ligue_1,2023_2024,12,46.0,50.9,-4.8,-0.14
182,Montpellier,38,12,7,19,49,61,-12,43,1.13,10711.0,Elye Wahi - 10,Jonas Omlin,,Ligue_1,2021_2022,13,42.7,57.1,-14.4,-0.38
183,Monza,38,14,10,14,48,52,-4,52,1.37,12413.0,"Patrick Ciurria, Carlos Augusto - 6",Michele Di Gregorio,,Serie_A,2022_2023,11,45.9,51.3,-5.4,-0.14
183,Monza,38,11,12,15,39,51,-12,45,1.18,12172.0,Andrea Colpani - 8,Michele Di Gregorio,,Serie_A,2023_2024,12,39.5,56.3,-16.8,-0.44
184,Moreirense,34,16,7,11,36,35,1,55,1.62,2567.0,André Luis - 6,Kewin,,Primeira_Liga,2023_2024,6,32.8,32.5,0.3,0.01
184,Moreirense,34,7,8,19,33,51,-18,29,0.85,1751.0,Rafael Martins - 7,Mateus Pasinato,PO,Primeira_Liga,2021_2022,16,43.2,43.7,-0.6,-0.02
185,NEC Nijmegen,34,8,15,11,42,45,-3,39,1.15,12405.0,Landry Dimata - 10,Jasper Cillessen,,Eredivisie,2022_2023,12,48.2,52.3,-4.1,-0.12
185,NEC Nijmegen,34,10,8,16,38,52,-14,38,1.12,7237.0,Jonathan Okita - 7,Mattijs Branderhorst,,Eredivisie,2021_2022,11,43.8,56.6,-12.7,-0.37
185,NEC Nijmegen,34,14,11,9,68,51,17,53,1.56,13187.0,"Koki Ogawa, Magnus Mattsson - 11",Jasper Cillessen,,Eredivisie,2023_2024,6,48.0,60.0,-12.0,-0.35
186,Nantes,38,7,15,16,37,55,-18,36,0.95,30002.0,Mostafa Mohamed - 8,Alban Lafont,,Ligue_1,2022_2023,16,42.8,52.4,-9.7,-0.25
186,Nantes,34,9,6,19,30,55,-25,33,0.97,27555.0,Mostafa Mohamed - 8,Alban Lafont,,Ligue_1,2023_2024,14,37.6,53.0,-15.5,-0.45
186,Nantes,38,15,10,13,55,48,7,55,1.45,20803.0,Randal Kolo Muani - 12,Alban Lafont,EL,Ligue_1,2021_2022,9,45.5,52.7,-7.2,-0.19
187,Napoli,38,28,6,4,77,28,49,90,2.37,46173.0,Victor Osimhen - 26,Alex Meret,CL,Serie_A,2022_2023,1,64.7,31.8,33.0,0.87
187,Napoli,38,13,14,11,55,48,7,53,1.39,45622.0,Victor Osimhen - 15,Alex Meret,,Serie_A,2023_2024,10,61.4,38.4,23.0,0.61
187,Napoli,38,24,7,7,74,31,43,79,2.08,28119.0,Victor Osimhen - 14,David Ospina,CL,Serie_A,2021_2022,3,57.8,32.5,25.3,0.67
188,Napredak Kruš,30,10,7,13,31,36,-5,37,1.23,,Saša Marjanović - 7,Nikola Vasiljević,CR,Serbian_SuperLiga,2021_2022,8,,,,
188,Napredak Kruš,37,10,9,18,27,37,-10,39,1.05,946.0,"Marko Šarić, Nebojša Bastajić - 5",Nikola Petrić,,Serbian_SuperLiga,2022_2023,9,,,,
188,Napredak Kruš,30,11,6,13,31,39,-8,39,1.3,,,,CR,Serbian_SuperLiga,2023_2024,8,,,,
189,Newcastle Utd,38,18,6,14,85,62,23,60,1.58,52125.0,Alexander Isak - 21,Martin Dúbravka,,Premier_League,2023_2024,7,76.0,61.4,14.6,0.38
189,Newcastle Utd,38,19,14,5,68,33,35,71,1.87,52127.0,Callum Wilson - 18,Nick Pope,CL,Premier_League,2022_2023,4,71.9,39.5,32.3,0.85
189,Newcastle Utd,38,13,10,15,44,62,-18,49,1.29,51487.0,Callum Wilson - 8,Martin Dúbravka,,Premier_League,2021_2022,11,38.1,57.1,-19.0,-0.5
190,Nice,38,15,13,10,48,37,11,58,1.53,22286.0,Gaëtan Laborde - 13,Kasper Schmeichel,,Ligue_1,2022_2023,9,57.2,44.6,12.6,0.33
190,Nice,34,15,10,9,40,29,11,55,1.62,24952.0,Terem Moffi - 11,Marcin Bułka,EL,Ligue_1,2023_2024,5,49.9,35.5,14.4,0.42
190,Nice,38,20,7,11,52,36,16,66,1.74,16055.0,Andy Delort - 16,Walter Benítez,ECL,Ligue_1,2021_2022,5,55.6,42.5,13.1,0.35
191,Nordsjælland,32,15,10,7,50,35,15,55,1.72,8470.0,Ernest Nuamah - 12,Andreas Hansen,ECL,Danish_Superliga,2022_2023,2,,,,
191,Nordsjælland,22,5,6,11,24,37,-13,21,0.95,,Simon Adingra - 9,Andreas Hansen,RR,Danish_Superliga,2021_2022,10,,,,
191,Nordsjælland,32,16,10,6,60,34,26,58,1.81,5191.0,"Marcus Ingvartsen, Andreas Schjelderup - 9",Andreas Hansen,,Danish_Superliga,2023_2024,4,,,,
192,Norwich City,38,5,7,26,23,84,-61,22,0.58,26836.0,Teemu Pukki - 11,Tim Krul,R,Premier_League,2021_2022,20,32.3,75.5,-43.2,-1.14
193,Nott'ham Forest,38,9,9,20,49,67,-18,32,0.84,29386.0,Chris Wood - 14,Matt Turner,,Premier_League,2023_2024,17,49.9,53.2,-3.3,-0.09
193,Nott'ham Forest,38,9,11,18,38,68,-30,38,1.0,29188.0,Taiwo Awoniyi - 10,Dean Henderson,,Premier_League,2022_2023,16,39.3,64.2,-24.9,-0.66
194,Novi Pazar,30,5,10,15,25,49,-24,25,0.83,,Almir Aganspahić - 7,Nikola Vujanac,RR,Serbian_SuperLiga,2021_2022,16,,,,
194,Novi Pazar,37,15,6,16,40,49,-9,51,1.38,1675.0,Andrija Majdevac - 12,Filip Kljajić,,Serbian_SuperLiga,2022_2023,6,,,,
194,Novi Pazar,30,10,6,14,35,40,-5,36,1.2,,,,RR,Serbian_SuperLiga,2023_2024,9,,,,
195,OFI Crete,26,5,10,11,26,44,-18,25,0.96,,"Aaron Leya Iseka, Luiz Phellype... - 4",Noam Baumann,RR,Super_League_Greece,2023_2024,10,,,,
195,OFI Crete,26,9,10,7,33,32,1,37,1.42,,Luiz Phellype - 8,Devis Epassy,RR,Super_League_Greece,2021_2022,7,,,,
195,OFI Crete,26,6,8,12,23,34,-11,26,1.0,,Jon Toral - 8,Christos Mandas,RR,Super_League_Greece,2022_2023,9,,,,
196,OH Leuven,30,7,8,15,34,47,-13,29,0.97,7054.0,"Youssef Maziz, Jón Dagur Þorsteinsson - 4",Tobe Leysen,,Belgian_Pro_League,2023_2024,10,33.7,44.8,-11.1,-0.37
196,OH Leuven,34,10,11,13,47,58,-11,41,1.21,,Sory Kaba - 10,Rafael Romo,,Belgian_Pro_League,2021_2022,11,45.3,53.5,-8.2,-0.25
196,OH Leuven,34,13,9,12,56,48,8,48,1.41,6441.0,Mario González - 13,Valentin Cojocaru,,Belgian_Pro_League,2022_2023,10,54.0,49.3,4.6,0.14
197,Odense,32,12,10,10,47,53,-6,46,1.44,14029.0,"Bashkim Kadrii, Emmanuel Sabbi... - 8",Martin Hansen,,Danish_Superliga,2022_2023,8,,,,
197,Odense,22,4,9,9,31,35,-4,21,0.95,,Issam Jebali - 10,Hans Christian Bernat,RR,Danish_Superliga,2021_2022,9,,,,
197,Odense,32,8,8,16,37,48,-11,32,1.0,9304.0,Don Deedson Louicius - 8,Viljar Myhra,R,Danish_Superliga,2023_2024,11,,,,
198,Olympiacos,26,18,3,5,58,24,34,57,2.19,,Ayoub El Kaabi - 17,Alexandros Paschalakis,CR,Super_League_Greece,2023_2024,3,,,,
198,Olympiacos,26,20,5,1,47,14,33,65,2.5,,Youssef El-Arabi - 16,Tomáš Vaclík,CL,Super_League_Greece,2021_2022,1,,,,
198,Olympiacos,26,16,8,2,53,14,39,56,2.15,,Cédric Bakambu - 18,Alexandros Paschalakis,CR,Super_League_Greece,2022_2023,3,,,,
199,Oostende,34,10,7,17,34,61,-27,37,1.09,,Makhtar Gueye - 12,Guillaume Hubert,,Belgian_Pro_League,2021_2022,12,39.6,58.4,-18.7,-0.55
199,Oostende,34,7,6,21,37,76,-39,27,0.79,3689.0,Fraser Hornby - 8,Guillaume Hubert,R,Belgian_Pro_League,2022_2023,16,45.2,61.5,-16.3,-0.48
200,Osasuna,38,12,11,15,37,51,-14,47,1.24,17107.0,Ante Budimir - 8,Sergio Herrera,,La_Liga,2021_2022,10,36.7,46.3,-9.6,-0.25
200,Osasuna,38,15,8,15,37,42,-5,53,1.39,19655.0,"Ante Budimir, Ezequiel Ávila - 8",Aitor Fernández,ECL,La_Liga,2022_2023,7,39.8,45.7,-5.9,-0.15
200,Osasuna,38,12,9,17,45,56,-11,45,1.18,19703.0,Ante Budimir - 17,Sergio Herrera,,La_Liga,2023_2024,11,40.5,49.9,-9.4,-0.25
201,PAOK,26,19,3,4,66,21,45,60,2.31,,Kiril Despodov - 11,Dominik Kotarski,CR,Super_League_Greece,2023_2024,1,,,,
201,PAOK,26,16,5,5,50,24,26,53,2.04,,Jasmin Kurtić - 15,Alexandros Paschalakis,ECL,Super_League_Greece,2021_2022,2,,,,
201,PAOK,26,15,9,2,43,15,28,54,2.08,,"Brandon, Andrija Živković... - 7",Dominik Kotarski,CR,Super_League_Greece,2022_2023,4,,,,
202,PAS Giannina,26,3,9,14,25,48,-23,18,0.69,,Pedro Pérez Conde - 9,Boris Klaiman,RR,Super_League_Greece,2023_2024,14,,,,
202,PAS Giannina,26,11,7,8,28,24,4,40,1.54,,Juan Perea - 10,Yuri Lodygin,CR,Super_League_Greece,2021_2022,6,,,,
202,PAS Giannina,26,4,11,11,24,41,-17,23,0.88,,Rodrigo Erramuspe - 9,Panagiotis Tsintotas,RR,Super_League_Greece,2022_2023,11,,,,
203,PAS Lamia,26,9,7,10,35,44,-9,34,1.31,,Carlitos - 10,Alexei Koșelev,CR,Super_League_Greece,2023_2024,6,,,,
203,PAS Lamia,26,4,6,16,19,37,-18,18,0.69,,Georgios Manousos - 6,Athanasios Garavelis,RR,Super_League_Greece,2021_2022,13,,,,
203,PAS Lamia,26,2,11,13,13,45,-32,17,0.65,,"Nikos Vergos, Tomas De Vincenti - 4",Bojan Šaranov,RR,Super_League_Greece,2022_2023,14,,,,
204,PFC Hebar Pazardzhik,35,9,5,21,30,59,-29,32,0.91,225.0,Georgi Tartov - 6,Petar Debarliev,,Bulgarian_First_League,2022_2023,13,,,,
204,PFC Hebar Pazardzhik,35,9,7,19,35,49,-14,34,0.97,1400.0,Georgi Nikolov - 8,Petar Debarliev,,Bulgarian_First_League,2023_2024,13,,,,
205,PSV Eindhoven,34,23,6,5,89,40,49,75,2.21,31922.0,Xavi Simons - 19,Walter Benítez,CL,Eredivisie,2022_2023,2,81.5,32.0,49.4,1.45
205,PSV Eindhoven,34,26,3,5,86,42,44,81,2.38,22289.0,Cody Gakpo - 12,Joel Drommel,CL,Eredivisie,2021_2022,2,74.8,38.1,36.7,1.08
205,PSV Eindhoven,34,29,4,1,111,21,90,91,2.68,34217.0,Luuk de Jong - 29,Walter Benítez,CL,Eredivisie,2023_2024,1,99.0,28.2,70.7,2.08
206,Panathinaikos,26,17,5,4,62,21,41,56,2.15,,Fotis Ioannidis - 15,Yuri Lodygin,CR,Super_League_Greece,2023_2024,4,,,,
206,Panathinaikos,26,13,3,10,41,21,20,42,1.62,,Sebastián Palacios - 11,Alberto Brignoli,ECL,Super_League_Greece,2021_2022,5,,,,
206,Panathinaikos,26,19,4,3,38,12,26,61,2.35,,Andraž Šporar - 11,Alberto Brignoli,CR,Super_League_Greece,2022_2023,1,,,,
207,Panetolikos,26,4,8,14,26,46,-20,20,0.77,,João Pedro Sousa Silva - 5,Stefanos Kapino,RR,Super_League_Greece,2023_2024,12,,,,
207,Panetolikos,26,9,5,12,27,39,-12,32,1.23,,Nikos Karelis - 7,Nikos Melissas,RR,Super_League_Greece,2021_2022,9,,,,
207,Panetolikos,26,7,8,11,26,38,-12,29,1.12,,Nikos Karelis - 13,Giannis Anestis,RR,Super_League_Greece,2022_2023,8,,,,
208,Panserraikos,26,6,9,11,28,45,-17,27,1.04,,Kosta Aleksic - 7,Adrián Chovan,RR,Super_League_Greece,2023_2024,9,,,,
209,Paris S-G,38,27,4,7,89,40,49,85,2.24,46334.0,Kylian Mbappé - 29,Gianluigi Donnarumma,CL,Ligue_1,2022_2023,1,78.2,48.3,29.9,0.79
209,Paris S-G,34,22,10,2,81,33,48,76,2.24,46834.0,Kylian Mbappé - 27,Gianluigi Donnarumma,CL,Ligue_1,2023_2024,1,68.8,40.0,28.8,0.85
209,Paris S-G,38,26,8,4,90,36,54,86,2.26,41589.0,Kylian Mbappé - 28,Keylor Navas,CL,Ligue_1,2021_2022,1,76.7,39.8,36.9,0.97
210,Partizan,30,25,4,1,68,10,58,79,2.63,,Ricardo Jorge Pires Gomes - 29,Nemanja Stevanović,CR,Serbian_SuperLiga,2021_2022,2,,,,
210,Partizan,37,21,8,8,68,34,34,71,1.92,5212.0,Ricardo Jorge Pires Gomes - 19,Aleksandar Popović,ECL,Serbian_SuperLiga,2022_2023,4,,,,
210,Partizan,30,22,4,4,66,35,31,70,2.33,,,,CR,Serbian_SuperLiga,2023_2024,2,,,,
211,Paços,34,9,11,14,29,44,-15,38,1.12,2680.0,Denílson - 6,André Ferreira,,Primeira_Liga,2021_2022,11,33.9,53.3,-19.4,-0.57
211,Paços,34,6,5,23,26,62,-36,23,0.68,4430.0,Adrián Butzke - 6,José Carlos Marafona,R,Primeira_Liga,2022_2023,17,32.9,56.0,-23.2,-0.68
212,Pendikspor,38,9,10,19,42,73,-31,37,0.97,,"Erencan Yardimci, Mame Baba Thiam - 6",Erdem Canpolat,R,Super_Lig,2023_2024,19,,,,
213,Piast Gliwice,34,15,9,10,45,37,8,54,1.59,4658.0,"Damian Kądzior, Alberto Toril - 6",František Plach,,Ekstraklasa,2021_2022,5,,,,
213,Piast Gliwice,34,15,8,11,40,31,9,53,1.56,3879.0,Kamil Wilczek - 9,František Plach,,Ekstraklasa,2022_2023,5,,,,
213,Piast Gliwice,34,9,16,9,38,35,3,43,1.26,5090.0,Patryk Dziczek - 8,František Plach,,Ekstraklasa,2023_2024,10,,,,
214,Pirin Blagoevgrad,35,8,10,17,28,43,-15,34,0.97,857.0,Danylo Kondrakov - 5,Yanko Georgiev,,Bulgarian_First_League,2022_2023,11,,,,
214,Pirin Blagoevgrad,35,7,11,17,26,48,-22,32,0.91,980.0,"Chris Hamilton, Ivan Tasev - 4",Maksym Kovalov,,Bulgarian_First_League,2023_2024,15,,,,
214,Pirin Blagoevgrad,26,7,6,13,34,41,-7,27,1.04,,Stanislav Manolev - 7,Yanko Georgiev,,Bulgarian_First_League,2021_2022,11,,,,
215,Pogoń Szczecin,34,18,11,5,63,31,32,65,1.91,8078.0,Luka Zahović - 11,Dante Stipica,ECL,Ekstraklasa,2021_2022,3,,,,
215,Pogoń Szczecin,34,17,9,8,57,46,11,60,1.76,14847.0,Kamil Grosicki - 13,Dante Stipica,ECL,Ekstraklasa,2022_2023,4,,,,
215,Pogoń Szczecin,34,16,7,11,59,38,21,55,1.62,17267.0,Kamil Grosicki - 13,Valentin Cojocaru,,Ekstraklasa,2023_2024,4,,,,
216,Portimonense,34,8,8,18,39,72,-33,32,0.94,2347.0,Carlinhos - 10,Kosuke Nakamura,PO,Primeira_Liga,2023_2024,16,35.3,56.7,-21.4,-0.63
216,Portimonense,34,10,8,16,31,45,-14,38,1.12,1376.0,Welinton Júnior - 5,Samuel Portugal,,Primeira_Liga,2021_2022,13,34.5,53.0,-18.5,-0.54
216,Portimonense,34,10,4,20,25,48,-23,34,1.0,1945.0,Welinton Júnior - 6,Kosuke Nakamura,,Primeira_Liga,2022_2023,15,39.8,56.1,-16.3,-0.48
217,Porto,34,22,6,6,63,27,36,72,2.12,37912.0,Evanilson - 13,Diogo Costa,EL,Primeira_Liga,2023_2024,3,64.5,28.5,36.0,1.06
217,Porto,34,29,4,1,86,22,64,91,2.68,31126.0,Mehdi Taremi - 20,Diogo Costa,CL,Primeira_Liga,2021_2022,1,83.3,22.9,60.4,1.78
217,Porto,34,27,4,3,73,22,51,85,2.5,41380.0,Mehdi Taremi - 22,Diogo Costa,CL,Primeira_Liga,2022_2023,2,74.0,27.8,46.1,1.36
218,Proleter NS,30,8,5,17,23,49,-26,29,0.97,,Stefan Tomović - 8,Nikola Petrić,RR,Serbian_SuperLiga,2021_2022,14,,,,
219,Puszcza Niepołomice,34,9,13,12,39,49,-10,40,1.18,2793.0,Artur Crăciun - 7,Oliwier Zych,,Ekstraklasa,2023_2024,12,,,,
220,R.F.C. Seraing,34,8,4,22,30,68,-38,28,0.82,,Georges Mikautadze - 9,Guillaume Dietsch,PO,Belgian_Pro_League,2021_2022,17,39.2,59.5,-20.3,-0.6
220,R.F.C. Seraing,34,5,5,24,28,68,-40,20,0.59,2008.0,Marius Mouandilmadji - 11,Guillaume Dietsch,R,Belgian_Pro_League,2022_2023,18,25.8,54.6,-28.8,-0.85
221,RB Leipzig,34,20,6,8,64,41,23,66,1.94,45961.0,Christopher Nkunku - 16,Janis Blaswich,CL,Bundesliga,2022_2023,3,62.7,37.2,25.4,0.75
221,RB Leipzig,34,17,7,10,72,37,35,58,1.71,22124.0,Christopher Nkunku - 20,Péter Gulácsi,CL,Bundesliga,2021_2022,4,64.5,40.1,24.5,0.72
221,RB Leipzig,34,19,8,7,77,39,38,65,1.91,44921.0,Loïs Openda - 24,Janis Blaswich,CL,Bundesliga,2023_2024,4,65.6,40.1,25.5,0.75
222,RB Salzburg,32,23,8,1,67,22,45,77,2.41,12742.0,Benjamin Šeško - 16,Philipp Köhn,CL,Austrian_Bundesliga,2022_2023,1,,,,
222,RB Salzburg,32,25,5,2,77,19,58,80,2.5,9240.0,Karim Adeyemi - 19,Philipp Köhn,CL,Austrian_Bundesliga,2021_2022,1,,,,
222,RB Salzburg,32,20,7,5,74,29,45,67,2.09,12069.0,Karim Konaté - 20,Alexander Schlager,CL,Austrian_Bundesliga,2023_2024,2,,,,
223,RKC Waalwijk,34,11,8,15,50,64,-14,41,1.21,6034.0,Michiel Kramer - 12,Etienne Vaessen,,Eredivisie,2022_2023,9,45.4,64.0,-18.6,-0.55
223,RKC Waalwijk,34,9,11,14,40,51,-11,38,1.12,3689.0,Michiel Kramer - 11,Etienne Vaessen,,Eredivisie,2021_2022,10,38.3,66.0,-27.7,-0.82
223,RKC Waalwijk,34,7,8,19,38,56,-18,29,0.85,6506.0,David Min - 10,Etienne Vaessen,,Eredivisie,2023_2024,15,44.5,57.6,-13.1,-0.39
224,RKS Raków,34,20,9,5,60,30,30,69,2.03,4365.0,Ivi - 20,Vladen Kovačević,ECL,Ekstraklasa,2021_2022,2,,,,
224,RKS Raków,34,23,6,5,63,24,39,75,2.21,5227.0,"Ivi, Bartosz Nowak - 9",Vladen Kovačević,CL,Ekstraklasa,2022_2023,1,,,,
224,RKS Raków,34,14,10,10,54,39,15,52,1.53,5318.0,Ante Crnac - 8,Vladen Kovačević,,Ekstraklasa,2023_2024,7,,,,
225,RWD Molenbeek,30,5,8,17,31,67,-36,23,0.77,4799.0,Makhtar Gueye - 8,Théo Defourny,R,Belgian_Pro_League,2023_2024,15,33.5,65.5,-32.0,-1.07
226,Radnik Surdulica,30,8,12,10,24,31,-7,36,1.2,,Uroš Milovanović - 12,Stefan Ranđelović,RR,Serbian_SuperLiga,2021_2022,10,,,,
226,Radnik Surdulica,37,8,11,18,28,50,-22,35,0.95,875.0,"Miloš Spasić, Andrija Radulović - 5",Stefan Ranđelović,,Serbian_SuperLiga,2022_2023,14,,,,
226,Radnik Surdulica,30,3,8,19,19,41,-22,17,0.57,,,,RR,Serbian_SuperLiga,2023_2024,16,,,,
227,Radnički Kragujevac,30,8,6,16,27,50,-23,30,1.0,,Marko Mirić - 9,Ognjen Lukić,RR,Serbian_SuperLiga,2021_2022,13,,,,
227,Radnički Kragujevac,37,11,9,17,37,43,-6,42,1.14,2287.0,Milutin Vidosavljević - 7,Stojan Leković,,Serbian_SuperLiga,2022_2023,8,,,,
227,Radnički Kragujevac,30,16,2,12,46,46,0,50,1.67,,,,CR,Serbian_SuperLiga,2023_2024,5,,,,
228,Radnički Niš,30,9,13,8,32,33,-1,40,1.33,,Stefan Mitrović - 10,Damir Kahriman,CR,Serbian_SuperLiga,2021_2022,5,,,,
228,Radnički Niš,37,9,8,20,37,61,-24,35,0.95,1750.0,Nikola Štulić - 10,Dragan Rosić,,Serbian_SuperLiga,2022_2023,13,,,,
228,Radnički Niš,30,9,6,15,33,40,-7,33,1.1,,,,RR,Serbian_SuperLiga,2023_2024,11,,,,
229,Radomiak Radom,34,11,15,8,42,40,2,48,1.41,3843.0,Karol Angielski - 18,Filip Majchrowicz,,Ekstraklasa,2021_2022,7,,,,
229,Radomiak Radom,34,12,8,14,34,41,-7,44,1.29,3702.0,Leonardo Rocha - 6,Gabriel Kobylak,,Ekstraklasa,2022_2023,10,,,,
229,Radomiak Radom,34,10,8,16,41,58,-17,38,1.12,7740.0,Pedro - 8,Albert Posiadala,,Ekstraklasa,2023_2024,15,,,,
230,Randers,32,10,11,11,40,47,-7,41,1.28,9276.0,Marvin Egho - 6,Patrik Carlgren,,Danish_Superliga,2022_2023,6,,,,
230,Randers,22,9,6,7,26,25,1,33,1.5,,"Stephen Odey, Vito Hammershøy-Mistrati - 7",Patrik Carlgren,CR,Danish_Superliga,2021_2022,5,,,,
230,Randers,32,10,11,11,41,49,-8,41,1.28,5265.0,Mohammed Fuseini - 9,Patrik Carlgren,,Danish_Superliga,2023_2024,7,,,,
231,Rapid Wien,32,12,6,14,50,47,3,42,1.31,17799.0,Guido Burgstaller - 21,Niklas Hedl,ECL,Austrian_Bundesliga,2022_2023,4,,,,
231,Rapid Wien,32,10,11,11,48,45,3,41,1.28,14054.0,Ercan Kara - 9,Paul Gartler,ECL,Austrian_Bundesliga,2021_2022,5,,,,
231,Rapid Wien,32,11,12,9,47,35,12,45,1.41,18615.0,Marco Grüll - 13,Niklas Hedl,EL,Austrian_Bundesliga,2023_2024,4,,,,
232,Rayo Vallecano,38,11,9,18,39,50,-11,42,1.11,7866.0,Sergi Guardiola - 8,Stole Dimitrievski,,La_Liga,2021_2022,12,42.8,48.4,-5.6,-0.15
232,Rayo Vallecano,38,13,10,15,45,53,-8,49,1.29,12525.0,Isaac Palazón Camacho - 9,Stole Dimitrievski,,La_Liga,2022_2023,11,43.9,50.3,-6.4,-0.17
232,Rayo Vallecano,38,8,14,16,29,48,-19,38,1.0,12749.0,Álvaro García - 6,Stole Dimitrievski,,La_Liga,2023_2024,17,42.3,44.6,-2.3,-0.06
233,Real Madrid,38,26,8,4,80,31,49,86,2.26,41235.0,Karim Benzema - 27,Thibaut Courtois,CL,La_Liga,2021_2022,1,71.7,43.9,27.8,0.73
233,Real Madrid,38,24,6,8,75,36,39,78,2.05,56649.0,Karim Benzema - 19,Thibaut Courtois,CL,La_Liga,2022_2023,2,75.5,38.9,36.6,0.96
233,Real Madrid,38,29,8,1,87,26,61,95,2.5,72061.0,Jude Bellingham - 19,Andriy Lunin,CL,La_Liga,2023_2024,1,68.8,35.4,33.4,0.88
234,Real Sociedad,38,17,11,10,40,37,3,62,1.63,26813.0,Mikel Oyarzabal - 9,Álex Remiro,EL,La_Liga,2021_2022,6,51.5,38.7,12.8,0.34
234,Real Sociedad,38,21,8,9,51,35,16,71,1.87,32189.0,Alexander Sørloth - 12,Álex Remiro,CL,La_Liga,2022_2023,4,52.9,33.0,19.8,0.52
234,Real Sociedad,38,16,12,10,51,39,12,60,1.58,31710.0,Mikel Oyarzabal - 9,Álex Remiro,EL,La_Liga,2023_2024,6,44.9,41.3,3.6,0.1
235,Red Star,30,26,3,1,79,17,62,81,2.7,,Aleksandar Katai - 24,Milan Borjan,CR,Serbian_SuperLiga,2021_2022,1,,,,
235,Red Star,37,30,7,0,96,19,77,97,2.62,10020.0,Aleksandar Katai - 17,Milan Borjan,CL,Serbian_SuperLiga,2022_2023,1,,,,
235,Red Star,30,25,2,3,77,22,55,77,2.57,,,,CR,Serbian_SuperLiga,2023_2024,1,,,,
236,Reims,38,12,15,11,45,45,0,51,1.34,13290.0,Folarin Balogun - 21,Yehvann Diouf,,Ligue_1,2022_2023,11,61.5,52.7,8.9,0.23
236,Reims,34,13,8,13,42,47,-5,47,1.38,15716.0,Teddy Teuma - 6,Yehvann Diouf,,Ligue_1,2023_2024,9,44.5,46.4,-1.9,-0.06
236,Reims,38,11,13,14,43,44,-1,46,1.21,11071.0,Hugo Ekitike - 10,Predrag Rajković,,Ligue_1,2021_2022,12,37.7,46.4,-8.7,-0.23
237,Rennes,38,21,5,12,69,39,30,68,1.79,27722.0,Amine Gouiri - 15,Steve Mandanda,EL,Ligue_1,2022_2023,4,61.4,44.1,17.3,0.45
237,Rennes,34,12,10,12,53,46,7,46,1.35,27663.0,Arnaud Kalimuendo - 10,Steve Mandanda,,Ligue_1,2023_2024,10,53.1,41.2,11.8,0.35
237,Rennes,38,20,6,12,82,40,42,66,1.74,25493.0,Martin Terrier - 21,Alfred Gomis,EL,Ligue_1,2021_2022,4,62.8,42.9,19.8,0.52
238,Ried,32,4,11,17,27,50,-23,23,0.72,4634.0,"Seifedin Chabbi, Tin Plavotic - 4",Samuel Şahin-Radlinger,R,Austrian_Bundesliga,2022_2023,12,,,,
238,Ried,32,8,13,11,40,54,-14,37,1.16,3830.0,Ante Bajic - 9,Samuel Şahin-Radlinger,,Austrian_Bundesliga,2021_2022,10,,,,
239,Rio Ave,34,6,19,9,38,43,-5,37,1.09,3149.0,Emmanuel Boateng - 7,Jhonatan,,Primeira_Liga,2023_2024,11,38.7,42.5,-3.8,-0.11
239,Rio Ave,34,10,10,14,36,43,-7,40,1.18,2906.0,Abdul-Aziz Yakubu - 7,Jhonatan,,Primeira_Liga,2022_2023,12,35.8,48.7,-13.0,-0.38
240,Rizespor,38,14,8,16,48,58,-10,50,1.32,,Dal Varesanovic - 9,Gökhan Akkan,,Super_Lig,2023_2024,9,,,,
240,Rizespor,38,10,6,22,44,71,-27,36,0.95,,Joel Pohjanpalo - 16,Gökhan Akkan,R,Super_Lig,2021_2022,17,,,,
241,Roma,38,18,9,11,50,38,12,63,1.66,62032.0,Paulo Dybala - 12,Rui Patrício,EL,Serie_A,2022_2023,6,57.4,32.1,25.3,0.67
241,Roma,38,18,9,11,65,46,19,63,1.66,62924.0,"Romelu Lukaku, Paulo Dybala - 13",Rui Patrício,EL,Serie_A,2023_2024,6,51.4,41.8,9.6,0.25
241,Roma,38,18,9,11,59,43,16,63,1.66,41929.0,Tammy Abraham - 17,Rui Patrício,EL,Serie_A,2021_2022,6,65.1,38.4,26.8,0.7
242,Ruch Chorzów,34,6,14,14,40,55,-15,32,0.94,17557.0,Daniel Szczepan - 10,Dante Stipica,R,Ekstraklasa,2023_2024,17,,,,
243,SC Austria Lustenau,32,11,10,11,50,54,-4,43,1.34,6363.0,Lukas Fridrikas - 13,Domenik Schierl,,Austrian_Bundesliga,2022_2023,8,,,,
243,SC Austria Lustenau,32,4,9,19,22,58,-36,21,0.66,3896.0,Lukas Fridrikas - 6,Domenik Schierl,R,Austrian_Bundesliga,2023_2024,12,,,,
244,SCR Altach,32,6,10,16,29,53,-24,28,0.88,4953.0,Atdhe Nuhiu - 10,Tino Casali,,Austrian_Bundesliga,2022_2023,11,,,,
244,SCR Altach,32,7,8,17,24,49,-25,29,0.91,3375.0,Atdhe Nuhiu - 5,Tino Casali,,Austrian_Bundesliga,2021_2022,9,,,,
244,SCR Altach,32,6,13,13,27,40,-13,31,0.97,5577.0,Mike-Steven Bähre - 5,Dejan Stojanović,,Austrian_Bundesliga,2023_2024,10,,,,
245,SK Austria Klagenfurt,32,11,5,16,45,63,-18,38,1.19,6084.0,Markus Pink - 16,Phillip Menzel,,Austrian_Bundesliga,2022_2023,6,,,,
245,SK Austria Klagenfurt,32,8,12,12,43,57,-14,36,1.13,4508.0,Markus Pink - 12,Phillip Menzel,,Austrian_Bundesliga,2021_2022,6,,,,
245,SK Austria Klagenfurt,32,9,12,11,40,50,-10,39,1.22,4476.0,Sinan Karweina - 10,Phillip Menzel,,Austrian_Bundesliga,2023_2024,6,,,,
246,Saint-Étienne,38,7,11,20,42,77,-35,32,0.84,21806.0,Wahbi Khazri - 10,Paul Bernardoni,PO,Ligue_1,2021_2022,18,38.3,58.2,-19.9,-0.52
247,Salernitana,38,9,15,14,48,62,-14,42,1.11,20082.0,Boulaye Dia - 16,Guillermo Ochoa,,Serie_A,2022_2023,15,36.7,67.1,-30.5,-0.8
247,Salernitana,38,2,11,25,32,81,-49,17,0.45,18787.0,Antonio Candreva - 6,Guillermo Ochoa,R,Serie_A,2023_2024,20,30.3,74.4,-44.1,-1.16
247,Salernitana,38,7,10,21,33,78,-45,31,0.82,15073.0,Federico Bonazzoli - 10,Vid Belec,,Serie_A,2021_2022,17,36.5,65.2,-28.7,-0.76
248,Sampdoria,38,3,10,25,24,71,-47,19,0.5,20133.0,Manolo Gabbiadini - 7,Emil Audero,R,Serie_A,2022_2023,20,34.1,66.3,-32.2,-0.85
248,Sampdoria,38,10,6,22,46,63,-17,36,0.95,9417.0,Francesco Caputo - 11,Emil Audero,,Serie_A,2021_2022,15,36.7,56.1,-19.3,-0.51
249,Samsunspor,38,11,10,17,42,52,-10,43,1.13,9890.0,Marius Mouandilmadji - 9,Okan Kocuk,,Super_Lig,2023_2024,13,,,,
250,Santa Clara,34,9,13,12,38,54,-16,40,1.18,1252.0,Crysan - 7,Marco André Rocha Pereira,,Primeira_Liga,2021_2022,7,38.4,41.1,-2.7,-0.08
250,Santa Clara,34,5,7,22,26,58,-32,22,0.65,2164.0,"Matheus Babi, Gabriel Vieira - 5",Gabriel Batista,R,Primeira_Liga,2022_2023,18,35.2,51.7,-16.5,-0.48
251,Sassuolo,38,12,9,17,47,61,-14,45,1.18,13011.0,Domenico Berardi - 12,Andrea Consigli,,Serie_A,2022_2023,13,51.6,49.7,1.9,0.05
251,Sassuolo,38,7,9,22,43,75,-32,30,0.79,13905.0,Andrea Pinamonti - 11,Andrea Consigli,R,Serie_A,2023_2024,19,39.8,61.6,-21.8,-0.57
251,Sassuolo,38,13,11,14,64,66,-2,50,1.32,8362.0,Gianluca Scamacca - 16,Andrea Consigli,,Serie_A,2021_2022,11,55.7,66.4,-10.7,-0.28
252,Schalke 04,34,7,10,17,35,71,-36,31,0.91,61133.0,Marius Bülter - 11,Alexander Schwolow,R,Bundesliga,2022_2023,17,39.6,57.1,-17.6,-0.52
253,Septemvri Sofia,35,7,7,21,31,52,-21,28,0.8,400.0,Atanas Kabov - 6,Dimitar Sheytanov,,Bulgarian_First_League,2022_2023,15,,,,
254,Sevilla,38,18,16,4,53,30,23,70,1.84,29756.0,Rafa Mir - 10,Yassine Bounou,CL,La_Liga,2021_2022,4,42.4,36.9,5.4,0.14
254,Sevilla,38,13,10,15,47,54,-7,49,1.29,35566.0,Youssef En-Nesyri - 8,Yassine Bounou,,La_Liga,2022_2023,12,46.3,54.2,-7.9,-0.21
254,Sevilla,38,10,11,17,48,54,-6,41,1.08,34984.0,Youssef En-Nesyri - 16,Ørjan Nyland,,La_Liga,2023_2024,14,44.9,55.9,-11.0,-0.29
255,Sheffield Utd,38,3,7,28,35,104,-69,16,0.42,30011.0,"Oliver McBurnie, Ben Brereton - 6",Wes Foderingham,R,Premier_League,2023_2024,20,38.3,76.7,-38.4,-1.01
256,Silkeborg,32,11,8,13,44,49,-5,41,1.28,8134.0,Tonni Adamsen - 10,Nicolai Larsen,,Danish_Superliga,2022_2023,9,,,,
256,Silkeborg,22,7,10,5,34,21,13,31,1.41,,Nicklas Helenius - 17,Nicolai Larsen,CR,Danish_Superliga,2021_2022,6,,,,
256,Silkeborg,32,10,6,16,39,50,-11,36,1.13,5639.0,Alexander Lind - 10,Nicolai Larsen,EL,Danish_Superliga,2023_2024,6,,,,
257,Sint-Truiden,30,10,10,10,35,46,-11,40,1.33,5759.0,Aboubakary Koita - 14,Zion Suzuki,,Belgian_Pro_League,2023_2024,9,38.0,44.2,-6.1,-0.2
257,Sint-Truiden,34,15,6,13,42,40,2,51,1.5,,Taichi Hara - 8,Daniel Schmidt,,Belgian_Pro_League,2021_2022,9,41.3,44.4,-3.1,-0.09
257,Sint-Truiden,34,11,9,14,37,40,-3,42,1.24,5275.0,Gianni Bruno - 18,Daniel Schmidt,,Belgian_Pro_League,2022_2023,12,37.3,39.3,-2.0,-0.06
258,Sivasspor,38,14,12,12,47,54,-7,54,1.42,,Rey Manaj - 18,Ali Şaşal Vural,,Super_Lig,2023_2024,7,,,,
258,Sivasspor,38,14,12,12,52,50,2,54,1.42,,Mustapha Yatabaré - 10,Ali Şaşal Vural,EL,Super_Lig,2021_2022,10,,,,
258,Sivasspor,36,11,8,17,46,54,-8,41,1.14,3984.0,Max Gradel - 7,Ali Şaşal Vural,,Super_Lig,2022_2023,14,,,,
259,Slavia Sofia,36,17,7,12,37,31,6,58,1.61,408.0,Toni Tasev - 7,Svetoslav Vutsov,,Bulgarian_First_League,2022_2023,8,,,,
259,Slavia Sofia,36,12,7,17,35,51,-16,43,1.19,167.0,Toni Tasev - 9,Svetoslav Vutsov,,Bulgarian_First_League,2023_2024,10,,,,
259,Slavia Sofia,26,9,9,8,30,26,4,36,1.38,,"Radoslav Kirilov, Toni Tasev - 6",Svetoslav Vutsov,,Bulgarian_First_League,2021_2022,6,,,,
260,Southampton,38,6,7,25,36,73,-37,25,0.66,30440.0,James Ward-Prowse - 9,Gavin Bazunu,R,Premier_League,2022_2023,20,37.8,60.8,-23.0,-0.61
260,Southampton,38,9,13,16,43,67,-24,40,1.05,30134.0,James Ward-Prowse - 10,Fraser Forster,,Premier_League,2021_2022,15,44.8,60.0,-15.2,-0.4
261,Sparta R'dam,34,17,8,9,60,37,23,59,1.74,10838.0,"Vito van Crooy, Tobias Lauritsen - 12",Nick Olij,,Eredivisie,2022_2023,6,41.5,47.2,-5.7,-0.17
261,Sparta R'dam,34,8,11,15,30,48,-18,35,1.03,6077.0,"Vito van Crooy, Lennart Thy - 5",Maduka Okoye,,Eredivisie,2021_2022,14,33.3,49.7,-16.4,-0.48
261,Sparta R'dam,34,14,7,13,51,48,3,49,1.44,10168.0,Tobias Lauritsen - 12,Nick Olij,,Eredivisie,2023_2024,8,46.2,52.5,-6.3,-0.18
262,Spartak Subotic,30,9,7,14,35,49,-14,34,1.13,,Nemanja Nikolić - 11,Mišo Dubljanić,RR,Serbian_SuperLiga,2021_2022,11,,,,
262,Spartak Subotic,37,9,12,16,38,49,-11,39,1.05,1077.0,Luka Bijelovic - 8,Filip Manojlović,,Serbian_SuperLiga,2022_2023,10,,,,
262,Spartak Subotic,30,10,4,16,29,44,-15,34,1.13,,,,RR,Serbian_SuperLiga,2023_2024,10,,,,
263,Spezia,38,6,13,19,31,62,-31,31,0.82,9258.0,M'Bala Nzola - 13,Bartłomiej Drągowski,R,Serie_A,2022_2023,17,41.5,59.5,-18.0,-0.47
263,Spezia,38,10,6,22,41,71,-30,36,0.95,6709.0,Daniele Verde - 8,Ivan Provedel,,Serie_A,2021_2022,16,40.1,64.4,-24.3,-0.64
264,Sporting CP,34,29,3,2,96,29,67,90,2.65,40102.0,Viktor Gyökeres - 29,Antonio Adán,CL,Primeira_Liga,2023_2024,1,72.5,26.4,46.2,1.36
264,Sporting CP,34,27,4,3,73,23,50,85,2.5,25158.0,Pablo Sarabia - 15,Antonio Adán,CL,Primeira_Liga,2021_2022,2,71.0,22.6,48.4,1.42
264,Sporting CP,34,23,5,6,71,32,39,74,2.18,29292.0,Pedro Gonçalves - 15,Antonio Adán,EL,Primeira_Liga,2022_2023,4,69.9,28.4,41.5,1.22
265,Stal Mielec,34,9,10,15,39,52,-13,37,1.09,3303.0,Grzegorz Tomasiewicz - 8,Rafał Strączek,,Ekstraklasa,2021_2022,14,,,,
265,Stal Mielec,34,11,10,13,36,40,-4,43,1.26,5169.0,Saïd Hamulic - 9,Bartosz Mrozek,,Ekstraklasa,2022_2023,11,,,,
265,Stal Mielec,34,11,10,13,42,48,-6,43,1.26,5708.0,Ilya Shkurin - 16,Mateusz Kochalski,,Ekstraklasa,2023_2024,11,,,,
266,Standard Liège,30,8,10,12,33,41,-8,34,1.13,17147.0,Wilfried Kanga - 9,Arnaud Bodart,,Belgian_Pro_League,2023_2024,12,32.0,43.6,-11.6,-0.39
266,Standard Liège,34,9,9,16,32,51,-19,36,1.06,,Denis Drăguș - 6,Arnaud Bodart,,Belgian_Pro_League,2021_2022,14,39.0,51.8,-12.8,-0.38
266,Standard Liège,34,16,7,11,58,45,13,55,1.62,19636.0,Philip Zinckernagel - 9,Arnaud Bodart,,Belgian_Pro_League,2022_2023,8,51.9,43.9,8.0,0.24
267,Strasbourg,38,9,13,16,51,59,-8,40,1.05,25278.0,Habib Diallo - 20,Matz Sels,,Ligue_1,2022_2023,15,48.5,55.3,-6.7,-0.18
267,Strasbourg,34,10,9,15,38,50,-12,39,1.15,25334.0,Emanuel Emegha - 8,Matz Sels,,Ligue_1,2023_2024,13,41.8,45.5,-3.7,-0.11
267,Strasbourg,38,17,12,9,60,43,17,63,1.66,23555.0,Ludovic Ajorque - 12,Matz Sels,,Ligue_1,2021_2022,6,55.6,43.5,12.1,0.32
268,Sturm Graz,32,20,6,6,57,29,28,66,2.06,13002.0,"Emanuel Emegha, Manprit Sarkaria - 9",Jörg Siebenhandl,CL,Austrian_Bundesliga,2022_2023,2,,,,
268,Sturm Graz,32,16,8,8,62,46,16,56,1.75,11636.0,Jakob Jantscher - 14,Jörg Siebenhandl,CL,Austrian_Bundesliga,2021_2022,2,,,,
268,Sturm Graz,32,19,10,3,56,23,33,67,2.09,14578.0,Otar Kiteishvili - 9,Kjell Scherpen,CL,Austrian_Bundesliga,2023_2024,1,,,,
269,Stuttgart,34,7,12,15,45,57,-12,33,0.97,46541.0,Serhou Guirassy - 11,Florian Müller,PO,Bundesliga,2022_2023,16,47.6,45.2,2.4,0.07
269,Stuttgart,34,7,12,15,41,59,-18,33,0.97,27052.0,Sasa Kalajdzic - 6,Florian Müller,,Bundesliga,2021_2022,15,43.7,54.0,-10.2,-0.3
269,Stuttgart,34,23,4,7,78,39,39,73,2.15,55089.0,Serhou Guirassy - 28,Alexander Nübel,CL,Bundesliga,2023_2024,2,70.9,38.1,32.7,0.96
270,SønderjyskE,22,2,7,13,17,41,-24,13,0.59,,Emil Berggreen - 4,Lawrence Thomas,RR,Danish_Superliga,2021_2022,12,,,,
271,TSC Bačka Top,30,11,8,11,44,41,3,41,1.37,,Stefan Vukić - 11,Nenad Filipović,CR,Serbian_SuperLiga,2021_2022,4,,,,
271,TSC Bačka Top,37,22,9,6,66,32,34,75,2.03,1758.0,Petar Ratkov - 13,Veljko Ilic,CL,Serbian_SuperLiga,2022_2023,2,,,,
271,TSC Bačka Top,30,17,9,4,57,29,28,60,2.0,,,,CR,Serbian_SuperLiga,2023_2024,3,,,,
272,Tondela,34,7,7,20,41,67,-26,28,0.82,1727.0,João Pedro - 8,Pedro Trigueira,R,Primeira_Liga,2021_2022,17,35.1,58.1,-22.9,-0.67
273,Torino,38,14,11,13,42,41,1,53,1.39,19464.0,Antonio Sanabria - 12,Vanja Milinković-Savić,,Serie_A,2022_2023,10,41.8,40.0,1.8,0.05
273,Torino,38,13,14,11,36,36,0,53,1.39,22753.0,Duván Zapata - 12,Vanja Milinković-Savić,,Serie_A,2023_2024,9,37.7,37.4,0.3,0.01
273,Torino,38,13,11,14,46,41,5,50,1.32,9846.0,Andrea Belotti - 8,Vanja Milinković-Savić,,Serie_A,2021_2022,10,48.7,38.9,9.8,0.26
274,Tottenham,38,20,6,12,74,61,13,66,1.74,61482.0,Son Heung-min - 17,Guglielmo Vicario,EL,Premier_League,2023_2024,5,68.2,63.4,4.8,0.13
274,Tottenham,38,18,6,14,70,63,7,60,1.58,61585.0,Harry Kane - 30,Hugo Lloris,,Premier_League,2022_2023,8,57.0,49.6,7.4,0.2
274,Tottenham,38,22,5,11,69,40,29,71,1.87,56523.0,Son Heung-min - 23,Hugo Lloris,CL,Premier_League,2021_2022,4,61.2,39.3,21.9,0.58
275,Toulouse,38,13,9,16,51,57,-6,48,1.26,23966.0,Thijs Dallinga - 12,Maxime Dupé,EL,Ligue_1,2022_2023,13,52.5,57.0,-4.5,-0.12
275,Toulouse,34,11,10,13,42,46,-4,43,1.26,25806.0,Thijs Dallinga - 14,Guillaume Restes,,Ligue_1,2023_2024,11,40.3,48.1,-7.8,-0.23
276,Trabzonspor,38,21,4,13,69,50,19,67,1.76,,Paul Onuachu - 15,Uğurcan Çakır,EL,Super_Lig,2023_2024,3,,,,
276,Trabzonspor,38,23,12,3,69,36,33,81,2.13,,Andreas Cornelius - 15,Uğurcan Çakır,CL,Super_Lig,2021_2022,1,,,,
276,Trabzonspor,36,17,6,13,64,54,10,57,1.58,,Trézéguet - 11,Uğurcan Çakır,,Super_Lig,2022_2023,6,,,,
277,Troyes,38,4,12,22,45,81,-36,24,0.63,10004.0,Mama Samba Baldé - 12,Gauthier Gallon,R,Ligue_1,2022_2023,19,39.1,78.0,-38.9,-1.02
277,Troyes,38,9,11,18,37,53,-16,38,1.0,9491.0,"Xavier Chavalerin, Ike Ugbo - 5",Gauthier Gallon,,Ligue_1,2021_2022,15,39.2,50.8,-11.5,-0.3
278,Tsarsko Selo,26,3,7,16,15,36,-21,16,0.62,,Ventsislav Hristov - 6,Yanko Georgiev,,Bulgarian_First_League,2021_2022,14,,,,
279,Twente,34,18,10,6,66,27,39,64,1.88,32653.0,Václav Černý - 13,Lars Unnerstall,ECL,Eredivisie,2022_2023,5,62.8,36.2,26.7,0.78
279,Twente,34,20,8,6,55,37,18,68,2.0,19976.0,Ricky van Wolfswinkel - 16,Lars Unnerstall,ECL,Eredivisie,2021_2022,4,53.7,40.0,13.8,0.4
279,Twente,34,21,6,7,69,36,33,69,2.03,29685.0,Sem Steijn - 17,Lars Unnerstall,CL,Eredivisie,2023_2024,3,57.9,36.7,21.3,0.63
280,Udinese,38,11,13,14,47,48,-1,46,1.21,21616.0,Beto - 10,Marco Silvestri,,Serie_A,2022_2023,12,46.9,51.8,-4.9,-0.13
280,Udinese,38,6,19,13,37,53,-16,37,0.97,21537.0,Lorenzo Lucca - 8,Maduka Okoye,,Serie_A,2023_2024,15,39.1,49.1,-10.0,-0.26
280,Udinese,38,11,14,13,61,58,3,47,1.24,12144.0,Gerard Deulofeu - 13,Marco Silvestri,,Serie_A,2021_2022,12,51.3,52.4,-1.0,-0.03
281,Union Berlin,34,18,8,8,51,38,13,62,1.82,21822.0,Sheraldo Becker - 11,Frederik Rønnow,CL,Bundesliga,2022_2023,4,37.9,42.6,-4.7,-0.14
281,Union Berlin,34,16,9,9,50,44,6,57,1.68,14046.0,Taiwo Awoniyi - 15,Andreas Luthe,EL,Bundesliga,2021_2022,5,47.0,38.5,8.5,0.25
281,Union Berlin,34,9,6,19,33,58,-25,33,0.97,21840.0,Robin Gosens - 6,Frederik Rønnow,,Bundesliga,2023_2024,15,40.1,50.5,-10.4,-0.31
282,Union SG,30,21,7,2,63,31,32,70,2.33,7096.0,Mohamed Amoura - 17,Anthony Moris,CL,Belgian_Pro_League,2023_2024,2,58.3,27.0,31.3,1.04
282,Union SG,34,24,5,5,78,27,51,77,2.26,,Deniz Undav - 25,Anthony Moris,PO,Belgian_Pro_League,2021_2022,1,62.0,33.0,29.0,0.88
282,Union SG,34,23,6,5,70,41,29,75,2.21,6492.0,"Dante Vanzeir, Simon Adingra - 10",Anthony Moris,EL,Belgian_Pro_League,2022_2023,3,54.2,38.2,16.0,0.47
283,Utrecht,34,15,9,10,55,50,5,54,1.59,20760.0,Anastasios Douvikas - 19,Vasilios Barkas,,Eredivisie,2022_2023,7,49.3,45.5,3.8,0.11
283,Utrecht,34,12,11,11,51,46,5,47,1.38,15157.0,"Bart Ramselaar, Anastasios Douvikas - 9",Maarten Paes,,Eredivisie,2021_2022,7,61.6,43.9,17.6,0.52
283,Utrecht,34,13,11,10,49,47,2,50,1.47,23040.0,Sam Lammers - 10,Vasilios Barkas,,Eredivisie,2023_2024,7,46.3,48.0,-1.7,-0.05
284,Valencia,38,11,15,12,48,53,-5,48,1.26,27349.0,"Gonçalo Guedes, Carlos Soler - 11",Giorgi Mamardashvili,,La_Liga,2021_2022,9,39.0,47.7,-8.7,-0.23
284,Valencia,38,11,9,18,42,45,-3,42,1.11,40602.0,"Samuel Lino, Justin Kluivert - 6",Giorgi Mamardashvili,,La_Liga,2022_2023,16,49.3,43.5,5.8,0.15
284,Valencia,38,13,10,15,40,45,-5,49,1.29,43420.0,Hugo Duro - 13,Giorgi Mamardashvili,,La_Liga,2023_2024,9,43.1,47.6,-4.5,-0.12
285,Valladolid,38,11,7,20,33,63,-30,40,1.05,20943.0,Cyle Larin - 8,Jordi Masip,R,La_Liga,2022_2023,18,38.5,65.2,-26.6,-0.7
286,Vejle BK,22,4,4,14,21,48,-27,16,0.73,,"Arbnor Mucolli, Luka Đorđević - 5",Alexander Brunst,RR,Danish_Superliga,2021_2022,11,,,,
286,Vejle BK,32,9,9,14,32,36,-4,36,1.13,8178.0,German Onugkha - 15,Nathan Trott,,Danish_Superliga,2023_2024,9,,,,
287,Venezia,38,6,9,23,34,69,-35,27,0.71,6648.0,Thomas Henry - 9,Niki Mäenpää,R,Serie_A,2021_2022,20,36.5,71.8,-35.3,-0.93
288,Viborg,32,14,9,9,44,35,9,51,1.59,9282.0,Jay-Roy Grot - 9,Lucas Lund Pedersen,,Danish_Superliga,2022_2023,4,,,,
288,Viborg,22,6,9,7,31,33,-2,27,1.23,,"Sebastian Grønning, Jakob Bonde - 6",Lucas Lund Pedersen,RR,Danish_Superliga,2021_2022,7,,,,
288,Viborg,32,11,7,14,38,48,-10,40,1.25,6398.0,Anosike Ementa - 8,Lucas Lund Pedersen,,Danish_Superliga,2023_2024,8,,,,
289,Villarreal,38,16,11,11,63,37,26,59,1.55,14293.0,Arnaut Danjuma - 10,Gerónimo Rulli,ECL,La_Liga,2021_2022,7,64.2,44.8,19.4,0.51
289,Villarreal,38,19,7,12,59,40,19,64,1.68,16406.0,Nicolas Jackson - 12,Pepe Reina,EL,La_Liga,2022_2023,5,61.6,49.9,11.8,0.31
289,Villarreal,38,14,11,13,65,65,0,53,1.39,17957.0,Alexander Sørloth - 23,Filip Jørgensen,,La_Liga,2023_2024,8,55.6,58.7,-3.2,-0.08
290,Vitesse,34,10,10,14,45,50,-5,40,1.18,15132.0,Million Manhoef - 9,Kjell Scherpen,,Eredivisie,2022_2023,10,43.8,40.2,3.6,0.11
290,Vitesse,34,15,6,13,42,51,-9,51,1.5,12044.0,Loïs Openda - 18,Markus Schubert,,Eredivisie,2021_2022,6,48.8,48.4,0.4,0.01
290,Vitesse,34,6,6,22,30,74,-44,6,0.18,16216.0,Marco van Ginkel - 7,Eloy Room,R,Eredivisie,2023_2024,18,37.7,64.2,-26.5,-0.78
291,Vitória,34,19,6,9,52,38,14,63,1.85,17388.0,Jota Silva - 11,Bruno Varela,ECL,Primeira_Liga,2023_2024,5,45.1,39.3,5.8,0.17
291,Vitória,34,13,9,12,50,41,9,48,1.41,10733.0,Oscar Estupiñan - 15,Bruno Varela,ECL,Primeira_Liga,2021_2022,6,49.3,47.6,1.7,0.05
291,Vitória,34,16,5,13,34,39,-5,53,1.56,16111.0,André Silva - 6,Bruno Varela,ECL,Primeira_Liga,2022_2023,6,35.1,41.2,-6.0,-0.18
292,Vizela,34,5,11,18,36,66,-30,26,0.76,3118.0,Samuel Essende - 15,Fabijan Buntić,R,Primeira_Liga,2023_2024,17,40.6,51.4,-10.9,-0.32
292,Vizela,34,7,12,15,37,58,-21,33,0.97,3019.0,Guilherme Schettine - 8,Pedro José Moreira Silva,,Primeira_Liga,2021_2022,14,41.5,54.1,-12.7,-0.37
292,Vizela,34,11,7,16,34,38,-4,40,1.18,3310.0,Milutin Osmajić - 8,Fabijan Buntić,,Primeira_Liga,2022_2023,11,42.2,41.7,0.6,0.02
293,Vojvodina,30,11,6,13,38,40,-2,39,1.3,,Veljko Simić - 10,Nikola Simić,CR,Serbian_SuperLiga,2021_2022,7,,,,
293,Vojvodina,37,16,15,6,59,35,24,63,1.7,3400.0,Nikola Čumić - 13,Lazar Carević,ECL,Serbian_SuperLiga,2022_2023,5,,,,
293,Vojvodina,30,14,8,8,49,42,7,50,1.67,,,,CR,Serbian_SuperLiga,2023_2024,4,,,,
294,Volendam,34,10,6,18,42,71,-29,36,1.06,6628.0,Daryl van Mieghem - 8,Filip Stankovic,,Eredivisie,2022_2023,14,42.5,63.7,-21.2,-0.62
294,Volendam,34,4,7,23,34,88,-54,19,0.56,6712.0,Robert Mühren - 8,Mio Backhaus,R,Eredivisie,2023_2024,17,36.6,74.6,-38.0,-1.12
295,Volos NFC,26,4,7,15,24,52,-28,19,0.73,,Juan Manuel García - 9,Dániel Kovács,RR,Super_League_Greece,2023_2024,13,,,,
295,Volos NFC,26,8,6,12,35,42,-7,30,1.15,,Tom van Weert - 17,Boris Klaiman,RR,Super_League_Greece,2021_2022,10,,,,
295,Volos NFC,26,11,6,9,31,38,-7,39,1.5,,"Ognjen Ožegović, Miloš Deletić - 6",Boris Klaiman,CR,Super_League_Greece,2022_2023,6,,,,
296,Voždovac,30,11,7,12,41,37,4,40,1.33,,Nikola Vujnović - 10,Miloje Preković,CR,Serbian_SuperLiga,2021_2022,6,,,,
296,Voždovac,37,13,7,17,29,52,-23,46,1.24,446.0,Miloš Pantović - 7,Milos Krunic,,Serbian_SuperLiga,2022_2023,7,,,,
296,Voždovac,30,7,9,14,38,48,-10,30,1.0,,,,RR,Serbian_SuperLiga,2023_2024,14,,,,
297,WSG Tirol,32,10,8,14,44,53,-9,38,1.19,3393.0,Tim Prica - 8,Ferdinand Oswald,,Austrian_Bundesliga,2022_2023,9,,,,
297,WSG Tirol,32,10,10,12,46,58,-12,40,1.25,2485.0,Giacomo Vrioni - 17,Ferdinand Oswald,,Austrian_Bundesliga,2021_2022,7,,,,
297,WSG Tirol,32,7,5,20,29,55,-26,26,0.81,3480.0,Nik Prelec - 8,Adam Stejskal,,Austrian_Bundesliga,2023_2024,11,,,,
298,Warta Poznań,34,11,9,14,35,38,-3,42,1.24,1853.0,Adam Zreľák - 9,Adrian Lis,,Ekstraklasa,2021_2022,11,,,,
298,Warta Poznań,34,12,9,13,37,35,2,45,1.32,2690.0,Adam Zreľák - 8,Adrian Lis,,Ekstraklasa,2022_2023,8,,,,
298,Warta Poznań,34,9,10,15,33,43,-10,37,1.09,3790.0,Kajetan Szmyt - 7,Jędrzej Grobelny,R,Ekstraklasa,2023_2024,16,,,,
299,Watford,38,6,5,27,34,77,-43,23,0.61,20614.0,Emmanuel Dennis - 10,Ben Foster,R,Premier_League,2021_2022,19,40.0,64.5,-24.5,-0.64
300,Werder Bremen,34,10,6,18,51,64,-13,36,1.06,41556.0,Niclas Füllkrug - 16,Jiří Pavlenka,,Bundesliga,2022_2023,13,41.1,52.9,-11.8,-0.35
300,Werder Bremen,34,11,9,14,48,54,-6,42,1.24,41721.0,Marvin Ducksch - 12,Michael Zetterer,,Bundesliga,2023_2024,9,46.9,56.5,-9.6,-0.28
301,West Ham,38,14,10,14,60,74,-14,52,1.37,62567.0,Jarrod Bowen - 16,Alphonse Areola,,Premier_League,2023_2024,9,52.3,71.1,-18.8,-0.49
301,West Ham,38,11,7,20,42,55,-13,40,1.05,62462.0,"Saïd Benrahma, Jarrod Bowen - 6",Łukasz Fabiański,,Premier_League,2022_2023,14,49.2,53.0,-3.9,-0.1
301,West Ham,38,16,8,14,60,51,9,56,1.47,58370.0,Jarrod Bowen - 12,Łukasz Fabiański,ECL,Premier_League,2021_2022,7,51.4,53.5,-2.1,-0.06
302,Westerlo,30,7,9,14,42,54,-12,30,1.0,5644.0,Nicolas Madsen - 12,Sinan Bolat,,Belgian_Pro_League,2023_2024,11,40.4,48.8,-8.4,-0.28
302,Westerlo,34,14,9,11,61,53,8,51,1.5,5666.0,"Lyle Foster, Maxim De Cuyper... - 8",Sinan Bolat,,Belgian_Pro_League,2022_2023,7,51.0,49.7,1.4,0.04
303,Widzew Łódź,34,11,8,15,38,47,-9,41,1.21,17195.0,Bartłomiej Pawłowski - 10,Henrich Ravas,,Ekstraklasa,2022_2023,12,,,,
303,Widzew Łódź,34,13,7,14,45,46,-1,46,1.35,16166.0,"Bartłomiej Pawłowski, Jordi Sánchez - 8",Henrich Ravas,,Ekstraklasa,2023_2024,9,,,,
304,Willem II,34,9,6,19,32,57,-25,33,0.97,8486.0,Ché Nunnely - 6,Timon Wellenreuther,R,Eredivisie,2021_2022,17,35.3,53.9,-18.6,-0.55
305,Wisła Kraków,34,7,10,17,37,54,-17,31,0.91,14967.0,Yaw Yeboah - 5,Mikołaj Biegański,R,Ekstraklasa,2021_2022,17,,,,
306,Wisła Płock,34,15,3,16,48,51,-3,48,1.41,2449.0,Łukasz Sekulski - 13,Krzysztof Kamiński,,Ekstraklasa,2021_2022,6,,,,
306,Wisła Płock,34,10,7,17,41,50,-9,37,1.09,3916.0,Davo - 9,Krzysztof Kamiński,R,Ekstraklasa,2022_2023,16,,,,
307,Wolfsberger AC,32,12,6,14,51,51,0,42,1.31,3286.0,Tai Baribo - 16,Hendrik Bonmann,,Austrian_Bundesliga,2022_2023,7,,,,
307,Wolfsberger AC,32,14,5,13,48,53,-5,47,1.47,3384.0,Tai Baribo - 11,Alexander Kofler,ECL,Austrian_Bundesliga,2021_2022,4,,,,
307,Wolfsberger AC,32,12,10,10,41,39,2,46,1.44,3449.0,Thierno Ballo - 12,Hendrik Bonmann,,Austrian_Bundesliga,2023_2024,7,,,,
308,Wolfsburg,34,13,10,11,57,48,9,49,1.44,25394.0,"Yannick Gerhardt, Jonas Wind - 6",Koen Casteels,,Bundesliga,2022_2023,8,51.3,51.3,0.0,0.0
308,Wolfsburg,34,12,6,16,43,54,-11,42,1.24,12018.0,Lukas Nmecha - 8,Koen Casteels,,Bundesliga,2021_2022,12,47.7,47.3,0.4,0.01
308,Wolfsburg,34,10,7,17,41,56,-15,37,1.09,25316.0,Jonas Wind - 11,Koen Casteels,,Bundesliga,2023_2024,12,39.2,44.7,-5.5,-0.16
309,Wolves,38,13,7,18,50,65,-15,46,1.21,31029.0,"Hwang Hee-chan, Matheus Cunha - 12",José Sá,,Premier_League,2023_2024,14,46.7,67.7,-21.0,-0.55
309,Wolves,38,11,8,19,31,58,-27,41,1.08,31482.0,"Rúben Neves, Daniel Podence - 6",José Sá,,Premier_League,2022_2023,13,36.8,59.9,-23.0,-0.61
309,Wolves,38,15,6,17,38,43,-5,51,1.34,30841.0,Raúl Jiménez - 6,José Sá,,Premier_League,2021_2022,10,37.5,56.9,-19.4,-0.51
310,Yeni Mal'spor,38,5,5,28,27,71,-44,20,0.53,,Benjamin Tetteh - 7,Ertaç Özbir,R,Super_Lig,2021_2022,20,,,,
311,Zagłębie Lubin,34,11,5,18,43,59,-16,38,1.12,2878.0,Patryk Szysz - 11,Dominik Hładun,,Ekstraklasa,2021_2022,13,,,,
311,Zagłębie Lubin,34,12,9,13,35,44,-9,45,1.32,5995.0,Kacper Chodyna - 7,Kacper Bieszczad,,Ekstraklasa,2022_2023,9,,,,
311,Zagłębie Lubin,34,13,8,13,43,50,-7,47,1.38,6414.0,Dawid Kurminowski - 12,Sokratis Dioudis,,Ekstraklasa,2023_2024,8,,,,
312,Zulte Waregem,34,8,8,18,42,69,-27,32,0.94,,Jelle Vossen - 17,Sammy Bossut,,Belgian_Pro_League,2021_2022,16,38.0,71.8,-33.8,-0.99
312,Zulte Waregem,34,6,9,19,50,78,-28,27,0.79,7539.0,Zinho Gano - 12,Sammy Bossut,R,Belgian_Pro_League,2022_2023,17,45.6,60.5,-14.9,-0.44
313,Zwolle,34,7,6,21,26,52,-26,27,0.79,9046.0,Daishawn Redan - 6,Kostas Lamprou,R,Eredivisie,2021_2022,18,39.9,50.6,-10.7,-0.31
313,Zwolle,34,9,9,16,45,67,-22,36,1.06,13774.0,Lennart Thy - 13,Jasper Schendelaar,,Eredivisie,2023_2024,12,43.1,62.4,-19.4,-0.57
314,Ümraniyespor,36,7,9,20,47,64,-17,30,0.83,,Umut Nayir - 17,Orkun Özdemir,R,Super_Lig,2022_2023,17,,,,
315,Čukarički,30,14,12,4,48,27,21,54,1.8,,"Marko Rakonjac, Đorđe Jovanović - 11",Đorđe Petrović,CR,Serbian_SuperLiga,2021_2022,3,,,,
315,Čukarički,37,23,6,8,65,38,27,75,2.03,727.0,"Muhammed Badamosi, Marko Docić - 11",Nemanja Belić,EL,Serbian_SuperLiga,2022_2023,3,,,,
315,Čukarički,30,13,9,8,44,33,11,48,1.6,,,,CR,Serbian_SuperLiga,2023_2024,6,,,,
316,İstanbulspor,38,4,7,27,27,80,-53,19,0.5,,Florian Loshaj - 5,Alp Arda,R,Super_Lig,2023_2024,20,,,,
316,İstanbulspor,36,12,5,19,47,63,-16,41,1.14,,Valon Ethemi - 12,David Jensen,,Super_Lig,2022_2023,12,,,,
317,Łódzki KS,34,6,6,22,34,75,-41,24,0.71,9708.0,Dani Ramírez - 9,Alexander Bobek,R,Ekstraklasa,2023_2024,18,,,,
318,Śląsk Wrocław,34,7,14,13,42,52,-10,35,1.03,8845.0,Erik Expósito - 11,Michał Szromnik,,Ekstraklasa,2021_2022,15,,,,
318,Śląsk Wrocław,34,9,11,14,35,48,-13,38,1.12,10013.0,John Yeboah - 10,Rafał Leszczyński,,Ekstraklasa,2022_2023,15,,,,
318,Śląsk Wrocław,34,18,9,7,50,31,19,63,1.85,22478.0,Erik Expósito - 19,Rafał Leszczyński,ECL,Ekstraklasa,2023_2024,2,,,,
