Player,Nation,Position,Squad,Age,Year of birth,Matches Played,Starts,Minutes,90s Played,Goals,Assists,Goals + Assists,Non-Penalty Goals,Penalty Kicks Made,Penalty Kicks Attempted,Yellow Cards,Red Cards,xG: Expected Goals,npxG: Non-Penalty xG,xAG: Exp. Assisted Goals,npxG + xAG,Progressive Carries,Progressive Passes,Progressive Passes Rec,Goals/90,Assists/90,Goals + Assists/90,Non-Penalty Goals/90,Non-Penalty Goals + Assists/90,xG/90,xAG/90,xG + xAG/90,npxG/90,npxG + xAG/90,Matches


Yunis Abdelhamid,ma MAR,DF,Reims,33,1987,34,34,"2,983",33.1,2,0,2,2,0,0,5,1,1.2,1.2,0.8,2.0,23,119,14,0.06,0.00,0.06,0.06,0.06,0.04,0.02,0.06,0.04,0.06,Matches
Salis Abdul Samed,gh GHA,MF,Clermont Foot,21,2000,31,29,"2,462",27.4,1,0,1,1,0,0,12,3,0.7,0.7,0.9,1.6,24,108,47,0.04,0.00,0.04,0.04,0.04,0.03,0.03,0.06,0.03,0.06,Matches
Laurent Abergel,fr FRA,MF,Lorient,28,1993,34,34,"2,956",32.8,0,2,2,0,0,0,9,0,1.5,1.5,3.7,5.1,30,171,73,0.00,0.06,0.06,0.00,0.06,0.04,0.11,0.16,0.04,0.16,Matches
Charles Abi,fr FRA,FW,Saint-Étienne,21,2000,1,1,45,0.5,0,0,0,0,0,0,0,0,0.0,0.0,0.0,0.0,0,0,4,0.00,0.00,0.00,0.00,0.00,0.00,0.00,0.00,0.00,0.00,Matches
Matthis Abline,fr FRA,FW,Rennes,18,2003,7,1,103,1.1,0,0,0,0,0,0,0,0,0.3,0.3,0.0,0.3,1,2,6,0.00,0.00,0.00,0.00,0.00,0.24,0.00,0.24,0.24,0.24,Matches
Mohamed Achi,fr FRA,MF,Nantes,19,2002,1,0,10,0.1,0,0,0,0,0,0,0,0,0.0,0.0,0.0,0.0,0,0,0,0.00,0.00,0.00,0.00,0.00,0.00,0.00,0.00,0.00,0.00,Matches
Martin Adeline,fr FRA,"MF,FW",Reims,17,2003,8,2,352,3.9,0,0,0,0,0,0,1,0,0.4,0.4,0.5,0.8,5,16,13,0.00,0.00,0.00,0.00,0.00,0.09,0.12,0.21,0.09,0.21,Matches
Yacine Adli,fr FRA,"MF,FW",Bordeaux,21,2000,36,25,"2,260",25.1,1,7,8,1,0,0,5,0,2.0,2.0,5.7,7.7,66,164,99,0.04,0.28,0.32,0.04,0.32,0.08,0.23,0.31,0.08,0.31,Matches
Lucien Agoume,fr FRA,MF,Brest,19,2002,27,21,"1,868",20.8,0,0,0,0,0,0,6,0,1.2,1.1,0.7,1.7,16,116,28,0.00,0.00,0.00,0.00,0.00,0.06,0.03,0.09,0.05,0.08,Matches
Nayef Aguerd,ma MAR,DF,Rennes,25,1996,31,31,"2,735",30.4,2,2,4,2,0,0,3,1,2.1,2.1,0.3,2.4,11,101,1,0.07,0.07,0.13,0.07,0.13,0.07,0.01,0.08,0.07,0.08,Matches
Ruben Aguilar,fr FRA,DF,Monaco,28,1993,28,22,"2,140",23.8,0,2,2,0,0,0,4,0,0.3,0.3,0.9,1.2,61,157,101,0.00,0.08,0.08,0.00,0.08,0.01,0.04,0.05,0.01,0.05,Matches
Anel Ahmedhodžić,ba BIH,DF,Bordeaux,22,1999,15,15,"1,350",15.0,0,1,1,0,0,0,6,0,0.4,0.4,0.9,1.3,18,63,12,0.00,0.07,0.07,0.00,0.07,0.03,0.06,0.09,0.03,0.09,Matches
Jean-Eudes Aholou,ci CIV,MF,Strasbourg,27,1994,25,11,"1,004",11.2,1,1,2,1,0,0,2,0,1.9,1.9,0.8,2.7,16,38,39,0.09,0.09,0.18,0.09,0.18,0.17,0.08,0.24,0.17,0.24,Matches
Ludovic Ajorque,fr FRA,FW,Strasbourg,27,1994,36,31,"2,738",30.4,12,8,20,9,3,3,5,1,10.6,8.3,7.0,15.3,21,69,217,0.39,0.26,0.66,0.30,0.56,0.35,0.23,0.58,0.27,0.50,Matches
Maghnes Akliouche,fr FRA,"MF,FW",Monaco,19,2002,7,0,54,0.6,0,0,0,0,0,0,1,0,0.1,0.1,0.0,0.2,2,5,7,0.00,0.00,0.00,0.00,0.00,0.24,0.06,0.30,0.24,0.30,Matches
Sofiane Alakouch,ma MAR,"DF,MF",Metz,23,1998,4,0,158,1.8,0,0,0,0,0,0,1,0,0.0,0.0,0.0,0.0,3,5,10,0.00,0.00,0.00,0.00,0.00,0.01,0.01,0.02,0.01,0.02,Matches
Josué Albert,gf GUF,DF,Clermont Foot,29,1992,2,0,22,0.2,0,0,0,0,0,0,0,0,0.0,0.0,0.0,0.0,0,0,2,0.00,0.00,0.00,0.00,0.00,0.13,0.00,0.13,0.13,0.13,Matches
Doğan Alemdar,tr TUR,GK,Rennes,18,2002,12,12,"1,080",12.0,0,0,0,0,0,0,1,0,0.0,0.0,0.0,0.0,0,1,0,0.00,0.00,0.00,0.00,0.00,0.00,0.00,0.00,0.00,0.00,Matches
Mohamed Ali Cho,fr FRA,FW,Angers,17,2004,32,21,"1,837",20.4,4,1,5,4,0,0,6,2,6.4,6.4,2.7,9.1,60,22,150,0.20,0.05,0.24,0.20,0.24,0.31,0.13,0.44,0.31,0.44,Matches
Jim Allevinah,ga GAB,FW,Clermont Foot,26,1995,30,13,"1,488",16.5,1,2,3,1,0,0,1,0,2.8,2.8,1.9,4.7,77,56,118,0.06,0.12,0.18,0.06,0.18,0.17,0.12,0.29,0.17,0.29,Matches
Ibrahim Amadou,fr FRA,"DF,MF",Metz,28,1993,10,10,812,9.0,1,0,1,1,0,0,4,0,0.4,0.4,0.1,0.5,6,21,1,0.11,0.00,0.11,0.11,0.11,0.04,0.01,0.05,0.04,0.05,Matches
Jordan Amavi,fr FRA,DF,Nice,27,1994,8,4,413,4.6,0,0,0,0,0,0,1,0,0.0,0.0,0.1,0.1,13,28,21,0.00,0.00,0.00,0.00,0.00,0.00,0.02,0.02,0.00,0.02,Matches
Jordan Amavi,fr FRA,"DF,FW",Marseille,27,1994,2,2,128,1.4,0,0,0,0,0,0,0,0,0.0,0.0,0.0,0.0,3,9,6,0.00,0.00,0.00,0.00,0.00,0.00,0.03,0.03,0.00,0.03,Matches
Benjamin André,fr FRA,MF,Lille,30,1990,33,33,"2,752",30.6,2,1,3,2,0,0,12,1,1.4,1.4,1.3,2.7,38,178,59,0.07,0.03,0.10,0.07,0.10,0.05,0.04,0.09,0.05,0.09,Matches
Houssem Aouar,dz ALG,"MF,FW",Lyon,23,1998,36,29,"2,504",27.8,6,4,10,6,0,0,1,0,6.3,6.3,4.5,10.8,88,165,169,0.22,0.14,0.36,0.22,0.36,0.22,0.16,0.39,0.22,0.39,Matches

Adil Aouchiche,fr FRA,"MF,FW",Saint-Étienne,19,2002,35,11,"1,081",12.0,0,4,4,0,0,0,2,0,1.2,1.2,1.6,2.8,43,75,61,0.00,0.33,0.33,0.00,0.33,0.10,0.14,0.23,0.10,0.23,Matches
Dennis Appiah,fr FRA,DF,Nantes,29,1992,32,22,"2,099",23.3,0,0,0,0,0,0,4,0,0.0,0.0,0.3,0.3,25,69,58,0.00,0.00,0.00,0.00,0.00,0.00,0.01,0.01,0.00,0.01,Matches
Lorenz Assignon,tg TOG,DF,Rennes,21,2000,20,5,616,6.8,0,2,2,0,0,0,0,0,0.7,0.7,1.1,1.9,19,27,45,0.00,0.29,0.29,0.00,0.29,0.11,0.17,0.27,0.11,0.27,Matches
Youcef Atal,dz ALG,DF,Nice,25,1996,17,13,"1,140",12.7,2,1,3,2,0,0,4,0,0.9,0.9,1.3,2.2,63,44,106,0.16,0.08,0.24,0.16,0.24,0.07,0.11,0.18,0.07,0.18,Matches
Jean-Kévin Augustin,fr FRA,"FW,MF",Nantes,24,1997,7,0,84,0.9,0,0,0,0,0,0,1,0,0.1,0.1,0.0,0.1,1,0,7,0.00,0.00,0.00,0.00,0.00,0.12,0.00,0.12,0.12,0.12,Matches
Karim Azamoum,fr FRA,DF,Troyes,31,1990,7,4,388,4.3,0,0,0,0,0,0,2,0,0.1,0.1,0.0,0.1,4,6,4,0.00,0.00,0.00,0.00,0.00,0.03,0.00,0.03,0.03,0.03,Matches
Loïc Bade,fr FRA,DF,Rennes,21,2000,14,11,985,10.9,0,1,1,0,0,0,3,1,0.3,0.3,0.5,0.8,8,45,3,0.00,0.09,0.09,0.00,0.09,0.03,0.05,0.07,0.03,0.07,Matches
Benoît Badiashile,fr FRA,DF,Monaco,20,2001,24,21,"1,838",20.4,1,0,1,1,0,0,4,0,1.6,1.6,0.4,2.0,16,111,5,0.05,0.00,0.05,0.05,0.05,0.08,0.02,0.10,0.08,0.10,Matches
Youssouph Badji,sn SEN,"FW,MF",Brest,19,2001,9,1,135,1.5,0,0,0,0,0,0,0,0,0.1,0.1,0.1,0.2,0,0,11,0.00,0.00,0.00,0.00,0.00,0.08,0.04,0.12,0.08,0.12,Matches
Stéphane Bahoken,cm CMR,FW,Angers,29,1992,29,12,"1,099",12.2,3,1,4,3,0,0,0,0,4.1,4.1,1.3,5.4,9,15,78,0.25,0.08,0.33,0.25,0.33,0.33,0.11,0.44,0.33,0.44,Matches
Dénys Bain,fr FRA,DF,Brest,28,1993,2,2,180,2.0,0,0,0,0,0,0,0,0,0.0,0.0,0.0,0.0,0,8,0,0.00,0.00,0.00,0.00,0.00,0.00,0.00,0.00,0.00,0.00,Matches
Stefan Bajic,fr FRA,GK,Saint-Étienne,19,2001,7,4,510,5.7,0,0,0,0,0,0,0,0,0.0,0.0,0.0,0.0,0,0,0,0.00,0.00,0.00,0.00,0.00,0.00,0.00,0.00,0.00,0.00,Matches
Cédric Bakambu,cd COD,FW,Marseille,30,1991,12,5,356,4.0,4,0,4,4,0,0,1,0,2.6,2.6,0.4,3.0,7,9,28,1.01,0.00,1.01,1.01,1.01,0.65,0.11,0.76,0.65,0.76,Matches
Abdoulaye Bakayoko,fr FRA,DF,Saint-Étienne,18,2002,4,4,307,3.4,0,0,0,0,0,0,0,0,0.0,0.0,0.0,0.0,1,7,1,0.00,0.00,0.00,0.00,0.00,0.00,0.00,0.00,0.00,0.00,Matches
Dilane Bakwa,fr FRA,"FW,MF",Bordeaux,18,2002,5,0,43,0.5,0,0,0,0,0,0,0,0,0.1,0.1,0.0,0.1,1,0,1,0.00,0.00,0.00,0.00,0.00,0.19,0.00,0.19,0.19,0.19,Matches
Ibrahima Baldé,fr FRA,"FW,MF",Lens,18,2003,4,0,58,0.6,0,0,0,0,0,0,0,0,0.0,0.0,0.0,0.0,0,0,5,0.00,0.00,0.00,0.00,0.00,0.00,0.03,0.03,0.00,0.03,Matches
Leonardo Balerdi,ar ARG,DF,Marseille,22,1999,17,10,950,10.6,0,0,0,0,0,0,4,1,0.1,0.1,0.0,0.1,6,41,2,0.00,0.00,0.00,0.00,0.00,0.01,0.00,0.01,0.01,0.01,Matches
Abdoulaye Bamba,ci CIV,"DF,FW",Angers,31,1990,10,4,458,5.1,0,0,0,0,0,0,1,0,0.2,0.2,0.1,0.3,7,13,21,0.00,0.00,0.00,0.00,0.00,0.05,0.02,0.06,0.05,0.06,Matches
Jonathan Bamba,ci CIV,"MF,FW",Lille,25,1996,31,28,"2,428",27.0,1,2,3,1,0,0,3,0,3.0,3.0,3.7,6.7,101,116,200,0.04,0.07,0.11,0.04,0.11,0.11,0.14,0.25,0.11,0.25,Matches
Simon Banza,cd COD,FW,Lens,24,1996,4,1,124,1.4,1,1,2,1,0,0,0,0,1.0,1.0,0.7,1.7,2,1,8,0.73,0.73,1.45,0.73,1.45,0.73,0.53,1.26,0.73,1.26,Matches
Danilo Barbosa,br BRA,DF,Nice,25,1996,1,1,90,1.0,0,0,0,0,0,0,0,0,0.0,0.0,0.0,0.0,1,4,0,0.00,0.00,0.00,0.00,0.00,0.00,0.00,0.00,0.00,0.00,Matches
Bradley Barcola,fr FRA,"FW,MF",Lyon,18,2002,11,2,263,2.9,0,1,1,0,0,0,0,0,0.3,0.3,0.6,1.0,9,9,27,0.00,0.34,0.34,0.00,0.34,0.11,0.22,0.33,0.11,0.33,Matches
Melvin Bard,fr FRA,DF,Nice,20,2000,33,30,"2,589",28.8,2,2,4,2,0,0,3,0,0.9,0.9,3.4,4.3,65,134,129,0.07,0.07,0.14,0.07,0.14,0.03,0.12,0.15,0.03,0.15,Matches
Toma Bašić,hr CRO,MF,Bordeaux,24,1996,3,3,209,2.3,0,1,1,0,0,0,0,0,0.0,0.0,0.4,0.4,6,9,10,0.00,0.43,0.43,0.00,0.43,0.02,0.16,0.18,0.02,0.18,Matches
Amine Bassi,fr FRA,"MF,FW",Metz,23,1997,5,2,184,2.0,0,0,0,0,0,0,0,0,0.2,0.2,0.4,0.6,5,13,11,0.00,0.00,0.00,0.00,0.00,0.09,0.22,0.30,0.09,0.30,Matches

Paul Baysse,fr FRA,"MF,DF",Bordeaux,33,1988,2,0,11,0.1,0,0,0,0,0,0,0,0,0.0,0.0,0.0,0.0,0,0,0,0.00,0.00,0.00,0.00,0.00,0.00,0.00,0.00,0.00,0.00,Matches
Youcef Belaïli,dz ALG,"MF,FW",Brest,29,1992,13,11,825,9.2,3,2,5,3,0,1,2,0,2.8,1.9,2.8,4.7,36,42,56,0.33,0.22,0.55,0.33,0.55,0.31,0.31,0.62,0.21,0.52,Matches
Haris Belkebla,dz ALG,MF,Brest,27,1994,31,26,"2,310",25.7,0,0,0,0,0,0,2,0,0.1,0.1,0.8,0.9,15,98,27,0.00,0.00,0.00,0.00,0.00,0.00,0.03,0.04,0.00,0.04,Matches
Jean-Ricner Bellegarde,fr FRA,MF,Strasbourg,23,1998,36,26,"2,332",25.9,2,3,5,2,0,0,5,0,1.9,1.9,2.7,4.6,75,107,90,0.08,0.12,0.19,0.08,0.19,0.07,0.10,0.18,0.07,0.18,Matches
Jeanuël Belocian,fr FRA,DF,Rennes,16,2005,1,0,12,0.1,0,0,0,0,0,0,0,0,0.0,0.0,0.0,0.0,0,0,0,0.00,0.00,0.00,0.00,0.00,0.00,0.00,0.00,0.00,0.00,Matches
Hatem Ben Arfa,fr FRA,"FW,MF",Lille,34,1987,7,4,314,3.5,0,1,1,0,0,0,1,0,0.3,0.3,0.7,0.9,12,14,18,0.00,0.29,0.29,0.00,0.29,0.07,0.19,0.26,0.07,0.26,Matches
Salim Ben Seghir,fr FRA,MF,Marseille,18,2003,1,0,1,0.0,0,0,0,0,0,0,0,0,0.0,0.0,0.0,0.0,0,0,0,0.00,0.00,0.00,0.00,0.00,0.00,0.00,0.00,0.00,0.00,Matches
Wissam Ben Yedder,fr FRA,FW,Monaco,30,1990,37,29,"2,529",28.1,25,5,30,17,8,8,3,0,18.0,11.7,5.0,16.7,59,73,238,0.89,0.18,1.07,0.60,0.78,0.64,0.18,0.82,0.42,0.59,Matches
Darío Benedetto,ar ARG,"FW,MF",Marseille,31,1990,2,0,54,0.6,0,0,0,0,0,0,0,0,0.3,0.3,0.0,0.3,1,2,2,0.00,0.00,0.00,0.00,0.00,0.43,0.06,0.49,0.43,0.49,Matches
Walter Benítez,ar ARG,GK,Nice,28,1993,37,37,"3,330",37.0,0,0,0,0,0,0,2,0,0.0,0.0,0.0,0.0,0,0,0,0.00,0.00,0.00,0.00,0.00,0.00,0.00,0.00,0.00,0.00,Matches
Loris Benito,ch SUI,DF,Bordeaux,29,1992,1,1,61,0.7,0,0,0,0,0,0,0,0,0.0,0.0,0.0,0.0,0,5,0,0.00,0.00,0.00,0.00,0.00,0.00,0.00,0.00,0.00,0.00,Matches
Nabil Bentaleb,dz ALG,MF,Angers,26,1994,18,18,"1,515",16.8,1,0,1,1,0,0,4,0,0.6,0.6,0.1,0.7,12,82,16,0.06,0.00,0.06,0.06,0.06,0.04,0.00,0.04,0.04,0.04,Matches
Patrick Berg,no NOR,MF,Lens,23,1997,14,2,307,3.4,0,0,0,0,0,0,0,0,0.0,0.0,0.0,0.1,4,15,1,0.00,0.00,0.00,0.00,0.00,0.01,0.01,0.02,0.01,0.02,Matches
Mitchell van Bergen,nl NED,"FW,MF",Reims,21,1999,20,11,983,10.9,0,0,0,0,0,0,1,0,1.2,1.2,1.3,2.5,24,14,54,0.00,0.00,0.00,0.00,0.00,0.11,0.12,0.23,0.11,0.23,Matches
Valon Berisha,xk KVX,"MF,FW",Reims,28,1993,13,5,455,5.1,0,1,1,0,0,0,2,1,0.2,0.2,0.5,0.6,4,20,15,0.00,0.20,0.20,0.00,0.20,0.04,0.09,0.13,0.04,0.13,Matches
Paul Bernardoni,fr FRA,GK,Angers,24,1997,13,13,"1,170",13.0,0,0,0,0,0,0,0,0,0.0,0.0,0.0,0.0,0,0,0,0.00,0.00,0.00,0.00,0.00,0.00,0.00,0.00,0.00,0.00,Matches
Paul Bernardoni,fr FRA,GK,Saint-Étienne,24,1997,19,19,"1,710",19.0,0,0,0,0,0,0,0,0,0.0,0.0,0.0,0.0,0,0,0,0.00,0.00,0.00,0.00,0.00,0.00,0.00,0.00,0.00,0.00,Matches
Juan Bernat,es ESP,"DF,MF",Paris S-G,28,1993,15,12,958,10.6,0,0,0,0,0,0,2,0,0.1,0.1,0.7,0.8,20,30,85,0.00,0.00,0.00,0.00,0.00,0.01,0.07,0.07,0.01,0.07,Matches
Dimitry Bertaud,cd COD,GK,Montpellier,23,1998,11,9,833,9.3,0,0,0,0,0,0,0,0,0.0,0.0,0.0,0.0,0,0,0,0.00,0.00,0.00,0.00,0.00,0.00,0.00,0.00,0.00,0.00,Matches
Jason Berthomier,fr FRA,MF,Clermont Foot,31,1990,29,22,"1,732",19.2,1,5,6,1,0,0,0,0,1.7,1.7,3.9,5.6,26,134,91,0.05,0.26,0.31,0.05,0.31,0.09,0.20,0.29,0.09,0.29,Matches
Giulian Biancone,fr FRA,"DF,MF",Troyes,21,2000,33,26,"2,292",25.5,1,2,3,1,0,0,10,0,1.7,1.7,1.0,2.7,58,87,100,0.04,0.08,0.12,0.04,0.12,0.07,0.04,0.11,0.07,0.11,Matches
El Bilal Touré,ml MLI,FW,Reims,19,2001,21,15,"1,194",13.3,2,4,6,1,1,1,2,0,4.1,3.3,1.7,5.0,22,23,78,0.15,0.30,0.45,0.08,0.38,0.31,0.13,0.44,0.25,0.38,Matches
Jean-Claude Billong,cm CMR,DF,Clermont Foot,27,1993,15,10,980,10.9,0,0,0,0,0,0,2,0,0.2,0.2,0.1,0.2,4,21,2,0.00,0.00,0.00,0.00,0.00,0.01,0.01,0.02,0.01,0.02,Matches
Nathan Bitumazala,fr FRA,DF,Paris S-G,18,2002,1,0,11,0.1,0,0,0,0,0,0,0,0,0.0,0.0,0.0,0.0,0,0,3,0.00,0.00,0.00,0.00,0.00,0.00,0.00,0.00,0.00,0.00,Matches
Marco Bizot,nl NED,GK,Brest,30,1991,38,38,"3,420",38.0,0,1,1,0,0,0,1,0,0.0,0.0,0.1,0.1,0,0,0,0.00,0.03,0.03,0.00,0.03,0.00,0.00,0.00,0.00,0.00,Matches

Ludovic Blas,fr FRA,"MF,FW",Nantes,23,1997,35,35,"2,961",32.9,10,5,15,5,5,5,10,0,11.7,7.8,3.9,11.7,69,157,190,0.30,0.15,0.46,0.15,0.30,0.36,0.12,0.48,0.24,0.36,Matches
Myron Boadu,nl NED,FW,Monaco,20,2001,31,7,960,10.7,4,1,5,4,0,0,0,0,6.6,6.6,0.6,7.2,7,11,68,0.37,0.09,0.47,0.37,0.47,0.62,0.05,0.68,0.62,0.68,Matches
Jérôme Boateng,de GER,DF,Lyon,32,1988,24,19,"1,622",18.0,0,1,1,0,0,0,6,0,0.3,0.3,1.7,2.0,4,85,4,0.00,0.06,0.06,0.00,0.06,0.02,0.10,0.11,0.02,0.11,Matches
Antonin Bobichon,fr FRA,"MF,FW",Angers,25,1995,4,0,38,0.4,0,0,0,0,0,0,0,0,0.0,0.0,0.0,0.0,0,1,2,0.00,0.00,0.00,0.00,0.00,0.00,0.00,0.00,0.00,0.00,Matches
Quentin Boisgard,fr FRA,"MF,FW",Lorient,24,1997,25,9,958,10.6,1,1,2,1,0,0,3,0,0.8,0.8,1.4,2.2,18,31,57,0.09,0.09,0.19,0.09,0.19,0.08,0.13,0.21,0.08,0.21,Matches
Charles Boli,fr FRA,"MF,DF",Lens,22,1998,4,0,32,0.4,0,0,0,0,0,0,0,0,0.0,0.0,0.0,0.0,1,2,2,0.00,0.00,0.00,0.00,0.00,0.00,0.00,0.00,0.00,0.00,Matches
Sven Botman,nl NED,DF,Lille,21,2000,25,25,"2,250",25.0,3,1,4,3,0,0,4,0,1.6,1.6,0.2,1.9,12,79,0,0.12,0.04,0.16,0.12,0.16,0.06,0.01,0.07,0.06,0.07,Matches
Denis Bouanga,ga GAB,"FW,MF",Saint-Étienne,26,1994,34,28,"2,436",27.1,9,6,15,9,0,0,4,1,8.0,8.0,4.9,12.9,79,66,244,0.33,0.22,0.55,0.33,0.55,0.29,0.18,0.48,0.29,0.48,Matches
Hicham Boudaoui,dz ALG,MF,Nice,21,1999,29,21,"1,621",18.0,3,2,5,3,0,0,7,0,1.1,1.1,2.7,3.8,38,47,101,0.17,0.11,0.28,0.17,0.28,0.06,0.15,0.21,0.06,0.21,Matches
Ryad Boudebouz,dz ALG,"MF,FW",Saint-Étienne,31,1990,30,27,"2,252",25.0,3,4,7,2,1,1,2,0,2.3,1.5,3.6,5.1,85,182,138,0.12,0.16,0.28,0.08,0.24,0.09,0.15,0.24,0.06,0.20,Matches
Sofiane Boufal,ma MAR,"FW,MF",Angers,27,1993,29,28,"2,330",25.9,8,4,12,5,3,3,6,0,8.5,6.1,6.4,12.6,127,125,207,0.31,0.15,0.46,0.19,0.35,0.33,0.25,0.58,0.24,0.49,Matches
Farid Boulaya,dz ALG,"MF,FW",Metz,28,1993,24,18,"1,526",17.0,4,2,6,4,0,0,1,1,1.5,1.5,3.5,5.1,50,74,73,0.24,0.12,0.35,0.24,0.35,0.09,0.21,0.30,0.09,0.30,Matches
Ismaël Boura,km COM,DF,Lens,20,2000,5,1,95,1.1,0,0,0,0,0,0,0,0,0.0,0.0,0.0,0.0,2,3,2,0.00,0.00,0.00,0.00,0.00,0.01,0.00,0.01,0.01,0.01,Matches
Benjamin Bourigeaud,fr FRA,"FW,MF",Rennes,27,1994,38,38,"3,193",35.5,11,12,23,11,0,0,2,0,5.7,5.7,12.3,18.0,47,201,322,0.31,0.34,0.65,0.31,0.65,0.16,0.35,0.51,0.16,0.51,Matches
Redwan Bourles,fr FRA,"MF,FW",Lorient,18,2003,4,0,16,0.2,0,0,0,0,0,0,0,0,0.0,0.0,0.0,0.0,0,1,2,0.00,0.00,0.00,0.00,0.00,0.00,0.00,0.00,0.00,0.00,Matches
Domagoj Bradarić,hr CRO,DF,Lille,21,1999,15,2,417,4.6,0,0,0,0,0,0,2,0,0.1,0.1,0.7,0.8,11,15,21,0.00,0.00,0.00,0.00,0.00,0.01,0.16,0.17,0.01,0.17,Matches
Bilal Brahimi,dz ALG,MF,Nice,21,2000,11,2,378,4.2,0,0,0,0,0,0,1,0,0.6,0.6,0.9,1.6,25,9,39,0.00,0.00,0.00,0.00,0.00,0.15,0.22,0.37,0.15,0.37,Matches
Bilal Brahimi,dz ALG,FW,Angers,21,2000,9,3,338,3.8,0,1,1,0,0,0,0,0,0.5,0.5,0.9,1.4,19,5,32,0.00,0.27,0.27,0.00,0.27,0.13,0.24,0.37,0.13,0.37,Matches
Lilian Brassier,fr FRA,DF,Brest,21,1999,31,23,"2,263",25.1,1,0,1,1,0,0,4,0,1.1,1.1,0.6,1.7,31,86,22,0.04,0.00,0.04,0.04,0.04,0.04,0.02,0.07,0.04,0.07,Matches
Jimmy Briand,fr FRA,"FW,MF",Bordeaux,35,1985,17,1,226,2.5,2,1,3,1,1,2,1,0,2.2,0.7,1.0,1.6,2,7,23,0.80,0.40,1.19,0.40,0.80,0.89,0.38,1.27,0.26,0.64,Matches
Dylan Bronn,tn TUN,DF,Metz,26,1995,30,28,"2,545",28.3,1,2,3,1,0,0,10,1,1.8,1.8,1.2,3.0,14,58,3,0.04,0.07,0.11,0.04,0.11,0.06,0.04,0.11,0.06,0.11,Matches
Osman Bukari,gh GHA,"FW,MF",Nantes,22,1998,24,10,"1,012",11.2,2,4,6,2,0,0,1,0,1.4,1.4,2.8,4.2,46,20,91,0.18,0.36,0.53,0.18,0.53,0.12,0.25,0.37,0.12,0.37,Matches
Maxime Busi,be BEL,DF,Reims,21,1999,18,13,"1,296",14.4,1,0,1,1,0,0,3,0,0.6,0.6,1.1,1.7,40,60,64,0.07,0.00,0.07,0.07,0.07,0.04,0.07,0.12,0.04,0.12,Matches
Oriol Busquets,es ESP,MF,Clermont Foot,22,1999,9,2,201,2.2,0,0,0,0,0,0,0,0,0.1,0.1,0.0,0.1,0,10,0,0.00,0.00,0.00,0.00,0.00,0.03,0.00,0.03,0.03,0.03,Matches
Marcin Bułka,pl POL,GK,Nice,21,1999,1,1,90,1.0,0,0,0,0,0,0,0,0,0.0,0.0,0.0,0.0,0,0,0,0.00,0.00,0.00,0.00,0.00,0.00,0.00,0.00,0.00,0.00,Matches

Rémy Cabella,fr FRA,"MF,FW",Montpellier,31,1990,5,3,313,3.5,0,0,0,0,0,0,0,0,0.3,0.3,0.6,0.9,18,34,41,0.00,0.00,0.00,0.00,0.00,0.08,0.17,0.25,0.08,0.25,Matches
Jimmy Cabot,fr FRA,DF,Angers,27,1994,24,24,"2,008",22.3,0,5,5,0,0,0,4,0,0.4,0.4,1.7,2.1,92,77,150,0.00,0.22,0.22,0.00,0.22,0.02,0.08,0.09,0.02,0.09,Matches
Anthony Caci,fr FRA,DF,Strasbourg,24,1997,37,26,"2,395",26.6,1,3,4,1,0,0,4,0,0.9,0.9,4.0,4.9,65,174,113,0.04,0.11,0.15,0.04,0.15,0.03,0.15,0.18,0.03,0.18,Matches
Mathieu Cafaro,fr FRA,"MF,FW",Reims,24,1997,4,3,192,2.1,0,0,0,0,0,0,2,0,0.4,0.4,0.1,0.5,4,6,13,0.00,0.00,0.00,0.00,0.00,0.19,0.05,0.24,0.19,0.24,Matches
Yannick Cahuzac,fr FRA,MF,Lens,36,1985,17,6,618,6.9,0,0,0,0,0,0,1,1,0.0,0.0,0.0,0.1,5,19,15,0.00,0.00,0.00,0.00,0.00,0.00,0.00,0.01,0.00,0.01,Matches
Marc-Aurèle Caillard,fr FRA,GK,Metz,27,1994,19,17,"1,542",17.1,0,0,0,0,0,0,1,0,0.0,0.0,0.0,0.0,0,0,0,0.00,0.00,0.00,0.00,0.00,0.00,0.00,0.00,0.00,0.00,Matches
Jens Cajuste,se SWE,"MF,FW",Reims,21,1999,8,4,364,4.0,2,0,2,1,1,1,0,0,1.7,0.9,0.0,1.0,10,13,14,0.49,0.00,0.49,0.25,0.25,0.43,0.01,0.44,0.23,0.24,Matches
Duje Ćaleta-Car,hr CRO,DF,Marseille,24,1996,26,24,"2,057",22.9,2,0,2,2,0,0,6,0,1.8,1.8,0.6,2.4,14,83,2,0.09,0.00,0.09,0.09,0.09,0.08,0.03,0.11,0.08,0.11,Matches
Lucas Calodat,fr FRA,DF,Saint-Étienne,19,2002,1,0,4,0.0,0,0,0,0,0,0,0,0,0.0,0.0,0.0,0.0,0,0,0,0.00,0.00,0.00,0.00,0.00,0.00,0.00,0.00,0.00,0.00,Matches
Mahdi Camara,fr FRA,"MF,DF",Saint-Étienne,23,1998,35,34,"3,073",34.1,3,0,3,3,0,0,8,0,2.5,2.5,1.3,3.8,43,132,89,0.09,0.00,0.09,0.09,0.09,0.07,0.04,0.11,0.07,0.11,Matches
Mamadou Camara,ml MLI,FW,Troyes,20,2001,3,0,40,0.4,0,0,0,0,0,0,0,0,0.1,0.1,0.0,0.1,0,0,2,0.00,0.00,0.00,0.00,0.00,0.19,0.00,0.19,0.19,0.19,Matches
Eduardo Camavinga,fr FRA,MF,Rennes,18,2002,4,1,143,1.6,0,0,0,0,0,0,0,0,0.0,0.0,0.0,0.0,3,8,6,0.00,0.00,0.00,0.00,0.00,0.00,0.01,0.01,0.00,0.01,Matches
Fali Candé,gw GNB,DF,Metz,23,1998,11,11,973,10.8,0,2,2,0,0,0,2,0,0.3,0.3,1.5,1.7,13,20,41,0.00,0.18,0.18,0.00,0.18,0.03,0.14,0.16,0.03,0.16,Matches
Pierrick Capelle,fr FRA,"MF,DF",Angers,34,1987,30,12,"1,193",13.3,0,1,1,0,0,0,1,0,1.5,1.5,1.9,3.4,23,50,42,0.00,0.08,0.08,0.00,0.08,0.11,0.14,0.25,0.11,0.25,Matches
Maxence Caqueret,fr FRA,MF,Lyon,21,2000,31,26,"2,335",25.9,0,0,0,0,0,0,5,0,0.7,0.7,1.7,2.5,25,154,29,0.00,0.00,0.00,0.00,0.00,0.03,0.07,0.10,0.03,0.10,Matches
Irvin Cardona,fr FRA,"FW,MF",Brest,23,1997,32,13,"1,334",14.8,4,2,6,4,0,0,2,0,2.9,2.9,1.7,4.5,28,18,97,0.27,0.13,0.40,0.27,0.40,0.19,0.11,0.30,0.19,0.30,Matches
Igor Carioca,br BRA,DF,Lorient,24,1996,28,17,"1,578",17.5,0,0,0,0,0,0,3,0,0.4,0.4,0.7,1.0,41,43,104,0.00,0.00,0.00,0.00,0.00,0.02,0.04,0.06,0.02,0.06,Matches
Moreto Cassamã,gw GNB,MF,Reims,23,1998,17,11,801,8.9,2,0,2,2,0,0,1,0,0.6,0.6,0.5,1.2,11,45,8,0.22,0.00,0.22,0.22,0.22,0.07,0.06,0.13,0.07,0.13,Matches
Jean-Charles Castelletto,cm CMR,DF,Nantes,26,1995,28,28,"2,510",27.9,1,0,1,1,0,0,8,0,1.2,1.2,0.2,1.4,9,95,5,0.04,0.00,0.04,0.04,0.04,0.04,0.01,0.05,0.04,0.05,Matches
Zeki Çelik,tr TUR,DF,Lille,24,1997,32,30,"2,696",30.0,2,3,5,2,0,0,10,0,1.1,1.1,1.8,2.9,72,172,129,0.07,0.10,0.17,0.07,0.17,0.04,0.06,0.10,0.04,0.10,Matches
Fabien Centonze,fr FRA,DF,Metz,25,1996,19,18,"1,586",17.6,4,1,5,4,0,0,3,0,0.7,0.7,0.5,1.2,46,55,67,0.23,0.06,0.28,0.23,0.28,0.04,0.03,0.07,0.04,0.07,Matches
El Chadaille Bitshiabu,fr FRA,DF,Paris S-G,16,2005,1,0,5,0.1,0,0,0,0,0,0,0,0,0.0,0.0,0.0,0.0,0,1,0,0.00,0.00,0.00,0.00,0.00,0.00,0.00,0.00,0.00,0.00,Matches
Nassim Chadli,fr FRA,"MF,DF",Troyes,20,2001,8,1,96,1.1,0,0,0,0,0,0,1,0,0.1,0.1,0.0,0.1,6,2,15,0.00,0.00,0.00,0.00,0.00,0.08,0.02,0.10,0.08,0.10,Matches
Mehdi Chahiri,ma MAR,DF,Strasbourg,25,1996,1,0,16,0.2,0,0,0,0,0,0,0,0,0.0,0.0,0.0,0.0,1,1,1,0.00,0.00,0.00,0.00,0.00,0.00,0.00,0.00,0.00,0.00,Matches
Dylan Chambost,fr FRA,"MF,FW",Troyes,23,1997,19,9,753,8.4,0,1,1,0,0,0,0,0,0.6,0.6,0.6,1.1,7,47,20,0.00,0.12,0.12,0.00,0.12,0.07,0.07,0.13,0.07,0.13,Matches

Brendan Chardonnet,fr FRA,DF,Brest,26,1994,32,31,"2,686",29.8,3,0,3,3,0,0,6,1,1.4,1.4,0.4,1.8,9,83,5,0.10,0.00,0.10,0.10,0.10,0.05,0.01,0.06,0.05,0.06,Matches
Xavier Chavalerin,fr FRA,MF,Troyes,30,1991,34,31,"2,717",30.2,5,2,7,5,0,0,4,0,1.4,1.4,3.8,5.2,19,93,85,0.17,0.07,0.23,0.17,0.23,0.05,0.13,0.17,0.05,0.17,Matches
Xavier Chavalerin,fr FRA,MF,Reims,30,1991,3,2,220,2.4,0,0,0,0,0,0,0,0,0.3,0.3,0.3,0.6,4,12,5,0.00,0.00,0.00,0.00,0.00,0.10,0.13,0.23,0.10,0.23,Matches
Rayan Cherki,fr FRA,"FW,MF",Lyon,17,2003,16,3,440,4.9,0,1,1,0,0,0,1,0,0.6,0.6,0.7,1.3,30,23,51,0.00,0.20,0.20,0.00,0.20,0.12,0.15,0.27,0.12,0.27,Matches
Pedro Chirivella,es ESP,MF,Nantes,24,1997,31,31,"2,637",29.3,3,1,4,3,0,0,6,0,1.0,1.0,1.3,2.2,13,216,34,0.10,0.03,0.14,0.10,0.14,0.03,0.04,0.08,0.03,0.08,Matches
Joris Chotard,fr FRA,MF,Montpellier,19,2001,36,33,"2,935",32.6,1,1,2,1,0,0,5,0,0.9,0.9,0.7,1.6,5,91,20,0.03,0.03,0.06,0.03,0.06,0.03,0.02,0.05,0.03,0.05,Matches
Alexis Claude-Maurice,fr FRA,MF,Nice,23,1998,10,0,209,2.3,0,2,2,0,0,0,1,0,0.4,0.4,1.2,1.6,5,7,13,0.00,0.86,0.86,0.00,0.86,0.17,0.53,0.70,0.17,0.70,Matches
Jonathan Clauss,fr FRA,DF,Lens,28,1992,37,35,"3,046",33.8,5,11,16,5,0,0,3,0,3.0,3.0,7.0,10.0,110,140,303,0.15,0.33,0.47,0.15,0.47,0.09,0.21,0.30,0.09,0.30,Matches
Marcus Coco,fr FRA,"MF,FW",Nantes,25,1996,24,9,930,10.3,1,1,2,1,0,0,3,1,0.7,0.7,1.5,2.1,28,22,62,0.10,0.10,0.19,0.10,0.19,0.07,0.14,0.21,0.07,0.21,Matches
Abdu Conté,pt POR,DF,Troyes,23,1998,17,17,"1,347",15.0,0,1,1,0,0,0,2,0,0.2,0.2,2.1,2.3,31,37,71,0.00,0.07,0.07,0.00,0.07,0.01,0.14,0.15,0.01,0.15,Matches
Sébastien Corchia,fr FRA,DF,Nantes,30,1990,28,13,"1,324",14.7,0,3,3,0,0,0,0,1,0.4,0.4,0.6,1.0,29,57,72,0.00,0.20,0.20,0.00,0.20,0.03,0.04,0.07,0.03,0.07,Matches
Maxwel Cornet,ci CIV,DF,Lyon,24,1996,1,1,63,0.7,0,0,0,0,0,0,2,1,0.0,0.0,0.0,0.0,4,0,1,0.00,0.00,0.00,0.00,0.00,0.00,0.04,0.04,0.00,0.04,Matches
David Costa,pt POR,"MF,FW",Lens,20,2001,33,16,"1,464",16.3,3,5,8,3,0,0,2,0,2.1,2.1,3.5,5.7,56,96,99,0.18,0.31,0.49,0.18,0.49,0.13,0.22,0.35,0.13,0.35,Matches
Benoît Costil,fr FRA,GK,Bordeaux,34,1987,25,25,"2,250",25.0,0,0,0,0,0,0,1,0,0.0,0.0,0.0,0.0,0,2,0,0.00,0.00,0.00,0.00,0.00,0.00,0.00,0.00,0.00,0.00,Matches
Kalifa Coulibaly,ml MLI,FW,Nantes,29,1991,21,9,850,9.4,5,0,5,5,0,0,1,0,4.7,4.7,1.3,6.0,5,13,29,0.53,0.00,0.53,0.53,0.53,0.50,0.13,0.63,0.50,0.63,Matches
Nicolas Cozza,fr FRA,DF,Montpellier,22,1999,34,32,"2,770",30.8,2,2,4,2,0,0,2,1,1.6,1.6,0.6,2.1,47,78,38,0.06,0.06,0.13,0.06,0.13,0.05,0.02,0.07,0.05,0.07,Matches
Enzo Crivelli,fr FRA,"FW,MF",Saint-Étienne,26,1995,4,0,102,1.1,0,0,0,0,0,0,0,0,0.5,0.5,0.0,0.5,1,2,9,0.00,0.00,0.00,0.00,0.00,0.47,0.00,0.47,0.47,0.47,Matches
Wylan Cyprien,fr FRA,MF,Nantes,26,1995,24,17,"1,490",16.6,2,3,5,2,0,0,3,0,0.8,0.8,2.9,3.7,8,96,32,0.12,0.18,0.30,0.12,0.30,0.05,0.18,0.23,0.05,0.23,Matches
Lucas Da Cunha,fr FRA,MF,Nice,20,2001,10,5,393,4.4,0,1,1,0,0,0,0,0,0.8,0.8,1.3,2.1,15,11,18,0.00,0.23,0.23,0.00,0.23,0.19,0.29,0.48,0.19,0.48,Matches
Lucas Da Cunha,fr FRA,"FW,MF",Clermont Foot,20,2001,15,11,836,9.3,2,0,2,2,0,0,0,0,1.7,1.7,0.8,2.4,25,30,58,0.22,0.00,0.22,0.22,0.22,0.18,0.08,0.26,0.18,0.26,Matches
Damien Da Silva,fr FRA,DF,Lyon,33,1988,17,13,"1,126",12.5,0,0,0,0,0,0,5,1,0.3,0.3,0.5,0.8,12,59,2,0.00,0.00,0.00,0.00,0.00,0.03,0.04,0.06,0.03,0.06,Matches
Colin Dagba,fr FRA,DF,Paris S-G,22,1998,3,2,165,1.8,0,0,0,0,0,0,1,0,0.0,0.0,0.1,0.1,7,6,24,0.00,0.00,0.00,0.00,0.00,0.00,0.05,0.05,0.00,0.05,Matches
Flavius Daniliuc,at AUT,DF,Nice,20,2001,24,14,"1,293",14.4,0,0,0,0,0,0,4,0,0.2,0.2,0.1,0.4,6,63,25,0.00,0.00,0.00,0.00,0.00,0.02,0.01,0.03,0.02,0.03,Matches
Kevin Danso,at AUT,DF,Lens,22,1998,33,32,"2,790",31.0,2,2,4,2,0,0,9,2,1.7,1.7,0.5,2.2,9,91,1,0.06,0.06,0.13,0.06,0.13,0.06,0.02,0.07,0.06,0.07,Matches
Dante,br BRA,DF,Nice,37,1983,34,33,"2,870",31.9,0,0,0,0,0,0,7,3,0.5,0.5,1.0,1.5,13,131,1,0.00,0.00,0.00,0.00,0.00,0.01,0.03,0.05,0.01,0.05,Matches

Jonathan David,ca CAN,FW,Lille,21,2000,38,32,"2,804",31.2,15,0,15,13,2,3,3,0,14.6,12.3,3.5,15.8,43,67,182,0.48,0.00,0.48,0.42,0.42,0.47,0.11,0.58,0.39,0.51,Matches
Konrad De La Fuente,us USA,"FW,MF",Marseille,20,2001,16,9,785,8.7,0,2,2,0,0,0,1,0,1.0,1.0,1.4,2.4,37,16,110,0.00,0.23,0.23,0.00,0.23,0.11,0.16,0.27,0.11,0.27,Matches
Romain Del Castillo,fr FRA,"MF,FW",Rennes,25,1996,3,0,28,0.3,0,0,0,0,0,0,0,0,0.2,0.2,0.1,0.3,0,5,3,0.00,0.00,0.00,0.00,0.00,0.69,0.27,0.96,0.69,0.96,Matches
Romain Del Castillo,fr FRA,"MF,FW",Brest,25,1996,19,13,975,10.8,0,6,6,0,0,0,1,1,0.6,0.6,1.3,1.8,20,45,85,0.00,0.55,0.55,0.00,0.55,0.06,0.12,0.18,0.05,0.17,Matches
Thomas Delaine,fr FRA,DF,Metz,29,1992,29,26,"2,316",25.7,1,2,3,1,0,0,4,0,1.0,1.0,2.1,3.1,110,73,154,0.04,0.08,0.12,0.04,0.12,0.04,0.08,0.12,0.04,0.12,Matches
Sacha Delaye,fr FRA,"MF,FW",Montpellier,19,2002,10,3,254,2.8,0,1,1,0,0,0,0,0,0.1,0.1,1.1,1.2,2,8,13,0.00,0.35,0.35,0.00,0.35,0.04,0.37,0.42,0.04,0.42,Matches
Andy Delort,dz ALG,FW,Nice,29,1991,32,26,"2,448",27.2,16,2,18,13,3,3,3,0,14.6,12.2,3.9,16.1,24,54,188,0.59,0.07,0.66,0.48,0.55,0.54,0.14,0.68,0.45,0.59,Matches
Andy Delort,dz ALG,FW,Montpellier,29,1991,3,3,269,3.0,2,1,3,2,0,0,0,0,1.3,1.3,0.8,2.2,0,7,17,0.67,0.33,1.00,0.67,1.00,0.45,0.28,0.73,0.45,0.73,Matches
Moussa Dembélé,fr FRA,FW,Lyon,25,1996,30,25,"2,207",24.5,21,4,25,16,5,5,6,0,19.3,15.3,4.0,19.3,25,23,157,0.86,0.16,1.02,0.65,0.82,0.79,0.16,0.95,0.63,0.79,Matches
Jason Denayer,be BEL,DF,Lyon,26,1995,15,12,"1,002",11.1,3,0,3,3,0,0,2,0,1.6,1.6,0.0,1.6,3,26,0,0.27,0.00,0.27,0.27,0.27,0.15,0.00,0.15,0.15,0.15,Matches
Arthur Desmas,fr FRA,GK,Clermont Foot,27,1994,15,15,"1,304",14.5,0,0,0,0,0,0,0,0,0.0,0.0,0.0,0.0,0,1,0,0.00,0.00,0.00,0.00,0.00,0.00,0.00,0.00,0.00,0.00,Matches
Ángel Di María,ar ARG,FW,Paris S-G,33,1988,26,19,"1,645",18.3,5,7,12,5,0,0,2,0,5.4,5.4,7.0,12.3,74,112,235,0.27,0.38,0.66,0.27,0.66,0.29,0.38,0.67,0.29,0.67,Matches
Yadaly Diaby,gn GUI,"FW,MF",Clermont Foot,20,2000,5,0,67,0.7,0,0,0,0,0,0,1,1,0.3,0.3,0.0,0.3,1,1,2,0.00,0.00,0.00,0.00,0.00,0.35,0.00,0.35,0.35,0.35,Matches
Ibrahim Diakité,gn GUI,MF,Reims,17,2003,1,0,4,0.0,0,0,0,0,0,0,0,0,0.0,0.0,0.0,0.0,0,0,0,0.00,0.00,0.00,0.00,0.00,0.00,0.00,0.00,0.00,0.00,Matches
Abdou Diallo,sn SEN,DF,Paris S-G,25,1996,12,10,877,9.7,0,1,1,0,0,0,1,0,0.1,0.1,0.7,0.8,16,47,39,0.00,0.10,0.10,0.00,0.10,0.01,0.07,0.08,0.01,0.08,Matches
Habib Diallo,sn SEN,FW,Strasbourg,26,1995,31,16,"1,541",17.1,11,1,12,9,2,2,2,0,8.8,7.2,2.8,10.0,19,27,132,0.64,0.06,0.70,0.53,0.58,0.51,0.16,0.68,0.42,0.59,Matches
Habib Diarra,sn SEN,MF,Strasbourg,17,2004,4,1,109,1.2,0,0,0,0,0,0,1,0,0.0,0.0,0.0,0.0,0,5,0,0.00,0.00,0.00,0.00,0.00,0.00,0.00,0.00,0.00,0.00,Matches
Stéphane Diarra,fr FRA,"MF,FW",Lorient,22,1998,15,5,525,5.8,0,0,0,0,0,0,2,0,1.1,1.1,1.4,2.5,33,16,53,0.00,0.00,0.00,0.00,0.00,0.18,0.24,0.43,0.18,0.43,Matches
Krépin Diatta,sn SEN,"MF,DF",Monaco,22,1999,8,3,285,3.2,1,0,1,1,0,0,0,0,0.1,0.1,0.2,0.4,8,14,27,0.32,0.00,0.32,0.32,0.32,0.04,0.07,0.12,0.04,0.12,Matches
Bamba Dieng,sn SEN,FW,Marseille,21,2000,25,11,975,10.8,7,1,8,6,1,1,0,1,7.8,7.1,1.9,9.0,24,15,82,0.65,0.09,0.74,0.55,0.65,0.72,0.17,0.90,0.65,0.83,Matches
Elhadji Dieye,sn SEN,"FW,MF",Saint-Étienne,19,2002,5,0,34,0.4,0,0,0,0,0,0,0,0,0.1,0.1,0.0,0.1,1,0,3,0.00,0.00,0.00,0.00,0.00,0.27,0.00,0.27,0.27,0.27,Matches
Javairô Dilrosun,nl NED,"MF,FW",Bordeaux,23,1998,32,19,"1,732",19.2,2,6,8,2,0,0,3,0,2.6,2.6,3.2,5.8,72,76,107,0.10,0.31,0.42,0.10,0.42,0.14,0.17,0.30,0.14,0.30,Matches
Junior Dina Ebimbe,fr FRA,MF,Paris S-G,20,2000,10,4,316,3.5,0,0,0,0,0,0,2,0,0.1,0.1,0.1,0.2,7,21,12,0.00,0.00,0.00,0.00,0.00,0.03,0.02,0.05,0.03,0.05,Matches
Tristan Dingomé,cm CMR,"MF,FW",Troyes,30,1991,25,12,"1,077",12.0,2,4,6,2,0,0,3,0,0.8,0.8,2.4,3.3,5,61,74,0.17,0.33,0.50,0.17,0.50,0.07,0.20,0.27,0.07,0.27,Matches
Sinaly Diomande,ci CIV,DF,Lyon,20,2001,11,5,579,6.4,0,0,0,0,0,0,2,0,0.2,0.2,0.0,0.2,0,29,0,0.00,0.00,0.00,0.00,0.00,0.04,0.00,0.04,0.04,0.04,Matches

Sofiane Diop,fr FRA,"MF,FW",Monaco,21,2000,30,24,"1,948",21.6,6,4,10,6,0,0,6,0,5.6,5.6,3.6,9.2,75,130,202,0.28,0.18,0.46,0.28,0.46,0.26,0.17,0.42,0.26,0.42,Matches
Andy Diouf,fr FRA,MF,Rennes,18,2003,5,0,14,0.2,0,0,0,0,0,0,0,0,0.0,0.0,0.3,0.3,0,0,2,0.00,0.00,0.00,0.00,0.00,0.00,1.97,1.97,0.00,1.97,Matches
Assane Dioussé,sn SEN,MF,Saint-Étienne,23,1997,4,0,23,0.3,0,0,0,0,0,0,0,0,0.0,0.0,0.0,0.0,1,2,1,0.00,0.00,0.00,0.00,0.00,0.00,0.00,0.00,0.00,0.00,Matches
Axel Disasi,fr FRA,DF,Monaco,23,1998,32,30,"2,721",30.2,1,0,1,1,0,0,5,0,2.1,2.1,1.0,3.1,27,120,4,0.03,0.00,0.03,0.03,0.03,0.07,0.03,0.10,0.07,0.10,Matches
Tiago Djaló,pt POR,DF,Lille,21,2000,28,26,"2,329",25.9,1,1,2,1,0,0,4,0,1.4,1.4,0.4,1.8,32,84,24,0.04,0.04,0.08,0.04,0.08,0.05,0.02,0.07,0.05,0.07,Matches
Alexander Djiku,gh GHA,DF,Strasbourg,26,1994,31,30,"2,694",29.9,1,0,1,1,0,0,10,1,2.1,2.1,0.6,2.8,15,156,3,0.03,0.00,0.03,0.03,0.03,0.07,0.02,0.09,0.07,0.09,Matches
Bryan Djile Nokoué,cm CMR,"DF,MF",Saint-Étienne,19,2002,2,0,57,0.6,0,0,0,0,0,0,0,0,0.0,0.0,0.0,0.0,1,1,2,0.00,0.00,0.00,0.00,0.00,0.00,0.00,0.00,0.00,0.00,Matches
Ouparine Djoco,gw GNB,GK,Clermont Foot,23,1998,24,23,"2,116",23.5,0,0,0,0,0,0,1,0,0.0,0.0,0.0,0.0,0,0,0,0.00,0.00,0.00,0.00,0.00,0.00,0.00,0.00,0.00,0.00,Matches
Jeremy Doku,be BEL,"FW,MF",Rennes,19,2002,14,4,469,5.2,1,2,3,1,0,0,2,0,0.7,0.7,1.7,2.4,32,30,43,0.19,0.38,0.58,0.19,0.58,0.13,0.32,0.45,0.13,0.45,Matches
Kasper Dolberg,dk DEN,FW,Nice,23,1997,26,19,"1,492",16.6,6,2,8,4,2,2,0,0,6.4,4.8,1.2,6.1,15,16,90,0.36,0.12,0.48,0.24,0.36,0.39,0.07,0.46,0.29,0.37,Matches
Brandon Domingues,fr FRA,"MF,FW",Troyes,21,2000,11,1,231,2.6,1,0,1,1,0,0,0,0,0.7,0.7,0.2,0.9,7,6,24,0.39,0.00,0.39,0.39,0.39,0.27,0.09,0.36,0.27,0.36,Matches
Anastasios Donis,gr GRE,"FW,MF",Reims,24,1996,13,3,370,4.1,0,0,0,0,0,0,0,1,0.9,0.9,0.3,1.1,27,4,46,0.00,0.00,0.00,0.00,0.00,0.21,0.06,0.28,0.21,0.28,Matches
Gianluigi Donnarumma,it ITA,GK,Paris S-G,22,1999,17,17,"1,530",17.0,0,0,0,0,0,0,3,0,0.0,0.0,0.0,0.0,0,0,0,0.00,0.00,0.00,0.00,0.00,0.00,0.00,0.00,0.00,0.00,Matches
Jodel Dossou,bj BEN,FW,Clermont Foot,29,1992,35,23,"2,008",22.3,3,1,4,3,0,0,4,0,5.0,5.0,2.2,7.2,104,75,191,0.13,0.04,0.18,0.13,0.18,0.22,0.10,0.32,0.22,0.32,Matches
Lohann Doucet,fr FRA,"MF,DF",Nantes,18,2002,2,0,6,0.1,0,0,0,0,0,0,0,0,0.0,0.0,0.0,0.0,0,2,0,0.00,0.00,0.00,0.00,0.00,0.00,0.00,0.00,0.00,0.00,Matches
Cheick Doucouré,ml MLI,MF,Lens,21,2000,34,33,"2,946",32.7,1,4,5,1,0,0,7,1,1.6,1.6,3.6,5.1,54,266,32,0.03,0.12,0.15,0.03,0.15,0.05,0.11,0.16,0.05,0.16,Matches
Fodé Doucouré,ml MLI,"DF,FW",Reims,20,2001,3,1,154,1.7,0,0,0,0,0,0,0,0,0.0,0.0,0.0,0.0,1,2,1,0.00,0.00,0.00,0.00,0.00,0.00,0.01,0.01,0.00,0.01,Matches
Ismaël Doukouré,fr FRA,DF,Strasbourg,18,2003,1,0,17,0.2,0,0,0,0,0,0,0,0,0.0,0.0,0.0,0.0,0,0,0,0.00,0.00,0.00,0.00,0.00,0.00,0.00,0.00,0.00,0.00,Matches
Kamory Doumbia,ml MLI,"MF,FW",Reims,18,2003,8,2,352,3.9,2,1,3,2,0,0,1,0,0.6,0.6,0.4,1.1,6,23,16,0.51,0.26,0.77,0.51,0.77,0.16,0.11,0.27,0.16,0.27,Matches
Moussa Doumbia,ml MLI,FW,Reims,26,1994,4,0,86,1.0,0,0,0,0,0,1,0,0,0.9,0.1,0.0,0.1,4,4,16,0.00,0.00,0.00,0.00,0.00,0.93,0.00,0.93,0.13,0.13,Matches
Souleyman Doumbia,ci CIV,"DF,FW",Angers,24,1996,27,27,"2,219",24.7,0,1,1,0,0,0,10,1,0.8,0.8,2.1,2.9,66,54,147,0.00,0.04,0.04,0.00,0.04,0.03,0.09,0.12,0.03,0.12,Matches
Julian Draxler,de GER,"FW,MF",Paris S-G,27,1993,18,5,548,6.1,2,1,3,2,0,0,0,0,1.5,1.5,2.3,3.8,14,33,48,0.33,0.16,0.49,0.33,0.49,0.24,0.38,0.62,0.24,0.62,Matches
Matthieu Dreyer,fr FRA,GK,Lorient,32,1989,16,16,"1,440",16.0,0,0,0,0,0,0,0,0,0.0,0.0,0.0,0.0,0,0,0,0.00,0.00,0.00,0.00,0.00,0.00,0.00,0.00,0.00,0.00,Matches
Leo Dubois,fr FRA,DF,Lyon,26,1994,23,20,"1,742",19.4,0,0,0,0,0,0,5,0,0.8,0.8,1.0,1.9,44,108,124,0.00,0.00,0.00,0.00,0.00,0.04,0.05,0.10,0.04,0.10,Matches
Jean-Kevin Duverne,ht HAI,DF,Brest,24,1997,37,33,"3,007",33.4,1,3,4,1,0,0,1,0,1.0,1.0,2.2,3.2,76,169,107,0.03,0.09,0.12,0.03,0.12,0.03,0.07,0.10,0.03,0.10,Matches

Enzo Ebosse,cm CMR,DF,Angers,22,1999,27,21,"1,890",21.0,0,0,0,0,0,0,1,0,0.1,0.1,0.6,0.7,26,55,18,0.00,0.00,0.00,0.00,0.00,0.01,0.03,0.03,0.01,0.03,Matches
Hugo Ekitike,fr FRA,FW,Reims,19,2002,24,15,"1,273",14.1,10,3,13,9,1,2,1,1,6.5,4.8,1.5,6.3,35,18,87,0.71,0.21,0.92,0.64,0.85,0.46,0.10,0.57,0.34,0.44,Matches
Alberth Elis,hn HON,"FW,MF",Bordeaux,25,1996,20,16,"1,409",15.7,9,1,10,9,0,1,2,0,6.5,5.7,1.3,7.0,42,27,118,0.57,0.06,0.64,0.57,0.64,0.42,0.08,0.50,0.37,0.45,Matches
Renaud Emond,be BEL,"FW,MF",Nantes,29,1991,6,2,190,2.1,0,0,0,0,0,0,0,0,0.0,0.0,0.0,0.0,0,1,4,0.00,0.00,0.00,0.00,0.00,0.01,0.00,0.01,0.01,0.01,Matches
Maxime Estève,fr FRA,DF,Montpellier,19,2002,24,20,"1,857",20.6,0,0,0,0,0,0,2,0,0.9,0.9,0.2,1.1,12,29,2,0.00,0.00,0.00,0.00,0.00,0.04,0.01,0.05,0.04,0.05,Matches
Fábio,br BRA,DF,Nantes,31,1990,27,21,"1,667",18.5,0,2,2,0,0,0,8,1,1.0,1.0,1.0,2.0,26,64,75,0.00,0.11,0.11,0.00,0.11,0.05,0.06,0.11,0.05,0.11,Matches
Cesc Fàbregas,es ESP,MF,Monaco,34,1987,2,0,38,0.4,0,0,0,0,0,0,0,0,0.0,0.0,0.2,0.2,2,12,3,0.00,0.00,0.00,0.00,0.00,0.00,0.52,0.52,0.00,0.52,Matches
Wout Faes,be BEL,DF,Reims,23,1998,37,37,"3,330",37.0,4,0,4,4,0,0,2,0,2.1,2.1,0.2,2.3,13,83,10,0.11,0.00,0.11,0.11,0.11,0.06,0.00,0.06,0.06,0.06,Matches
Romain Faivre,fr FRA,"FW,MF",Lyon,23,1998,14,9,889,9.9,3,0,3,3,0,0,0,0,1.8,1.8,2.3,4.1,63,84,72,0.30,0.00,0.30,0.30,0.30,0.18,0.23,0.41,0.18,0.41,Matches
Romain Faivre,fr FRA,MF,Brest,23,1998,21,20,"1,795",19.9,7,5,12,2,5,5,1,0,6.5,2.5,2.8,5.3,100,118,98,0.35,0.25,0.60,0.10,0.35,0.32,0.14,0.47,0.13,0.27,Matches
Wuilker Faríñez,ve VEN,GK,Lens,23,1998,13,11,"1,105",12.3,0,0,0,0,0,0,0,0,0.0,0.0,0.0,0.0,0,0,0,0.00,0.00,0.00,0.00,0.00,0.00,0.00,0.00,0.00,0.00,Matches
Noah Fatar,fr FRA,"DF,MF",Angers,19,2002,3,0,5,0.1,0,0,0,0,0,0,0,0,0.0,0.0,0.0,0.0,1,1,1,0.00,0.00,0.00,0.00,0.00,0.00,0.00,0.00,0.00,0.00,Matches
Julien Faussurier,fr FRA,"MF,DF",Brest,34,1987,16,4,489,5.4,0,1,1,0,0,0,1,0,0.4,0.4,0.8,1.2,18,22,60,0.00,0.18,0.18,0.00,0.18,0.07,0.15,0.22,0.07,0.22,Matches
Jordan Ferri,fr FRA,MF,Montpellier,29,1992,34,33,"2,911",32.3,0,2,2,0,0,0,13,1,0.3,0.3,3.4,3.7,78,290,43,0.00,0.06,0.06,0.00,0.06,0.01,0.11,0.12,0.01,0.12,Matches
Karol Fila,pl POL,DF,Strasbourg,23,1998,16,7,560,6.2,0,0,0,0,0,0,3,0,0.0,0.0,0.5,0.5,10,39,51,0.00,0.00,0.00,0.00,0.00,0.00,0.07,0.07,0.00,0.07,Matches
Alexis Flips,fr FRA,"MF,DF",Reims,21,2000,25,13,"1,056",11.7,2,4,6,1,1,1,2,0,2.0,1.2,3.0,4.2,15,29,61,0.17,0.34,0.51,0.09,0.43,0.17,0.26,0.43,0.10,0.36,Matches
Mamadou Fofana,ml MLI,DF,Metz,23,1998,1,0,33,0.4,0,0,0,0,0,0,0,0,0.0,0.0,0.0,0.0,0,0,0,0.00,0.00,0.00,0.00,0.00,0.00,0.00,0.00,0.00,0.00,Matches
Seko Fofana,ci CIV,MF,Lens,26,1995,38,38,"3,357",37.3,8,1,9,8,0,0,2,0,6.4,6.4,3.1,9.5,131,178,227,0.21,0.03,0.24,0.21,0.24,0.17,0.08,0.25,0.17,0.25,Matches
Youssouf Fofana,fr FRA,MF,Monaco,22,1999,33,23,"2,190",24.3,0,4,4,0,0,0,4,0,1.1,1.1,2.6,3.7,44,146,47,0.00,0.16,0.16,0.00,0.16,0.05,0.11,0.15,0.05,0.15,Matches
Thomas Foket,be BEL,"DF,FW",Reims,26,1994,29,26,"2,235",24.8,1,0,1,1,0,0,5,0,0.6,0.6,1.6,2.1,34,72,115,0.04,0.00,0.04,0.04,0.04,0.02,0.06,0.09,0.02,0.09,Matches
Thomas Fontaine,mg MAD,DF,Lorient,30,1991,2,2,167,1.9,0,0,0,0,0,0,1,0,0.0,0.0,0.0,0.0,0,4,0,0.00,0.00,0.00,0.00,0.00,0.00,0.00,0.00,0.00,0.00,Matches
José Fonte,pt POR,DF,Lille,37,1983,38,38,"3,420",38.0,0,2,2,0,0,0,4,0,1.4,1.4,1.1,2.4,14,117,13,0.00,0.05,0.05,0.00,0.05,0.04,0.03,0.06,0.04,0.06,Matches
Steven Fortes,cv CPV,DF,Lens,29,1992,1,1,90,1.0,0,0,0,0,0,0,0,0,0.0,0.0,0.0,0.0,0,2,0,0.00,0.00,0.00,0.00,0.00,0.00,0.00,0.00,0.00,0.00,Matches
Przemysław Frankowski,pl POL,DF,Lens,26,1995,37,28,"2,448",27.2,6,5,11,6,0,0,5,0,2.4,2.4,3.7,6.0,53,89,223,0.22,0.18,0.40,0.22,0.40,0.09,0.13,0.22,0.09,0.22,Matches
Fransérgio,br BRA,MF,Bordeaux,30,1990,26,14,"1,258",14.0,0,1,1,0,0,0,7,0,1.3,1.3,0.4,1.7,10,46,23,0.00,0.07,0.07,0.00,0.07,0.09,0.03,0.12,0.09,0.12,Matches

Angelo Fulgini,fr FRA,"MF,FW",Angers,24,1996,36,35,"2,929",32.5,5,4,9,5,0,0,6,0,5.8,5.8,4.0,9.7,75,147,189,0.15,0.12,0.28,0.15,0.28,0.18,0.12,0.30,0.18,0.30,Matches
Gauthier Gallon,fr FRA,GK,Troyes,28,1993,31,31,"2,790",31.0,0,0,0,0,0,0,2,0,0.0,0.0,0.0,0.0,0,0,0,0.00,0.00,0.00,0.00,0.00,0.00,0.00,0.00,0.00,0.00,Matches
Kévin Gameiro,fr FRA,FW,Strasbourg,34,1987,35,28,"2,385",26.5,11,3,14,10,1,3,0,0,13.3,10.9,3.0,13.9,69,62,225,0.42,0.11,0.53,0.38,0.49,0.50,0.11,0.62,0.41,0.53,Matches
Idrissa Gana Gueye,sn SEN,MF,Paris S-G,31,1989,26,18,"1,641",18.2,3,1,4,3,0,0,4,0,1.4,1.4,1.7,3.1,28,132,35,0.16,0.05,0.22,0.16,0.22,0.08,0.09,0.17,0.08,0.17,Matches
Ignatius Ganago,cm CMR,FW,Lens,22,1999,28,11,"1,024",11.4,5,1,6,5,0,0,2,0,4.2,4.2,1.1,5.3,11,14,77,0.44,0.09,0.53,0.44,0.53,0.37,0.10,0.47,0.37,0.47,Matches
Djeidi Gassama,fr FRA,FW,Paris S-G,17,2003,1,0,2,0.0,0,0,0,0,0,0,0,0,0.0,0.0,0.0,0.0,0,0,1,0.00,0.00,0.00,0.00,0.00,0.00,0.00,0.00,0.00,0.00,Matches
Johan Gastien,fr FRA,MF,Clermont Foot,33,1988,32,32,"2,746",30.5,0,1,1,0,0,0,8,2,0.8,0.8,1.8,2.6,17,227,32,0.00,0.03,0.03,0.00,0.03,0.03,0.06,0.09,0.03,0.09,Matches
Valère Germain,fr FRA,FW,Montpellier,31,1990,34,22,"1,970",21.9,4,3,7,4,0,0,3,0,4.4,4.4,2.9,7.3,9,36,95,0.18,0.14,0.32,0.18,0.32,0.20,0.13,0.33,0.20,0.33,Matches
Gerson,br BRA,"MF,FW",Marseille,24,1997,35,29,"2,544",28.3,9,4,13,9,0,0,3,0,4.9,4.9,3.1,8.1,61,94,172,0.32,0.14,0.46,0.32,0.46,0.17,0.11,0.29,0.17,0.29,Matches
Willem Geubbels,fr FRA,"FW,MF",Nantes,19,2001,22,4,544,6.0,2,1,3,2,0,0,1,0,1.8,1.8,1.2,3.0,15,5,36,0.33,0.17,0.50,0.33,0.50,0.30,0.20,0.50,0.30,0.50,Matches
Ismaël Gharbi,es ESP,FW,Paris S-G,17,2004,1,0,2,0.0,0,0,0,0,0,0,0,0,0.0,0.0,0.0,0.0,0,1,0,0.00,0.00,0.00,0.00,0.00,0.00,0.00,0.00,0.00,0.00,Matches
Lamine Ghezali,fr FRA,DF,Saint-Étienne,22,1999,1,0,1,0.0,0,0,0,0,0,0,0,0,0.0,0.0,0.0,0.0,1,0,0,0.00,0.00,0.00,0.00,0.00,0.00,3.32,3.32,0.00,3.32,Matches
Nicholas Gioacchini,us USA,"FW,MF",Montpellier,21,2000,28,3,497,5.5,0,2,2,0,0,0,0,0,1.4,1.4,0.8,2.3,8,9,38,0.00,0.36,0.36,0.00,0.36,0.26,0.15,0.41,0.26,0.41,Matches
Jimmy Giraudon,fr FRA,DF,Troyes,29,1992,19,18,"1,619",18.0,0,0,0,0,0,0,5,1,0.0,0.0,0.3,0.3,2,34,0,0.00,0.00,0.00,0.00,0.00,0.00,0.02,0.02,0.00,0.02,Matches
Andrei Girotto,br BRA,"DF,MF",Nantes,29,1992,36,36,"3,146",35.0,6,1,7,6,0,0,8,0,2.9,2.9,1.2,4.1,9,108,15,0.17,0.03,0.20,0.17,0.20,0.08,0.03,0.12,0.08,0.12,Matches
Aleksandr Golovin,ru RUS,"FW,MF",Monaco,25,1996,27,17,"1,502",16.7,3,4,7,3,0,0,4,1,2.7,2.7,3.1,5.7,51,87,126,0.18,0.24,0.42,0.18,0.42,0.16,0.18,0.34,0.16,0.34,Matches
Angel Gomes,eng ENG,"MF,FW",Lille,20,2000,24,12,954,10.6,1,1,2,1,0,0,3,0,1.1,1.1,1.1,2.2,16,43,49,0.09,0.09,0.19,0.09,0.19,0.11,0.10,0.21,0.11,0.21,Matches
Alfred Gomis,sn SEN,GK,Rennes,27,1993,25,25,"2,250",25.0,0,0,0,0,0,0,1,0,0.0,0.0,0.0,0.0,0,0,0,0.00,0.00,0.00,0.00,0.00,0.00,0.00,0.00,0.00,0.00,Matches
Vagner Gonçalves,cv CPV,FW,Metz,25,1996,3,0,86,1.0,0,0,0,0,0,0,1,0,0.2,0.2,0.1,0.2,2,2,5,0.00,0.00,0.00,0.00,0.00,0.19,0.06,0.24,0.19,0.24,Matches
Álvaro González,es ESP,DF,Marseille,31,1990,6,5,451,5.0,0,0,0,0,0,0,1,0,0.2,0.2,0.0,0.2,0,12,0,0.00,0.00,0.00,0.00,0.00,0.04,0.00,0.04,0.04,0.04,Matches
Amine Gouiri,dz ALG,"FW,MF",Nice,21,2000,38,32,"2,754",30.6,10,9,19,7,3,5,3,0,11.8,7.9,5.9,13.8,93,104,198,0.33,0.29,0.62,0.23,0.52,0.39,0.19,0.58,0.26,0.45,Matches
Lucas Gourna-Douath,fr FRA,MF,Saint-Étienne,17,2003,31,20,"1,804",20.0,1,0,1,1,0,0,7,0,1.3,1.3,0.2,1.5,29,69,22,0.05,0.00,0.05,0.05,0.05,0.07,0.01,0.08,0.07,0.08,Matches
Jonathan Gradit,fr FRA,DF,Lens,28,1992,35,35,"3,067",34.1,0,0,0,0,0,0,7,0,0.1,0.1,1.8,1.9,65,210,15,0.00,0.00,0.00,0.00,0.00,0.00,0.05,0.06,0.00,0.06,Matches
Andrew Gravillon,gp GLP,DF,Reims,23,1998,26,24,"2,135",23.7,0,0,0,0,0,0,9,2,0.8,0.8,0.6,1.4,20,64,23,0.00,0.00,0.00,0.00,0.00,0.03,0.02,0.06,0.03,0.06,Matches
Adrian Grbić,at AUT,"FW,MF",Lorient,24,1996,16,4,518,5.8,1,0,1,1,0,0,0,0,1.7,1.7,0.4,2.0,3,3,26,0.17,0.00,0.17,0.17,0.17,0.29,0.06,0.35,0.29,0.35,Matches

Ivo Grbić,hr CRO,GK,Lille,25,1996,21,21,"1,890",21.0,0,0,0,0,0,0,3,0,0.0,0.0,0.0,0.0,0,0,0,0.00,0.00,0.00,0.00,0.00,0.00,0.00,0.00,0.00,0.00,Matches
Etienne Green,eng ENG,GK,Saint-Étienne,21,2000,15,15,"1,197",13.3,0,0,0,0,0,0,1,1,0.0,0.0,0.0,0.0,0,0,0,0.00,0.00,0.00,0.00,0.00,0.00,0.00,0.00,0.00,0.00,Matches
Gabriel Gudmundsson,se SWE,"DF,MF",Lille,22,1999,30,15,"1,344",14.9,1,0,1,1,0,0,3,0,2.2,2.2,1.0,3.3,49,51,68,0.07,0.00,0.07,0.07,0.07,0.15,0.07,0.22,0.15,0.22,Matches
Noah Guede-Nadje,fr FRA,MF,Angers,17,2003,1,0,3,0.0,0,0,0,0,0,0,0,0,0.0,0.0,0.0,0.0,0,0,0,0.00,0.00,0.00,0.00,0.00,0.00,0.00,0.00,0.00,0.00,Matches
Mattéo Guendouzi,fr FRA,MF,Marseille,22,1999,38,35,"3,152",35.0,4,6,10,4,0,0,6,0,3.5,3.5,3.6,7.1,100,286,175,0.11,0.17,0.29,0.11,0.29,0.10,0.10,0.20,0.10,0.20,Matches
Yanis Guermouche,fr FRA,"MF,FW",Montpellier,20,2001,3,0,11,0.1,0,0,0,0,0,0,0,0,0.0,0.0,0.0,0.0,2,1,0,0.00,0.00,0.00,0.00,0.00,0.00,0.00,0.00,0.00,0.00,Matches
Evann Guessand,ci CIV,FW,Nice,20,2001,20,2,438,4.9,1,2,3,1,0,0,3,0,1.8,1.8,1.2,3.0,6,7,24,0.21,0.41,0.62,0.21,0.62,0.37,0.24,0.62,0.37,0.62,Matches
Lamine Gueye,sn SEN,"FW,MF",Metz,23,1998,14,7,555,6.2,0,3,3,0,0,0,0,0,1.4,1.4,1.2,2.6,16,5,53,0.00,0.49,0.49,0.00,0.49,0.23,0.19,0.43,0.23,0.43,Matches
Pape Gueye,sn SEN,MF,Marseille,22,1999,28,17,"1,528",17.0,0,1,1,0,0,0,7,0,1.7,1.7,0.6,2.3,24,88,20,0.00,0.06,0.06,0.00,0.06,0.10,0.04,0.14,0.10,0.14,Matches
Josuha Guilavogui,fr FRA,"MF,DF",Bordeaux,30,1990,15,15,"1,331",14.8,1,1,2,1,0,0,4,0,1.5,1.5,0.8,2.3,11,76,23,0.07,0.07,0.14,0.07,0.14,0.10,0.06,0.16,0.10,0.16,Matches
Frederic Guilbert,fr FRA,DF,Strasbourg,26,1994,33,28,"2,516",28.0,0,4,4,0,0,0,4,0,0.9,0.9,3.8,4.7,54,110,167,0.00,0.14,0.14,0.00,0.14,0.03,0.14,0.17,0.03,0.17,Matches
Bruno Guimarães,br BRA,MF,Lyon,23,1997,20,19,"1,634",18.2,0,3,3,0,0,0,2,0,1.0,1.0,3.7,4.7,56,165,41,0.00,0.17,0.17,0.00,0.17,0.06,0.20,0.26,0.06,0.26,Matches
Serhou Guirassy,gn GUI,FW,Rennes,25,1996,37,7,"1,016",11.3,9,0,9,9,0,0,1,0,8.1,8.1,0.4,8.5,8,23,86,0.80,0.00,0.80,0.80,0.80,0.72,0.03,0.75,0.72,0.75,Matches
Malo Gusto,fr FRA,DF,Lyon,18,2003,30,21,"1,884",20.9,0,4,4,0,0,0,3,0,0.6,0.6,4.2,4.7,70,87,153,0.00,0.19,0.19,0.00,0.19,0.03,0.20,0.23,0.03,0.23,Matches
Massadio Haïdara,ml MLI,DF,Lens,28,1992,20,12,"1,076",12.0,1,1,2,1,0,0,5,1,0.7,0.7,0.1,0.8,22,40,45,0.08,0.08,0.17,0.08,0.17,0.06,0.01,0.07,0.06,0.07,Matches
Oualid El Hajjam,ma MAR,DF,Troyes,30,1991,19,12,"1,072",11.9,1,1,2,1,0,0,2,0,0.7,0.7,0.8,1.5,16,22,15,0.08,0.08,0.17,0.08,0.17,0.06,0.06,0.12,0.06,0.12,Matches
Achraf Hakimi,ma MAR,DF,Paris S-G,22,1998,32,28,"2,479",27.5,4,6,10,4,0,0,3,1,2.5,2.5,4.1,6.6,71,99,294,0.15,0.22,0.36,0.15,0.36,0.09,0.15,0.24,0.09,0.24,Matches
Pierre-Yves Hamel,fr FRA,"FW,MF",Lorient,27,1994,3,0,30,0.3,0,0,0,0,0,0,1,0,0.0,0.0,0.0,0.0,0,0,1,0.00,0.00,0.00,0.00,0.00,0.00,0.11,0.11,0.00,0.11,Matches
Pierre-Yves Hamel,fr FRA,FW,Clermont Foot,27,1994,17,6,523,5.8,0,0,0,0,0,0,2,0,1.7,1.7,0.2,1.9,2,10,15,0.00,0.00,0.00,0.00,0.00,0.30,0.03,0.32,0.30,0.32,Matches
Romain Hamouma,fr FRA,"FW,MF",Saint-Étienne,34,1987,22,7,886,9.8,2,1,3,2,0,0,2,0,2.9,2.9,1.4,4.3,27,23,100,0.20,0.10,0.30,0.20,0.30,0.29,0.14,0.43,0.29,0.43,Matches
Amine Harit,ma MAR,"FW,MF",Marseille,24,1997,23,12,"1,165",12.9,4,4,8,4,0,0,1,0,2.5,2.5,2.8,5.3,50,65,118,0.31,0.31,0.62,0.31,0.62,0.20,0.22,0.41,0.20,0.41,Matches
Henrique,br BRA,DF,Lyon,27,1994,18,12,"1,105",12.3,0,1,1,0,0,0,3,0,0.7,0.7,0.4,1.1,27,35,57,0.00,0.08,0.08,0.00,0.08,0.06,0.04,0.09,0.06,0.09,Matches
Luis Henrique,br BRA,"FW,MF",Marseille,19,2001,20,7,699,7.8,0,1,1,0,0,0,0,0,0.9,0.9,0.3,1.2,15,19,69,0.00,0.13,0.13,0.00,0.13,0.12,0.04,0.16,0.12,0.16,Matches
Christophe Hérelle,mq MTQ,DF,Brest,28,1992,23,23,"1,932",21.5,0,0,0,0,0,0,6,0,0.5,0.5,0.1,0.6,9,59,2,0.00,0.00,0.00,0.00,0.00,0.02,0.01,0.03,0.02,0.03,Matches
Jérôme Hergault,fr FRA,DF,Lorient,35,1986,8,5,352,3.9,0,0,0,0,0,0,2,2,0.1,0.1,0.2,0.3,4,16,23,0.00,0.00,0.00,0.00,0.00,0.03,0.04,0.07,0.03,0.07,Matches

Ander Herrera,es ESP,MF,Paris S-G,31,1989,19,12,"1,091",12.1,3,2,5,3,0,0,2,0,0.8,0.8,1.4,2.2,11,97,25,0.25,0.16,0.41,0.25,0.41,0.06,0.11,0.18,0.06,0.18,Matches
Franck Honorat,fr FRA,"FW,MF",Brest,24,1996,34,34,"2,899",32.2,11,4,15,11,0,0,3,0,4.3,4.3,6.6,10.9,117,84,289,0.34,0.12,0.47,0.34,0.47,0.13,0.21,0.34,0.13,0.34,Matches
Fraser Hornby,sct SCO,"FW,MF",Reims,21,1999,8,4,350,3.9,0,0,0,0,0,0,1,0,0.5,0.5,0.2,0.7,6,4,26,0.00,0.00,0.00,0.00,0.00,0.14,0.06,0.19,0.14,0.19,Matches
Cédric Hountondji,bj BEN,DF,Clermont Foot,27,1994,23,23,"2,034",22.6,1,0,1,1,0,0,2,0,0.6,0.6,0.0,0.6,5,43,1,0.04,0.00,0.04,0.04,0.04,0.02,0.00,0.03,0.02,0.03,Matches
Suk Hyun-jun,kr KOR,"FW,MF",Troyes,30,1991,9,0,153,1.7,0,0,0,0,0,0,0,0,0.4,0.4,0.3,0.7,5,3,11,0.00,0.00,0.00,0.00,0.00,0.22,0.18,0.40,0.22,0.40,Matches
Mauro Icardi,ar ARG,FW,Paris S-G,28,1993,24,10,"1,027",11.4,4,0,4,4,0,0,1,0,5.4,5.4,0.7,6.1,6,10,53,0.35,0.00,0.35,0.35,0.35,0.48,0.06,0.53,0.48,0.53,Matches
Jonathan Iglesias,uy URU,MF,Clermont Foot,32,1988,15,5,579,6.4,0,0,0,0,0,0,0,0,0.0,0.0,0.3,0.3,6,12,9,0.00,0.00,0.00,0.00,0.00,0.00,0.04,0.05,0.00,0.05,Matches
Juan Ignacio Ramírez,uy URU,FW,Saint-Étienne,24,1997,5,1,126,1.4,0,0,0,0,0,0,0,0,0.0,0.0,0.0,0.0,1,1,3,0.00,0.00,0.00,0.00,0.00,0.03,0.00,0.03,0.03,0.03,Matches
Danylo Ihnatenko,ua UKR,MF,Bordeaux,24,1997,11,7,692,7.7,0,3,3,0,0,0,3,1,0.3,0.3,1.2,1.6,16,48,10,0.00,0.39,0.39,0.00,0.39,0.05,0.16,0.21,0.05,0.21,Matches
Jonathan Ikone,fr FRA,"MF,FW",Lille,23,1998,18,13,"1,062",11.8,1,0,1,1,0,0,1,0,2.1,2.1,2.2,4.3,34,50,71,0.08,0.00,0.08,0.08,0.08,0.18,0.18,0.37,0.18,0.37,Matches
Bonke Innocent,ng NGA,MF,Lorient,25,1996,12,11,874,9.7,0,0,0,0,0,0,4,0,0.2,0.2,0.2,0.3,2,26,4,0.00,0.00,0.00,0.00,0.00,0.02,0.02,0.04,0.02,0.04,Matches
Wilson Isidor,fr FRA,"FW,MF",Monaco,20,2000,4,0,50,0.6,0,0,0,0,0,0,0,0,0.1,0.1,0.1,0.2,0,0,5,0.00,0.00,0.00,0.00,0.00,0.14,0.14,0.28,0.14,0.28,Matches
Ismail Jakobs,sn SEN,"DF,FW",Monaco,21,1999,28,10,"1,203",13.4,0,1,1,0,0,0,1,0,0.4,0.4,3.5,3.9,45,70,100,0.00,0.07,0.07,0.00,0.07,0.03,0.26,0.29,0.03,0.29,Matches
Marin Jakoliš,hr CRO,FW,Angers,24,1996,10,2,229,2.5,0,0,0,0,0,0,0,0,1.1,1.1,0.3,1.4,5,4,17,0.00,0.00,0.00,0.00,0.00,0.42,0.13,0.54,0.42,0.54,Matches
Abdel Jalil Medioub,dz ALG,DF,Bordeaux,23,1997,10,6,622,6.9,0,0,0,0,0,0,0,0,0.1,0.1,0.0,0.1,3,12,0,0.00,0.00,0.00,0.00,0.00,0.01,0.00,0.01,0.01,0.01,Matches
Léo Jardim,br BRA,GK,Lille,26,1995,17,17,"1,530",17.0,0,0,0,0,0,0,0,0,0.0,0.0,0.0,0.0,0,0,0,0.00,0.00,0.00,0.00,0.00,0.00,0.00,0.00,0.00,0.00,Matches
Corentin Jean,fr FRA,"FW,MF",Lens,26,1995,17,1,255,2.8,1,0,1,1,0,0,2,0,1.0,1.0,0.3,1.3,4,11,21,0.35,0.00,0.35,0.35,0.35,0.35,0.11,0.46,0.35,0.46,Matches
Jemerson,br BRA,DF,Metz,28,1992,15,15,"1,202",13.4,0,0,0,0,0,0,3,2,0.6,0.6,0.5,1.1,5,15,2,0.00,0.00,0.00,0.00,0.00,0.05,0.03,0.08,0.05,0.08,Matches
Moritz Jenz,de GER,DF,Lorient,22,1999,17,16,"1,381",15.3,1,0,1,1,0,0,5,1,1.2,1.2,0.1,1.3,9,29,3,0.07,0.00,0.07,0.07,0.07,0.08,0.01,0.08,0.08,0.08,Matches
Lenny Joseph,fr FRA,"FW,MF",Metz,20,2000,8,0,153,1.7,0,0,0,0,0,0,1,0,0.0,0.0,0.0,0.0,0,2,11,0.00,0.00,0.00,0.00,0.00,0.00,0.01,0.01,0.00,0.01,Matches
Issa Kaboré,bf BFA,"DF,MF",Troyes,20,2001,31,26,"2,254",25.0,0,1,1,0,0,0,8,2,0.3,0.3,2.1,2.3,99,67,157,0.00,0.04,0.04,0.00,0.04,0.01,0.08,0.09,0.01,0.09,Matches
Tino Kadewere,zw ZIM,FW,Lyon,25,1996,15,3,506,5.6,1,0,1,1,0,0,0,1,2.5,2.5,1.1,3.6,12,14,48,0.18,0.00,0.18,0.18,0.18,0.45,0.20,0.64,0.45,0.64,Matches
Gaël Kakuta,cd COD,"MF,FW",Lens,30,1991,29,20,"1,673",18.6,3,2,5,2,1,1,1,0,3.5,2.7,2.3,5.0,30,80,121,0.16,0.11,0.27,0.11,0.22,0.19,0.13,0.31,0.14,0.27,Matches
Arnaud Kalimuendo,fr FRA,FW,Lens,19,2002,32,27,"2,148",23.9,12,0,12,10,2,2,1,1,8.9,7.3,1.6,8.9,49,30,192,0.50,0.00,0.50,0.42,0.42,0.37,0.07,0.44,0.31,0.37,Matches
Arnaud Kalimuendo,fr FRA,FW,Paris S-G,19,2002,2,0,8,0.1,0,0,0,0,0,0,0,0,0.0,0.0,0.0,0.0,0,0,0,0.00,0.00,0.00,0.00,0.00,0.00,0.00,0.00,0.00,0.00,Matches

Samuel Kalu,ng NGA,"FW,MF",Bordeaux,23,1997,11,3,328,3.6,1,1,2,1,0,0,1,0,1.2,1.2,0.2,1.4,16,10,47,0.27,0.27,0.55,0.27,0.55,0.34,0.05,0.39,0.34,0.39,Matches
Boubacar Kamara,fr FRA,"MF,DF",Marseille,21,1999,34,31,"2,778",30.9,1,0,1,1,0,0,5,0,1.0,1.0,3.0,4.0,25,206,50,0.03,0.00,0.03,0.03,0.03,0.03,0.10,0.13,0.03,0.13,Matches
Hassane Kamara,ci CIV,"MF,DF",Nice,27,1994,11,7,544,6.0,0,0,0,0,0,0,2,0,1.1,1.1,0.9,1.9,18,12,45,0.00,0.00,0.00,0.00,0.00,0.17,0.14,0.32,0.17,0.32,Matches
Jean-Armel Kana-Biyik,cm CMR,DF,Metz,32,1989,10,8,664,7.4,0,0,0,0,0,0,1,0,0.1,0.1,0.0,0.1,1,10,1,0.00,0.00,0.00,0.00,0.00,0.01,0.00,0.01,0.01,0.01,Matches
Nordine Kandil,fr FRA,"MF,FW",Strasbourg,19,2001,5,0,90,1.0,0,1,1,0,0,0,1,0,0.1,0.1,0.2,0.3,4,5,12,0.00,1.00,1.00,0.00,1.00,0.09,0.25,0.33,0.09,0.33,Matches
Eiji Kawashima,jp JPN,GK,Strasbourg,38,1983,1,1,90,1.0,0,0,0,0,0,0,0,0,0.0,0.0,0.0,0.0,0,0,0,0.00,0.00,0.00,0.00,0.00,0.00,0.00,0.00,0.00,0.00,Matches
Ilan Kebbal,dz ALG,"MF,FW",Reims,23,1998,31,21,"1,772",19.7,1,4,5,1,0,0,1,0,1.4,1.4,2.5,3.9,60,124,135,0.05,0.20,0.25,0.05,0.25,0.07,0.13,0.20,0.07,0.20,Matches
Thilo Kehrer,de GER,DF,Paris S-G,24,1996,27,16,"1,513",16.8,2,0,2,2,0,0,0,0,1.0,1.0,0.0,1.1,13,67,39,0.12,0.00,0.12,0.12,0.12,0.06,0.00,0.06,0.06,0.06,Matches
Habib Keita,ml MLI,"MF,FW",Lyon,19,2002,3,0,7,0.1,0,0,0,0,0,0,0,0,0.2,0.2,0.0,0.2,0,0,0,0.00,0.00,0.00,0.00,0.00,2.07,0.00,2.07,2.07,2.07,Matches
Saîf-Eddine Khaoui,tn TUN,"MF,FW",Clermont Foot,26,1995,23,9,927,10.3,1,0,1,1,0,0,1,0,2.1,2.1,0.9,3.0,12,31,45,0.10,0.00,0.10,0.10,0.10,0.20,0.09,0.29,0.20,0.29,Matches
Wahbi Khazri,tn TUN,"FW,MF",Saint-Étienne,30,1991,30,26,"2,225",24.7,10,0,10,6,4,4,6,0,7.7,4.6,2.5,7.0,63,77,144,0.40,0.00,0.40,0.24,0.24,0.31,0.10,0.41,0.18,0.28,Matches
Presnel Kimpembe,fr FRA,DF,Paris S-G,25,1995,30,29,"2,576",28.6,1,0,1,1,0,0,6,0,1.4,1.4,0.1,1.5,30,170,16,0.03,0.00,0.03,0.03,0.03,0.05,0.00,0.05,0.05,0.05,Matches
Thibault Klidje,tg TOG,"MF,FW",Bordeaux,20,2001,5,0,86,1.0,0,0,0,0,0,0,0,0,0.0,0.0,0.7,0.7,5,4,16,0.00,0.00,0.00,0.00,0.00,0.04,0.75,0.79,0.04,0.79,Matches
Justin Kluivert,nl NED,MF,Nice,22,1999,27,24,"1,868",20.8,4,5,9,4,0,0,6,1,2.8,2.8,4.9,7.7,83,56,166,0.19,0.24,0.43,0.19,0.43,0.14,0.23,0.37,0.14,0.37,Matches
Samuel Koeberlé,fr FRA,FW,Reims,16,2004,1,0,1,0.0,0,0,0,0,0,0,0,0,0.0,0.0,0.0,0.0,0,0,0,0.00,0.00,0.00,0.00,0.00,0.00,0.00,0.00,0.00,0.00,Matches
Philippe Koffi,ci CIV,FW,Reims,19,2002,10,3,375,4.2,1,0,1,1,0,0,1,0,0.9,0.9,0.2,1.1,10,3,31,0.24,0.00,0.24,0.24,0.24,0.23,0.04,0.27,0.23,0.27,Matches
Sead Kolašinac,ba BIH,DF,Marseille,28,1993,14,6,440,4.9,0,1,1,0,0,0,0,0,0.0,0.0,0.2,0.2,10,13,32,0.00,0.20,0.20,0.00,0.20,0.00,0.05,0.05,0.00,0.05,Matches
Randal Kolo Muani,fr FRA,"FW,MF",Nantes,22,1998,36,34,"2,948",32.8,12,4,16,12,0,0,2,0,10.7,10.7,4.4,15.0,81,28,206,0.37,0.12,0.49,0.37,0.49,0.33,0.13,0.46,0.33,0.46,Matches
Timothée Kolodziejczak,fr FRA,DF,Saint-Étienne,29,1991,30,30,"2,565",28.5,2,3,5,2,0,0,4,1,1.4,1.4,1.3,2.8,38,102,72,0.07,0.11,0.18,0.07,0.18,0.05,0.05,0.10,0.05,0.10,Matches
Ghislain Konan,ci CIV,DF,Reims,25,1995,28,28,"2,418",26.9,1,3,4,1,0,0,1,0,0.6,0.6,3.4,3.9,90,109,108,0.04,0.11,0.15,0.04,0.15,0.02,0.13,0.15,0.02,0.15,Matches
Ibrahima Koné,ml MLI,FW,Lorient,22,1999,16,6,732,8.1,5,1,6,5,0,0,2,0,2.7,2.7,1.8,4.5,11,13,51,0.61,0.12,0.74,0.61,0.74,0.34,0.22,0.55,0.34,0.55,Matches
Youssouf Koné,ml MLI,DF,Troyes,26,1995,21,11,980,10.9,0,1,1,0,0,0,2,1,0.2,0.2,0.9,1.1,26,38,32,0.00,0.09,0.09,0.00,0.09,0.02,0.08,0.10,0.02,0.10,Matches
Laurent Koscielny,fr FRA,DF,Bordeaux,35,1985,11,11,933,10.4,0,1,1,0,0,0,2,0,0.0,0.0,0.2,0.2,1,31,0,0.00,0.10,0.10,0.00,0.10,0.00,0.02,0.02,0.00,0.02,Matches
Rominigue Kouamé,ml MLI,MF,Troyes,24,1996,34,34,"2,968",33.0,1,2,3,1,0,0,5,0,2.4,2.4,1.9,4.3,89,170,52,0.03,0.06,0.09,0.03,0.09,0.07,0.06,0.13,0.07,0.13,Matches
Boubakar Kouyaté,ml MLI,DF,Metz,24,1997,30,30,"2,665",29.6,1,0,1,1,0,0,8,1,1.7,1.7,0.1,1.8,6,47,5,0.03,0.00,0.03,0.03,0.03,0.06,0.00,0.06,0.06,0.06,Matches

Jean-Philippe Krasso,ci CIV,FW,Saint-Étienne,24,1997,16,5,453,5.0,1,1,2,1,0,0,0,0,1.6,1.6,0.6,2.2,11,8,25,0.20,0.20,0.40,0.20,0.40,0.31,0.13,0.43,0.31,0.43,Matches
Mykola Kukharevych,ua UKR,FW,Troyes,20,2001,2,0,15,0.2,0,0,0,0,0,0,0,0,0.1,0.1,0.0,0.1,0,0,1,0.00,0.00,0.00,0.00,0.00,0.34,0.00,0.34,0.34,0.34,Matches
Enock Kwateng,fr FRA,DF,Bordeaux,24,1997,29,22,"2,002",22.2,1,0,1,1,0,0,6,1,0.3,0.3,1.8,2.1,37,106,38,0.04,0.00,0.04,0.04,0.04,0.01,0.08,0.09,0.01,0.09,Matches
Grejohn Kyei,fr FRA,FW,Clermont Foot,25,1995,14,4,396,4.4,0,1,1,0,0,0,1,0,1.9,1.9,1.1,3.0,0,7,32,0.00,0.23,0.23,0.00,0.23,0.42,0.26,0.68,0.42,0.68,Matches
Gaëtan Laborde,fr FRA,FW,Montpellier,27,1994,4,4,341,3.8,3,0,3,3,0,0,1,0,1.6,1.6,0.5,2.1,7,7,25,0.79,0.00,0.79,0.79,0.79,0.43,0.13,0.57,0.43,0.57,Matches
Gaëtan Laborde,fr FRA,FW,Rennes,27,1994,34,32,"2,729",30.3,12,8,20,10,2,2,1,0,14.9,13.3,5.1,18.4,38,54,211,0.40,0.26,0.66,0.33,0.59,0.49,0.17,0.66,0.44,0.61,Matches
Tom Lacoux,fr FRA,"DF,MF",Bordeaux,19,2002,13,11,907,10.1,0,0,0,0,0,0,5,0,0.0,0.0,0.3,0.4,8,27,14,0.00,0.00,0.00,0.00,0.00,0.00,0.03,0.04,0.00,0.04,Matches
Lenny Lacroix,fr FRA,DF,Metz,18,2003,3,2,200,2.2,0,1,1,0,0,0,0,0,0.1,0.1,0.4,0.5,0,4,1,0.00,0.45,0.45,0.00,0.45,0.05,0.16,0.21,0.05,0.21,Matches
Alban Lafont,fr FRA,GK,Nantes,22,1999,38,38,"3,420",38.0,0,0,0,0,0,0,3,0,0.0,0.0,0.0,0.0,0,0,0,0.00,0.00,0.00,0.00,0.00,0.00,0.00,0.00,0.00,0.00,Matches
Mohamed Lamine Bayo,gn GUI,FW,Clermont Foot,23,1998,32,27,"2,413",26.8,14,5,19,12,2,3,1,0,14.4,11.9,4.1,16.0,28,55,147,0.52,0.19,0.71,0.45,0.63,0.54,0.15,0.69,0.44,0.60,Matches
Didier Lamkel Zé,cm CMR,FW,Metz,24,1996,9,8,605,6.7,3,0,3,3,0,0,2,0,2.3,2.3,0.3,2.5,21,6,63,0.45,0.00,0.45,0.45,0.45,0.34,0.04,0.38,0.34,0.38,Matches
Julien Laporte,fr FRA,DF,Lorient,27,1993,33,33,"2,891",32.1,2,0,2,2,0,0,7,0,1.9,1.9,0.5,2.5,12,82,2,0.06,0.00,0.06,0.06,0.06,0.06,0.02,0.08,0.06,0.08,Matches
Yasser Larouci,dz ALG,DF,Troyes,20,2001,12,2,341,3.8,0,0,0,0,0,0,1,0,0.1,0.1,0.1,0.2,23,14,16,0.00,0.00,0.00,0.00,0.00,0.03,0.03,0.06,0.03,0.06,Matches
Paul Lasne,fr FRA,MF,Brest,32,1989,15,9,847,9.4,0,1,1,0,0,0,1,0,0.4,0.4,1.1,1.5,8,34,11,0.00,0.11,0.11,0.00,0.11,0.04,0.12,0.16,0.04,0.16,Matches
Armand Lauriente,fr FRA,"FW,MF",Lorient,22,1998,35,28,"2,477",27.5,6,2,8,5,1,1,5,0,7.5,6.7,4.0,10.8,89,66,194,0.22,0.07,0.29,0.18,0.25,0.27,0.15,0.42,0.24,0.39,Matches
Théo Le Bris,fr FRA,MF,Lorient,18,2002,4,0,61,0.7,0,0,0,0,0,0,0,0,0.0,0.0,0.0,0.0,1,1,1,0.00,0.00,0.00,0.00,0.00,0.00,0.00,0.00,0.00,0.00,Matches
Jérémy Le Douaron,fr FRA,"FW,MF",Brest,23,1998,32,16,"1,446",16.1,5,3,8,5,0,0,0,0,3.7,3.7,2.6,6.3,39,18,127,0.31,0.19,0.50,0.31,0.50,0.23,0.16,0.39,0.23,0.39,Matches
Enzo Le Fée,fr FRA,"MF,FW",Lorient,21,2000,36,25,"2,194",24.4,2,3,5,2,0,0,2,0,1.9,1.9,2.6,4.5,63,136,105,0.08,0.12,0.21,0.08,0.21,0.08,0.11,0.18,0.08,0.18,Matches
Vincent Le Goff,fr FRA,DF,Lorient,31,1989,34,34,"3,060",34.0,1,1,2,1,0,0,1,0,1.4,1.4,1.9,3.3,62,166,147,0.03,0.03,0.06,0.03,0.06,0.04,0.06,0.10,0.04,0.10,Matches
Maxime Le Marchand,fr FRA,DF,Strasbourg,31,1989,12,9,860,9.6,1,1,2,1,0,0,4,0,0.3,0.3,0.1,0.4,2,28,1,0.10,0.10,0.21,0.10,0.21,0.03,0.01,0.04,0.03,0.04,Matches
Jean-Louis Leca,fr FRA,GK,Lens,35,1985,27,27,"2,313",25.7,0,0,0,0,0,0,3,1,0.0,0.0,0.0,0.0,0,0,0,0.00,0.00,0.00,0.00,0.00,0.00,0.00,0.00,0.00,0.00,Matches
Félix Lemaréchal,fr FRA,MF,Monaco,17,2003,1,0,9,0.1,0,0,0,0,0,0,0,0,0.0,0.0,0.0,0.0,0,0,0,0.00,0.00,0.00,0.00,0.00,0.00,0.00,0.00,0.00,0.00,Matches
Mario Lemina,ga GAB,MF,Nice,27,1993,32,24,"1,967",21.9,2,0,2,2,0,0,7,1,2.0,2.0,0.4,2.3,35,93,30,0.09,0.00,0.09,0.09,0.09,0.09,0.02,0.11,0.09,0.11,Matches
Fabien Lemoine,fr FRA,MF,Lorient,34,1987,21,13,"1,117",12.4,0,1,1,0,0,0,5,0,0.2,0.2,0.5,0.7,13,81,12,0.00,0.08,0.08,0.00,0.08,0.02,0.04,0.06,0.02,0.06,Matches
Léo Leroy,fr FRA,MF,Montpellier,21,2000,24,7,626,7.0,0,0,0,0,0,0,3,0,0.2,0.2,0.1,0.3,4,24,8,0.00,0.00,0.00,0.00,0.00,0.03,0.02,0.05,0.03,0.05,Matches

Alexandre Letellier,fr FRA,GK,Paris S-G,30,1990,1,0,8,0.1,0,0,0,0,0,0,0,0,0.0,0.0,0.0,0.0,0,0,0,0.00,0.00,0.00,0.00,0.00,0.00,0.00,0.00,0.00,0.00,Matches
Yanis Lhery,fr FRA,"FW,MF",Saint-Étienne,18,2003,5,0,72,0.8,0,0,0,0,0,0,0,0,0.2,0.2,0.0,0.2,2,1,3,0.00,0.00,0.00,0.00,0.00,0.27,0.00,0.27,0.27,0.27,Matches
Dimitri Liénard,fr FRA,"DF,MF",Strasbourg,33,1988,33,23,"2,044",22.7,2,3,5,2,0,0,8,0,1.4,1.4,3.0,4.4,44,114,166,0.09,0.13,0.22,0.09,0.22,0.06,0.13,0.19,0.06,0.19,Matches
Isaac Lihadji,fr FRA,"MF,FW",Lille,19,2002,13,2,238,2.6,1,3,4,1,0,0,1,0,0.9,0.9,1.2,2.2,15,13,23,0.38,1.13,1.51,0.38,1.51,0.35,0.47,0.82,0.35,0.82,Matches
Pol Lirola,es ESP,"DF,FW",Marseille,23,1997,34,19,"1,770",19.7,1,2,3,1,0,0,1,0,1.4,1.4,2.8,4.2,74,82,205,0.05,0.10,0.15,0.05,0.15,0.07,0.14,0.21,0.07,0.21,Matches
Bradley Locko,fr FRA,"MF,DF",Reims,19,2002,24,11,"1,011",11.2,1,1,2,1,0,0,4,0,0.2,0.2,0.3,0.5,30,39,40,0.09,0.09,0.18,0.09,0.18,0.02,0.02,0.04,0.02,0.04,Matches
Anthony Lopes,pt POR,GK,Lyon,30,1990,34,34,"2,982",33.1,0,0,0,0,0,0,1,1,0.0,0.0,0.0,0.0,0,1,0,0.00,0.00,0.00,0.00,0.00,0.00,0.00,0.00,0.00,0.00,Matches
Pau López,es ESP,GK,Marseille,26,1994,29,29,"2,610",29.0,0,1,1,0,0,0,4,0,0.0,0.0,0.7,0.7,0,1,0,0.00,0.03,0.03,0.00,0.03,0.00,0.02,0.02,0.00,0.02,Matches
Dion Lopy,sn SEN,MF,Reims,19,2002,26,19,"1,642",18.2,0,0,0,0,0,0,4,0,1.0,1.0,0.3,1.3,16,50,31,0.00,0.00,0.00,0.00,0.00,0.05,0.02,0.07,0.05,0.07,Matches
Samuel Loric,fr FRA,DF,Lorient,21,2000,3,3,269,3.0,0,0,0,0,0,0,0,0,0.1,0.1,0.0,0.1,7,6,20,0.00,0.00,0.00,0.00,0.00,0.02,0.00,0.02,0.02,0.02,Matches
Jordan Lotomba,ch SUI,DF,Nice,22,1998,30,19,"1,782",19.8,0,0,0,0,0,0,4,0,0.8,0.8,1.2,2.0,50,79,101,0.00,0.00,0.00,0.00,0.00,0.04,0.06,0.10,0.04,0.10,Matches
Johaneko Louisjean,fr FRA,DF,Bordeaux,17,2004,1,0,12,0.1,0,0,0,0,0,0,0,0,0.0,0.0,0.0,0.0,0,0,2,0.00,0.00,0.00,0.00,0.00,0.00,0.00,0.00,0.00,0.00,Matches
Jean Lucas,br BRA,MF,Monaco,23,1998,28,18,"1,445",16.1,1,1,2,1,0,0,3,1,2.5,2.5,1.8,4.3,42,81,71,0.06,0.06,0.12,0.06,0.12,0.15,0.11,0.27,0.15,0.27,Matches
Castello Lukeba,fr FRA,DF,Lyon,18,2002,24,24,"2,095",23.3,2,0,2,2,0,0,1,0,1.7,1.7,0.2,1.9,12,80,0,0.09,0.00,0.09,0.09,0.09,0.07,0.01,0.08,0.07,0.08,Matches
Levi Lumeka,eng ENG,"DF,FW",Troyes,22,1998,5,0,67,0.7,0,0,0,0,0,0,0,0,0.0,0.0,0.0,0.0,2,1,4,0.00,0.00,0.00,0.00,0.00,0.00,0.00,0.00,0.00,0.00,Matches
Yannis M'Bemba,ga GAB,"DF,FW",Nantes,20,2001,2,0,5,0.1,0,0,0,0,0,0,0,0,0.1,0.1,0.0,0.1,0,0,0,0.00,0.00,0.00,0.00,0.00,1.75,0.00,1.75,1.75,1.75,Matches
Deiver Machado,co COL,"DF,MF",Lens,27,1993,22,5,523,5.8,0,1,1,0,0,0,1,0,0.0,0.0,0.9,1.0,13,12,33,0.00,0.17,0.17,0.00,0.17,0.01,0.16,0.17,0.01,0.17,Matches
Yvann Macon,fr FRA,DF,Saint-Étienne,22,1998,22,19,"1,529",17.0,0,0,0,0,0,0,7,0,0.3,0.3,1.4,1.7,51,70,91,0.00,0.00,0.00,0.00,0.00,0.02,0.08,0.10,0.02,0.10,Matches
Louis Mafouta,cf CTA,FW,Metz,27,1994,15,5,525,5.8,2,0,2,2,0,0,0,0,1.4,1.4,0.2,1.7,3,4,31,0.34,0.00,0.34,0.34,0.34,0.24,0.04,0.29,0.24,0.29,Matches
Hugo Magnetti,fr FRA,MF,Brest,23,1998,28,16,"1,463",16.3,0,1,1,0,0,0,4,0,0.5,0.5,0.8,1.4,16,68,15,0.00,0.06,0.06,0.00,0.06,0.03,0.05,0.09,0.03,0.09,Matches
Yohann Magnin,fr FRA,"MF,DF",Clermont Foot,24,1997,24,19,"1,717",19.1,1,0,1,1,0,0,2,0,1.1,1.1,0.6,1.7,8,79,35,0.05,0.00,0.05,0.05,0.05,0.06,0.03,0.09,0.06,0.09,Matches
Habib Maïga,ci CIV,MF,Metz,25,1996,17,16,"1,267",14.1,2,0,2,2,0,0,6,0,0.9,0.9,0.4,1.4,14,53,28,0.14,0.00,0.14,0.14,0.14,0.07,0.03,0.10,0.07,0.10,Matches
Josh Maja,ng NGA,FW,Bordeaux,22,1998,2,0,9,0.1,0,0,0,0,0,0,0,0,0.0,0.0,0.1,0.1,0,1,1,0.00,0.00,0.00,0.00,0.00,0.00,1.13,1.13,0.00,1.13,Matches
Abdul Majeed Waris,gh GHA,"FW,MF",Strasbourg,29,1991,15,2,327,3.6,2,0,2,2,0,0,1,0,1.2,1.2,0.5,1.7,17,11,47,0.55,0.00,0.55,0.55,0.55,0.33,0.14,0.47,0.33,0.47,Matches
Lovro Majer,hr CRO,"MF,FW",Rennes,23,1998,29,21,"1,832",20.4,6,8,14,6,0,0,1,0,5.3,5.3,5.2,10.6,77,147,126,0.29,0.39,0.69,0.29,0.69,0.26,0.26,0.52,0.26,0.52,Matches

Béni Makouana,cg CGO,"FW,MF",Montpellier,18,2002,23,1,322,3.6,0,0,0,0,0,0,4,0,0.5,0.5,0.5,1.0,10,2,24,0.00,0.00,0.00,0.00,0.00,0.14,0.15,0.29,0.14,0.29,Matches
Hianga Mananga Mbock,fr FRA,MF,Brest,21,1999,14,9,799,8.9,0,0,0,0,0,0,3,0,0.4,0.4,0.0,0.5,10,35,14,0.00,0.00,0.00,0.00,0.00,0.05,0.00,0.05,0.05,0.05,Matches
Vincent Manceau,fr FRA,DF,Angers,32,1989,28,25,"2,361",26.2,0,0,0,0,0,0,2,1,0.1,0.1,0.3,0.4,19,113,16,0.00,0.00,0.00,0.00,0.00,0.00,0.01,0.01,0.00,0.01,Matches
Steve Mandanda,fr FRA,GK,Marseille,36,1985,9,9,810,9.0,0,0,0,0,0,0,0,0,0.0,0.0,0.0,0.0,0,0,0,0.00,0.00,0.00,0.00,0.00,0.00,0.00,0.00,0.00,0.00,Matches
Reinildo Mandava,mz MOZ,DF,Lille,27,1994,18,18,"1,524",16.9,1,0,1,1,0,0,7,0,0.5,0.5,0.2,0.6,38,65,64,0.06,0.00,0.06,0.06,0.06,0.03,0.01,0.04,0.03,0.04,Matches
Anthony Mandrea,dz ALG,GK,Angers,24,1996,10,10,900,10.0,0,0,0,0,0,0,0,0,0.0,0.0,0.0,0.0,0,0,0,0.00,0.00,0.00,0.00,0.00,0.00,0.00,0.00,0.00,0.00,Matches
Eliaquim Mangala,fr FRA,DF,Saint-Étienne,30,1991,14,14,"1,179",13.1,1,0,1,1,0,0,9,0,0.5,0.5,0.0,0.5,3,24,1,0.08,0.00,0.08,0.08,0.08,0.04,0.00,0.04,0.04,0.04,Matches
Thomas Mangani,fr FRA,MF,Angers,34,1987,33,25,"2,193",24.4,7,2,9,1,6,6,6,0,5.7,0.9,1.3,2.2,8,165,31,0.29,0.08,0.37,0.04,0.12,0.23,0.05,0.28,0.04,0.09,Matches
Ricardo Mangas,pt POR,DF,Bordeaux,23,1998,29,27,"2,353",26.1,3,1,4,3,0,0,2,0,1.7,1.7,0.6,2.4,55,89,110,0.11,0.04,0.15,0.11,0.15,0.07,0.02,0.09,0.07,0.09,Matches
Myziane Maolida,km COM,MF,Nice,22,1999,1,0,34,0.4,0,0,0,0,0,0,0,0,0.0,0.0,0.0,0.0,2,0,2,0.00,0.00,0.00,0.00,0.00,0.10,0.00,0.10,0.10,0.10,Matches
Sekou Mara,fr FRA,"FW,MF",Bordeaux,19,2002,26,8,905,10.1,6,0,6,5,1,1,2,0,5.1,4.4,0.7,5.0,7,15,47,0.60,0.00,0.60,0.50,0.50,0.51,0.07,0.58,0.43,0.50,Matches
Marcelo,br BRA,DF,Bordeaux,34,1987,11,11,898,10.0,0,0,0,0,0,0,4,0,0.2,0.2,0.2,0.3,4,28,1,0.00,0.00,0.00,0.00,0.00,0.02,0.02,0.03,0.02,0.03,Matches
Marcelo,br BRA,DF,Lyon,34,1987,2,2,180,2.0,0,0,0,0,0,0,1,0,0.0,0.0,0.0,0.0,1,11,1,0.00,0.00,0.00,0.00,0.00,0.02,0.00,0.02,0.02,0.02,Matches
Guillermo Maripán,cl CHI,DF,Monaco,27,1994,26,21,"1,832",20.4,0,0,0,0,0,0,5,0,0.6,0.6,0.3,1.0,11,80,2,0.00,0.00,0.00,0.00,0.00,0.03,0.02,0.05,0.03,0.05,Matches
Marquinhos,br BRA,DF,Paris S-G,27,1994,32,32,"2,861",31.8,5,0,5,5,0,0,5,0,3.8,3.8,0.4,4.1,9,128,8,0.16,0.00,0.16,0.16,0.16,0.12,0.01,0.13,0.12,0.13,Matches
Jonas Martin,fr FRA,MF,Rennes,31,1990,29,24,"2,105",23.4,1,1,2,1,0,0,8,0,1.2,1.2,1.3,2.5,8,132,14,0.04,0.04,0.09,0.04,0.09,0.05,0.06,0.11,0.05,0.11,Matches
Gelson Martins,pt POR,"MF,FW",Monaco,26,1995,32,24,"1,905",21.2,4,3,7,4,0,0,4,0,5.7,5.7,2.5,8.2,67,57,236,0.19,0.14,0.33,0.19,0.33,0.27,0.12,0.39,0.27,0.39,Matches
Pape Matar Sarr,sn SEN,MF,Metz,18,2002,33,22,"2,129",23.7,1,3,4,1,0,0,7,0,2.1,2.1,1.5,3.6,37,115,49,0.04,0.13,0.17,0.04,0.17,0.09,0.06,0.15,0.09,0.15,Matches
Eliot Matazo,be BEL,MF,Monaco,19,2002,18,8,790,8.8,0,0,0,0,0,0,1,0,0.1,0.1,0.1,0.3,14,46,11,0.00,0.00,0.00,0.00,0.00,0.01,0.02,0.03,0.01,0.03,Matches
Chrislain Matsima,fr FRA,DF,Monaco,19,2002,7,1,134,1.5,0,0,0,0,0,0,0,0,0.1,0.1,0.0,0.1,1,3,0,0.00,0.00,0.00,0.00,0.00,0.06,0.00,0.06,0.06,0.06,Matches
Azor Matusiwa,nl NED,MF,Reims,23,1998,29,29,"2,463",27.4,1,1,2,1,0,0,8,1,0.4,0.4,0.8,1.2,11,132,13,0.04,0.04,0.07,0.04,0.07,0.01,0.03,0.04,0.01,0.04,Matches
Stephy Mavididi,eng ENG,"FW,MF",Montpellier,23,1998,30,27,"2,299",25.5,8,3,11,8,0,0,4,0,7.6,7.6,3.3,10.8,74,34,182,0.31,0.12,0.43,0.31,0.43,0.30,0.13,0.42,0.30,0.42,Matches
Derek Mazou-Sacko,fr FRA,"FW,DF",Troyes,16,2004,2,0,3,0.0,0,0,0,0,0,0,0,0,0.0,0.0,0.0,0.0,0,0,0,0.00,0.00,0.00,0.00,0.00,0.00,0.00,0.00,0.00,0.00,Matches
Kylian Mbappé,fr FRA,FW,Paris S-G,22,1998,35,34,"3,023",33.6,28,17,45,24,4,4,10,0,23.8,20.7,12.6,33.4,210,107,449,0.83,0.51,1.34,0.71,1.22,0.71,0.38,1.08,0.62,0.99,Matches
Amadou Mbengue,sn SEN,"DF,MF",Metz,19,2002,12,5,610,6.8,0,0,0,0,0,0,4,0,0.0,0.0,0.1,0.1,2,18,1,0.00,0.00,0.00,0.00,0.00,0.00,0.01,0.02,0.00,0.02,Matches

Jason Mbock,fr FRA,FW,Angers,21,1999,1,0,17,0.2,0,0,0,0,0,0,1,0,0.0,0.0,0.0,0.0,0,0,3,0.00,0.00,0.00,0.00,0.00,0.00,0.00,0.00,0.00,0.00,Matches
Moustapha Mbow,sn SEN,DF,Reims,21,2000,1,1,90,1.0,0,0,0,0,0,0,0,0,0.0,0.0,0.0,0.0,0,0,0,0.00,0.00,0.00,0.00,0.00,0.00,0.00,0.00,0.00,0.00,Matches
Nathanael Mbuku,fr FRA,"FW,MF",Reims,19,2002,31,18,"1,418",15.8,2,1,3,2,0,0,1,0,2.4,2.4,0.7,3.0,57,40,78,0.13,0.06,0.19,0.13,0.19,0.15,0.04,0.19,0.15,0.19,Matches
Facundo Medina,ar ARG,DF,Lens,22,1999,31,30,"2,593",28.8,1,0,1,1,0,0,11,0,1.3,1.3,0.2,1.5,52,201,12,0.03,0.00,0.03,0.03,0.03,0.05,0.01,0.05,0.05,0.05,Matches
Farid El Melali,dz ALG,FW,Angers,24,1997,2,0,14,0.2,0,0,0,0,0,0,0,0,0.0,0.0,0.0,0.0,0,0,0,0.00,0.00,0.00,0.00,0.00,0.21,0.00,0.21,0.21,0.21,Matches
Birger Meling,no NOR,DF,Rennes,26,1994,31,20,"1,829",20.3,0,4,4,0,0,0,3,0,0.2,0.2,1.9,2.2,37,87,92,0.00,0.20,0.20,0.00,0.20,0.01,0.09,0.11,0.01,0.11,Matches
Houboulang Mendes,gw GNB,DF,Lorient,23,1998,36,36,"3,220",35.8,0,1,1,0,0,0,5,1,1.0,1.0,1.6,2.6,56,78,75,0.00,0.03,0.03,0.00,0.03,0.03,0.05,0.07,0.03,0.07,Matches
Nuno Mendes,pt POR,DF,Paris S-G,19,2002,27,18,"1,658",18.4,0,1,1,0,0,0,3,0,0.3,0.3,2.8,3.1,41,53,128,0.00,0.05,0.05,0.00,0.05,0.01,0.15,0.17,0.01,0.17,Matches
Pedro Mendes,pt POR,DF,Montpellier,30,1990,1,0,16,0.2,0,0,0,0,0,0,0,0,0.0,0.0,0.1,0.1,0,2,0,0.00,0.00,0.00,0.00,0.00,0.00,0.29,0.29,0.00,0.29,Matches
Thiago Mendes,br BRA,"MF,DF",Lyon,29,1992,29,21,"1,863",20.7,1,1,2,1,0,0,3,1,0.7,0.7,1.4,2.1,8,112,21,0.05,0.05,0.10,0.05,0.10,0.03,0.07,0.10,0.03,0.10,Matches
Arial Mendy,sn SEN,"DF,FW",Clermont Foot,26,1994,18,9,792,8.8,0,0,0,0,0,0,1,0,0.5,0.5,1.7,2.2,30,26,54,0.00,0.00,0.00,0.00,0.00,0.05,0.19,0.25,0.05,0.25,Matches
Batista Mendy,fr FRA,"MF,DF",Angers,21,2000,34,27,"2,413",26.8,1,1,2,1,0,0,5,0,0.8,0.8,0.6,1.5,20,117,23,0.04,0.04,0.07,0.04,0.07,0.03,0.02,0.05,0.03,0.05,Matches
Gideon Mensah,gh GHA,DF,Bordeaux,23,1998,23,13,"1,208",13.4,0,2,2,0,0,0,1,1,0.1,0.1,1.8,2.0,40,62,79,0.00,0.15,0.15,0.00,0.15,0.01,0.14,0.15,0.01,0.15,Matches
Quentin Merlin,fr FRA,"DF,MF",Nantes,19,2002,28,21,"1,926",21.4,2,3,5,2,0,0,0,0,0.4,0.4,2.7,3.1,49,132,99,0.09,0.14,0.23,0.09,0.23,0.02,0.13,0.15,0.02,0.15,Matches
Lionel Messi,ar ARG,"FW,MF",Paris S-G,34,1987,26,24,"2,153",23.9,6,14,20,6,0,0,0,0,10.0,10.0,8.8,18.9,113,291,125,0.25,0.59,0.84,0.25,0.84,0.42,0.37,0.79,0.42,0.79,Matches
Mexer,mz MOZ,DF,Bordeaux,32,1988,16,14,"1,227",13.6,1,0,1,1,0,0,2,0,0.3,0.3,0.0,0.3,1,22,0,0.07,0.00,0.07,0.07,0.07,0.02,0.00,0.02,0.02,0.02,Matches
Edouard Michut,fr FRA,MF,Paris S-G,18,2003,5,0,70,0.8,0,1,1,0,0,0,0,1,0.0,0.0,0.1,0.1,1,6,2,0.00,1.29,1.29,0.00,1.29,0.00,0.08,0.08,0.00,0.08,Matches
Georges Mikautadze,ge GEO,FW,Metz,20,2000,1,0,1,0.0,0,0,0,0,0,0,0,0,0.2,0.2,0.0,0.2,1,0,1,0.00,0.00,0.00,0.00,0.00,19.93,0.00,19.93,19.93,19.93,Matches
William Mikelbrencis,fr FRA,DF,Metz,17,2004,9,8,610,6.8,0,1,1,0,0,0,0,0,0.2,0.2,0.2,0.4,12,21,26,0.00,0.15,0.15,0.00,0.15,0.02,0.03,0.06,0.02,0.06,Matches
Arkadiusz Milik,pl POL,FW,Marseille,27,1994,23,15,"1,416",15.7,7,2,9,6,1,1,1,0,8.2,7.4,1.7,9.0,15,25,111,0.44,0.13,0.57,0.38,0.51,0.52,0.11,0.62,0.47,0.57,Matches
Terem Moffi,ng NGA,FW,Lorient,22,1999,37,34,"2,711",30.1,8,4,12,6,2,2,1,0,11.1,9.5,3.9,13.4,50,47,154,0.27,0.13,0.40,0.20,0.33,0.37,0.13,0.50,0.31,0.44,Matches
Dion Moise Sahi,ci CIV,"FW,MF",Strasbourg,19,2001,8,0,128,1.4,0,0,0,0,0,0,0,0,0.6,0.6,0.1,0.7,5,8,10,0.00,0.00,0.00,0.00,0.00,0.43,0.04,0.48,0.43,0.48,Matches
Florent Mollet,fr FRA,"FW,MF",Montpellier,29,1991,35,32,"2,630",29.2,6,2,8,6,0,0,6,0,4.3,4.3,2.7,6.9,48,114,162,0.21,0.07,0.27,0.21,0.27,0.15,0.09,0.24,0.15,0.24,Matches
Thomas Monconduit,fr FRA,MF,Lorient,30,1991,34,26,"2,248",25.0,3,2,5,3,0,0,5,0,1.5,1.5,3.3,4.7,27,160,32,0.12,0.08,0.20,0.12,0.20,0.06,0.13,0.19,0.06,0.19,Matches
Jérémy Morel,mg MAD,DF,Lorient,37,1984,9,6,604,6.7,0,0,0,0,0,0,0,0,0.0,0.0,0.1,0.1,2,8,3,0.00,0.00,0.00,0.00,0.00,0.00,0.01,0.02,0.00,0.02,Matches

Lebo Mothiba,za RSA,"FW,MF",Troyes,25,1996,13,5,522,5.8,2,0,2,1,1,1,1,0,2.1,1.3,0.5,1.7,7,2,39,0.34,0.00,0.34,0.17,0.17,0.36,0.08,0.44,0.22,0.30,Matches
Lebo Mothiba,za RSA,FW,Strasbourg,25,1996,1,0,1,0.0,0,0,0,0,0,0,0,0,0.0,0.0,0.0,0.0,0,0,0,0.00,0.00,0.00,0.00,0.00,0.00,0.00,0.00,0.00,0.00,Matches
Baptiste Mouazan,fr FRA,MF,Lorient,19,2001,3,1,96,1.1,0,0,0,0,0,0,0,0,0.1,0.1,0.0,0.1,1,3,3,0.00,0.00,0.00,0.00,0.00,0.05,0.00,0.05,0.05,0.05,Matches
Aimen Moueffek,fr FRA,MF,Saint-Étienne,20,2001,14,4,432,4.8,0,0,0,0,0,0,1,0,0.1,0.1,0.1,0.2,18,25,11,0.00,0.00,0.00,0.00,0.00,0.02,0.02,0.04,0.02,0.04,Matches
Harold Moukoudi,cm CMR,DF,Saint-Étienne,23,1997,24,17,"1,661",18.5,0,0,0,0,0,0,3,0,0.9,0.9,0.1,0.9,7,61,3,0.00,0.00,0.00,0.00,0.00,0.05,0.00,0.05,0.05,0.05,Matches
Jessy Moulin,fr FRA,GK,Troyes,35,1986,7,7,630,7.0,0,0,0,0,0,0,3,1,0.0,0.0,0.0,0.0,0,0,0,0.00,0.00,0.00,0.00,0.00,0.00,0.00,0.00,0.00,0.00,Matches
Steve Mounié,bj BEN,FW,Brest,26,1994,35,25,"2,312",25.7,9,2,11,7,2,2,2,0,11.8,10.2,1.2,11.4,29,65,106,0.35,0.08,0.43,0.27,0.35,0.46,0.05,0.50,0.40,0.44,Matches
Samuel Moutoussamy,cd COD,MF,Nantes,24,1996,30,16,"1,509",16.8,0,1,1,0,0,0,5,0,1.8,1.8,0.4,2.2,13,66,16,0.00,0.06,0.06,0.00,0.06,0.11,0.03,0.13,0.11,0.13,Matches
Marshall Munetsi,zw ZIM,"MF,DF",Reims,25,1996,24,20,"1,885",20.9,5,1,6,5,0,0,7,0,4.0,4.0,1.2,5.2,12,37,21,0.24,0.05,0.29,0.24,0.29,0.19,0.06,0.25,0.19,0.25,Matches
Junior Mwanga,fr FRA,DF,Bordeaux,18,2003,1,1,90,1.0,0,0,0,0,0,0,0,0,0.0,0.0,0.0,0.0,0,4,0,0.00,0.00,0.00,0.00,0.00,0.00,0.00,0.00,0.00,0.00,Matches
Kévin N'Doram,fr FRA,MF,Metz,25,1996,19,16,"1,235",13.7,0,0,0,0,0,0,5,0,1.1,1.1,0.4,1.5,3,63,6,0.00,0.00,0.00,0.00,0.00,0.08,0.03,0.11,0.08,0.11,Matches
Eric N'Jo,fr FRA,DF,Troyes,17,2004,2,0,98,1.1,0,0,0,0,0,0,0,0,0.0,0.0,0.0,0.0,0,0,0,0.00,0.00,0.00,0.00,0.00,0.00,0.00,0.00,0.00,0.00,Matches
Vital N'Simba,cd COD,DF,Clermont Foot,28,1993,34,31,"2,789",31.0,1,3,4,1,0,0,4,0,0.7,0.7,4.6,5.3,74,142,138,0.03,0.10,0.13,0.03,0.13,0.02,0.15,0.17,0.02,0.17,Matches
Mickael Nade,fr FRA,DF,Saint-Étienne,22,1999,30,29,"2,563",28.5,1,0,1,1,0,0,4,0,1.5,1.5,0.2,1.7,10,85,4,0.04,0.00,0.04,0.04,0.04,0.05,0.01,0.06,0.05,0.06,Matches
Paul Nardi,fr FRA,GK,Lorient,27,1994,22,22,"1,980",22.0,0,0,0,0,0,0,1,0,0.0,0.0,0.0,0.0,0,0,0,0.00,0.00,0.00,0.00,0.00,0.00,0.00,0.00,0.00,0.00,Matches
Keylor Navas,cr CRC,GK,Paris S-G,34,1986,21,21,"1,856",20.6,0,0,0,0,0,0,0,1,0.0,0.0,0.0,0.0,0,0,0,0.00,0.00,0.00,0.00,0.00,0.00,0.00,0.00,0.00,0.00,Matches
Papa Ndiaga Yade,mr MTN,"DF,FW",Metz,21,2000,18,5,696,7.7,0,1,1,0,0,0,3,0,0.2,0.2,0.7,0.9,39,12,32,0.00,0.13,0.13,0.00,0.13,0.03,0.09,0.12,0.03,0.12,Matches
Tanguy Ndombele,fr FRA,MF,Lyon,24,1996,11,7,701,7.8,0,2,2,0,0,0,3,0,0.2,0.2,1.7,1.9,13,56,10,0.00,0.26,0.26,0.00,0.26,0.03,0.22,0.25,0.03,0.25,Matches
Dan Ndoye,ch SUI,"FW,MF",Nice,20,2000,3,2,205,2.3,0,1,1,0,0,0,0,0,0.1,0.1,0.5,0.6,3,5,17,0.00,0.44,0.44,0.00,0.44,0.05,0.22,0.27,0.05,0.27,Matches
Neymar,br BRA,"FW,MF",Paris S-G,29,1992,22,22,"1,851",20.6,13,6,19,10,3,4,10,0,10.8,7.7,7.5,15.2,96,146,244,0.63,0.29,0.92,0.49,0.78,0.53,0.37,0.89,0.37,0.74,Matches
Yvan Neyou,cm CMR,MF,Saint-Étienne,24,1997,16,12,936,10.4,0,0,0,0,0,0,4,1,0.1,0.1,0.4,0.6,8,39,14,0.00,0.00,0.00,0.00,0.00,0.01,0.04,0.05,0.01,0.05,Matches
Opa Nguette,sn SEN,"FW,MF",Metz,27,1994,26,10,"1,048",11.6,2,2,4,2,0,0,1,0,2.2,2.2,0.4,2.5,32,25,76,0.17,0.17,0.34,0.17,0.34,0.19,0.03,0.22,0.19,0.22,Matches
Sikou Niakaté,ml MLI,DF,Metz,22,1999,12,8,661,7.3,0,0,0,0,0,0,2,0,0.1,0.1,0.0,0.2,3,7,0,0.00,0.00,0.00,0.00,0.00,0.02,0.01,0.02,0.02,0.02,Matches
Ibrahima Niane,sn SEN,FW,Metz,22,1999,26,20,"1,582",17.6,3,1,4,2,1,1,2,1,3.7,2.9,1.3,4.2,14,20,89,0.17,0.06,0.23,0.11,0.17,0.21,0.07,0.28,0.17,0.24,Matches
M'Baye Niang,sn SEN,FW,Bordeaux,26,1994,22,7,777,8.6,3,1,4,3,0,0,3,0,3.3,3.3,1.7,5.1,8,12,63,0.35,0.12,0.46,0.35,0.46,0.39,0.20,0.59,0.39,0.59,Matches

Cheikh Niasse,sn SEN,"FW,MF",Lille,21,2000,4,0,44,0.5,0,0,0,0,0,0,1,0,0.0,0.0,0.0,0.0,0,3,0,0.00,0.00,0.00,0.00,0.00,0.00,0.00,0.00,0.00,0.00,Matches
Casimir Ninga,td CHA,FW,Angers,28,1993,16,3,409,4.5,0,0,0,0,0,0,2,0,0.8,0.8,0.0,0.9,6,5,27,0.00,0.00,0.00,0.00,0.00,0.18,0.01,0.19,0.18,0.19,Matches
Arnaud Nordin,fr FRA,"FW,MF",Saint-Étienne,23,1998,36,20,"1,874",20.8,4,4,8,4,0,0,4,0,3.5,3.5,2.4,5.9,73,44,163,0.19,0.19,0.38,0.19,0.38,0.17,0.11,0.28,0.17,0.28,Matches
Alexander Nübel,de GER,GK,Monaco,24,1996,38,38,"3,420",38.0,0,0,0,0,0,0,1,0,0.0,0.0,0.0,0.0,0,2,0,0.00,0.00,0.00,0.00,0.00,0.00,0.00,0.00,0.00,0.00,Matches
Gerzino Nyamsi,fr FRA,DF,Strasbourg,24,1997,34,33,"2,984",33.2,0,2,2,0,0,0,4,0,2.1,2.1,1.1,3.2,11,72,5,0.00,0.06,0.06,0.00,0.06,0.06,0.03,0.10,0.06,0.10,Matches
Florent Ogier,fr FRA,DF,Clermont Foot,32,1989,30,29,"2,429",27.0,1,0,1,1,0,0,6,0,0.7,0.7,0.2,0.8,2,80,2,0.04,0.00,0.04,0.04,0.04,0.02,0.01,0.03,0.02,0.03,Matches
Warmed Omari,km COM,DF,Rennes,21,2000,34,31,"2,796",31.1,0,0,0,0,0,0,6,0,0.4,0.4,0.2,0.7,23,111,4,0.00,0.00,0.00,0.00,0.00,0.01,0.01,0.02,0.01,0.02,Matches
Jonas Omlin,ch SUI,GK,Montpellier,27,1994,29,29,"2,587",28.7,0,0,0,0,0,0,0,1,0.0,0.0,0.0,0.0,0,0,0,0.00,0.00,0.00,0.00,0.00,0.00,0.00,0.00,0.00,0.00,Matches
Amadou Onana,be BEL,MF,Lille,19,2001,32,11,"1,359",15.1,1,0,1,1,0,0,2,1,2.6,2.6,1.1,3.7,24,59,21,0.07,0.00,0.07,0.07,0.07,0.17,0.07,0.24,0.17,0.24,Matches
Jean Onana,cm CMR,MF,Bordeaux,21,2000,23,23,"1,832",20.4,3,2,5,3,0,0,3,1,1.4,1.4,1.6,3.0,18,90,46,0.15,0.10,0.25,0.15,0.25,0.07,0.08,0.15,0.07,0.15,Matches
Otávio,br BRA,MF,Bordeaux,27,1994,16,13,"1,147",12.7,0,0,0,0,0,0,3,0,0.4,0.4,0.1,0.5,4,49,5,0.00,0.00,0.00,0.00,0.00,0.03,0.01,0.04,0.03,0.04,Matches
Dango Ouattara,bf BFA,"MF,FW",Lorient,19,2002,25,7,812,9.0,1,2,3,1,0,0,4,0,2.1,2.1,1.4,3.5,18,23,76,0.11,0.22,0.33,0.11,0.33,0.24,0.15,0.39,0.24,0.39,Matches
Remi Oudin,fr FRA,"MF,FW",Bordeaux,24,1996,33,20,"1,737",19.3,4,5,9,4,0,0,6,0,3.0,3.0,3.8,6.8,31,53,96,0.21,0.26,0.47,0.21,0.47,0.16,0.20,0.35,0.16,0.35,Matches
Alexandre Oukidja,dz ALG,GK,Metz,33,1988,21,21,"1,875",20.8,0,0,0,0,0,0,2,1,0.0,0.0,0.0,0.0,0,0,0,0.00,0.00,0.00,0.00,0.00,0.00,0.00,0.00,0.00,0.00,Matches
Azzedine Ounahi,ma MAR,MF,Angers,21,2000,32,16,"1,633",18.1,2,1,3,2,0,0,2,0,2.0,2.0,1.5,3.5,50,110,79,0.11,0.06,0.17,0.11,0.17,0.11,0.08,0.19,0.11,0.19,Matches
Ambroise Oyongo,cm CMR,DF,Montpellier,30,1991,11,7,659,7.3,1,0,1,1,0,0,5,0,0.3,0.3,0.2,0.5,11,18,26,0.14,0.00,0.14,0.14,0.14,0.03,0.03,0.06,0.03,0.06,Matches
Vincent Pajot,fr FRA,MF,Metz,30,1990,30,27,"2,311",25.7,1,0,1,1,0,0,6,1,0.9,0.9,0.4,1.2,12,96,25,0.04,0.00,0.04,0.04,0.04,0.03,0.01,0.05,0.03,0.05,Matches
Nicolas Pallois,fr FRA,DF,Nantes,33,1987,30,29,"2,447",27.2,1,0,1,1,0,0,8,1,0.4,0.4,0.1,0.5,16,72,7,0.04,0.00,0.04,0.04,0.04,0.02,0.00,0.02,0.02,0.02,Matches
Erik Palmer-Brown,us USA,DF,Troyes,24,1997,21,19,"1,734",19.3,0,0,0,0,0,0,2,0,0.9,0.9,0.1,1.0,4,36,1,0.00,0.00,0.00,0.00,0.00,0.05,0.01,0.05,0.05,0.05,Matches
Emerson Palmieri,it ITA,DF,Lyon,26,1994,29,26,"2,264",25.2,1,2,3,1,0,0,3,1,0.9,0.9,3.6,4.5,74,101,115,0.04,0.08,0.12,0.04,0.12,0.04,0.14,0.18,0.04,0.18,Matches
Lucas Paquetá,br BRA,"MF,FW",Lyon,23,1997,35,32,"2,699",30.0,9,6,15,8,1,1,3,0,9.8,9.0,4.5,13.5,59,168,219,0.30,0.20,0.50,0.27,0.47,0.33,0.15,0.48,0.30,0.45,Matches
Rubén Pardo,es ESP,MF,Bordeaux,28,1992,1,0,6,0.1,0,0,0,0,0,0,0,0,0.0,0.0,0.0,0.0,0,1,0,0.00,0.00,0.00,0.00,0.00,0.00,0.00,0.00,0.00,0.00,Matches
Leandro Paredes,ar ARG,MF,Paris S-G,27,1994,15,10,838,9.3,1,2,3,1,0,0,3,0,0.4,0.4,0.4,0.8,6,55,3,0.11,0.21,0.32,0.11,0.32,0.04,0.04,0.08,0.04,0.08,Matches
Strahinja Pavlović,rs SRB,DF,Monaco,20,2001,7,5,451,5.0,0,0,0,0,0,0,4,1,0.5,0.5,0.2,0.7,10,33,1,0.00,0.00,0.00,0.00,0.00,0.11,0.04,0.15,0.11,0.15,Matches
Dimitri Payet,fr FRA,"FW,MF",Marseille,34,1987,31,28,"2,592",28.8,12,10,22,5,7,7,3,0,10.6,5.1,10.0,15.1,76,187,212,0.42,0.35,0.76,0.17,0.52,0.37,0.35,0.71,0.18,0.52,Matches

Timothee Pembele,fr FRA,DF,Bordeaux,18,2002,26,17,"1,414",15.7,1,1,2,1,0,0,3,0,0.9,0.9,3.1,4.0,71,40,97,0.06,0.06,0.13,0.06,0.13,0.06,0.20,0.26,0.06,0.26,Matches
Brayann Pereira,fr FRA,"DF,MF",Lens,18,2003,2,0,15,0.2,0,0,0,0,0,0,0,0,0.0,0.0,0.1,0.1,2,0,3,0.00,0.00,0.00,0.00,0.00,0.00,0.51,0.51,0.00,0.51,Matches
Danilo Pereira,pt POR,MF,Paris S-G,29,1991,27,22,"2,038",22.6,5,0,5,5,0,0,2,0,3.2,3.2,0.4,3.6,18,111,15,0.22,0.00,0.22,0.22,0.22,0.14,0.02,0.16,0.14,0.16,Matches
Mathias Pereira Lage,pt POR,DF,Angers,24,1996,24,11,"1,040",11.6,4,2,6,4,0,0,0,0,2.6,2.6,1.4,4.1,22,36,73,0.35,0.17,0.52,0.35,0.52,0.23,0.13,0.35,0.23,0.35,Matches
Luan Peres Petroni,br BRA,DF,Marseille,27,1994,34,29,"2,679",29.8,0,2,2,0,0,0,6,0,0.1,0.1,1.7,1.8,52,124,50,0.00,0.07,0.07,0.00,0.07,0.00,0.06,0.06,0.00,0.06,Matches
Lucas Perrin,fr FRA,DF,Strasbourg,22,1998,31,29,"2,502",27.8,1,1,2,1,0,0,5,0,0.4,0.4,0.6,1.0,33,148,12,0.04,0.04,0.07,0.04,0.07,0.01,0.02,0.03,0.01,0.03,Matches
Danijel Petković,me MNE,GK,Angers,28,1993,15,15,"1,350",15.0,0,0,0,0,0,0,1,0,0.0,0.0,0.0,0.0,0,0,0,0.00,0.00,0.00,0.00,0.00,0.00,0.00,0.00,0.00,0.00,Matches
Léo Pétrot,fr FRA,DF,Lorient,24,1997,22,21,"1,815",20.2,1,0,1,1,0,0,0,0,0.5,0.5,0.1,0.6,6,44,4,0.05,0.00,0.05,0.05,0.05,0.03,0.00,0.03,0.03,0.03,Matches
Romain Philippoteaux,fr FRA,MF,Brest,33,1988,1,0,24,0.3,0,0,0,0,0,0,0,0,0.0,0.0,0.0,0.0,1,2,0,0.00,0.00,0.00,0.00,0.00,0.00,0.00,0.00,0.00,0.00,Matches
Jérôme Phojo,fr FRA,DF,Clermont Foot,28,1993,1,0,6,0.1,0,0,0,0,0,0,0,0,0.0,0.0,0.0,0.0,0,0,1,0.00,0.00,0.00,0.00,0.00,0.00,0.00,0.00,0.00,0.00,Matches
Jérémy Pied,fr FRA,"DF,FW",Lille,32,1989,2,0,13,0.1,0,0,0,0,0,0,0,0,0.0,0.0,0.0,0.0,3,2,4,0.00,0.00,0.00,0.00,0.00,0.00,0.18,0.18,0.00,0.18,Matches
Ronaël Pierre-Gabriel,fr FRA,DF,Brest,23,1998,30,29,"2,548",28.3,0,1,1,0,0,0,6,0,0.6,0.6,1.7,2.2,65,138,71,0.00,0.04,0.04,0.00,0.04,0.02,0.06,0.08,0.02,0.08,Matches
Julian Pollersbeck,de GER,GK,Lyon,26,1994,6,4,436,4.8,0,0,0,0,0,0,0,0,0.0,0.0,0.0,0.0,0,0,0,0.00,0.00,0.00,0.00,0.00,0.00,0.00,0.00,0.00,0.00,Matches
Gaëtan Poussin,fr FRA,GK,Bordeaux,22,1999,13,13,"1,170",13.0,0,0,0,0,0,0,3,0,0.0,0.0,0.0,0.0,0,0,0,0.00,0.00,0.00,0.00,0.00,0.00,0.00,0.00,0.00,0.00,Matches
Sanjin Prcić,ba BIH,MF,Strasbourg,27,1993,32,27,"2,186",24.3,1,0,1,1,0,0,4,0,1.5,1.5,1.7,3.2,19,163,18,0.04,0.00,0.04,0.04,0.04,0.06,0.07,0.13,0.06,0.13,Matches
Nicolas de Préville,fr FRA,"FW,MF",Metz,30,1991,27,24,"1,969",21.9,5,2,7,5,0,0,5,0,2.8,2.8,2.2,5.0,55,47,109,0.23,0.09,0.32,0.23,0.32,0.13,0.10,0.23,0.13,0.23,Matches
Nemanja Radonjić,rs SRB,FW,Marseille,25,1996,1,0,18,0.2,0,0,0,0,0,0,0,0,0.0,0.0,0.1,0.1,1,1,7,0.00,0.00,0.00,0.00,0.00,0.00,0.66,0.66,0.00,0.66,Matches
Rafinha,br BRA,"FW,MF",Paris S-G,28,1993,5,3,220,2.4,0,0,0,0,0,0,0,0,0.2,0.2,0.1,0.3,6,16,16,0.00,0.00,0.00,0.00,0.00,0.09,0.03,0.12,0.09,0.12,Matches
Predrag Rajković,rs SRB,GK,Reims,25,1995,38,38,"3,420",38.0,0,0,0,0,0,0,3,0,0.0,0.0,0.0,0.0,0,1,1,0.00,0.00,0.00,0.00,0.00,0.00,0.00,0.00,0.00,0.00,Matches
Adil Rami,fr FRA,DF,Troyes,35,1985,17,14,"1,171",13.0,3,0,3,3,0,0,1,0,0.8,0.8,0.1,0.8,5,24,0,0.23,0.00,0.23,0.23,0.23,0.06,0.00,0.06,0.06,0.06,Matches
Sergio Ramos,es ESP,DF,Paris S-G,35,1986,12,8,801,8.9,2,0,2,2,0,0,3,1,1.8,1.8,0.0,1.8,8,61,5,0.22,0.00,0.22,0.22,0.22,0.20,0.00,0.20,0.20,0.20,Matches
Elba Rashani,xk KVX,"FW,MF",Clermont Foot,28,1993,29,22,"1,759",19.5,8,3,11,8,0,0,3,0,5.2,5.2,2.2,7.4,43,46,110,0.41,0.15,0.56,0.41,0.56,0.26,0.11,0.38,0.26,0.38,Matches
Jeff Reine-Adélaïde,fr FRA,"MF,DF",Lyon,23,1998,10,1,198,2.2,0,1,1,0,0,0,0,0,0.2,0.2,0.9,1.1,7,16,15,0.00,0.45,0.45,0.00,0.45,0.08,0.42,0.50,0.08,0.50,Matches
Tiago Ribeiro,pt POR,FW,Monaco,19,2002,1,0,2,0.0,0,0,0,0,0,0,0,0,0.0,0.0,0.0,0.0,1,0,0,0.00,0.00,0.00,0.00,0.00,0.00,0.00,0.00,0.00,0.00,Matches
Sergio Rico,es ESP,GK,Paris S-G,27,1993,1,0,23,0.3,0,0,0,0,0,0,0,0,0.0,0.0,0.0,0.0,0,0,0,0.00,0.00,0.00,0.00,0.00,0.00,0.00,0.00,0.00,0.00,Matches

Renaud Ripart,fr FRA,"MF,FW",Troyes,28,1993,28,22,"1,893",21.0,2,2,4,2,0,0,2,0,3.1,3.1,2.3,5.3,39,61,147,0.10,0.10,0.19,0.10,0.19,0.15,0.11,0.25,0.15,0.25,Matches
Mihailo Ristić,rs SRB,DF,Montpellier,25,1995,29,19,"1,803",20.0,1,3,4,1,0,0,3,1,0.5,0.5,1.3,1.8,53,76,86,0.05,0.15,0.20,0.05,0.20,0.02,0.07,0.09,0.02,0.09,Matches
Maxence Rivera,fr FRA,FW,Saint-Étienne,19,2002,1,0,5,0.1,0,0,0,0,0,0,0,0,0.0,0.0,0.0,0.0,0,0,0,0.00,0.00,0.00,0.00,0.00,0.00,0.00,0.00,0.00,0.00,Matches
Patrick Roberts,eng ENG,MF,Troyes,24,1997,1,0,14,0.2,0,0,0,0,0,0,0,0,0.4,0.4,0.0,0.4,1,1,0,0.00,0.00,0.00,0.00,0.00,2.58,0.00,2.58,2.58,2.58,Matches
Stian Rode Gregersen,no NOR,DF,Bordeaux,26,1995,24,22,"1,953",21.7,1,1,2,1,0,0,7,0,1.2,1.2,0.4,1.6,20,53,7,0.05,0.05,0.09,0.05,0.09,0.05,0.02,0.07,0.05,0.07,Matches
Gerson Rodrigues,lu LUX,"FW,MF",Troyes,26,1995,12,9,848,9.4,1,1,2,1,0,0,6,0,3.0,3.0,0.4,3.4,25,28,60,0.11,0.11,0.21,0.11,0.21,0.32,0.04,0.36,0.32,0.36,Matches
Valentin Rongier,fr FRA,"MF,DF",Marseille,26,1994,32,25,"2,194",24.4,0,1,1,0,0,0,3,0,2.4,2.4,1.4,3.8,52,195,79,0.00,0.04,0.04,0.00,0.04,0.10,0.06,0.16,0.10,0.16,Matches
Pablo Rosario,nl NED,MF,Nice,24,1997,36,31,"2,729",30.3,0,2,2,0,0,0,7,0,1.2,1.2,1.0,2.2,23,186,24,0.00,0.07,0.07,0.00,0.07,0.04,0.03,0.07,0.04,0.07,Matches
Roli Pereira de Sa,fr FRA,MF,Nantes,24,1996,17,5,573,6.4,0,0,0,0,0,0,1,0,0.6,0.6,0.6,1.2,14,16,20,0.00,0.00,0.00,0.00,0.00,0.09,0.10,0.19,0.09,0.19,Matches
Mathys Saban,fr FRA,"FW,MF",Saint-Étienne,19,2002,3,0,73,0.8,0,0,0,0,0,0,1,0,0.0,0.0,0.0,0.0,0,2,10,0.00,0.00,0.00,0.00,0.00,0.00,0.00,0.00,0.00,0.00,Matches
Falaye Sacko,ml MLI,DF,Saint-Étienne,26,1995,9,8,667,7.4,0,0,0,0,0,0,0,0,0.1,0.1,0.2,0.2,6,38,6,0.00,0.00,0.00,0.00,0.00,0.01,0.02,0.03,0.01,0.03,Matches
Rafiki Said,km COM,"MF,FW",Brest,21,2000,14,0,122,1.4,0,0,0,0,0,0,1,0,0.3,0.3,0.1,0.4,6,4,20,0.00,0.00,0.00,0.00,0.00,0.22,0.10,0.32,0.22,0.32,Matches
Wesley Saïd,fr FRA,"FW,MF",Lens,26,1995,21,7,654,7.3,5,0,5,5,0,0,2,0,4.3,4.3,0.9,5.2,21,32,49,0.69,0.00,0.69,0.69,0.69,0.60,0.12,0.72,0.60,0.72,Matches
Mamadou Sakho,fr FRA,DF,Montpellier,31,1990,29,29,"2,575",28.6,0,0,0,0,0,0,3,0,0.0,0.0,0.1,0.2,7,84,0,0.00,0.00,0.00,0.00,0.00,0.00,0.00,0.01,0.00,0.01,Matches
Bakary Sako,ml MLI,"FW,MF",Saint-Étienne,33,1988,7,1,156,1.7,0,0,0,0,0,0,0,0,0.3,0.3,0.0,0.3,3,4,11,0.00,0.00,0.00,0.00,0.00,0.18,0.02,0.20,0.18,0.20,Matches
William Saliba,fr FRA,DF,Marseille,20,2001,36,36,"3,240",36.0,0,0,0,0,0,0,5,0,1.7,1.7,0.4,2.1,50,220,14,0.00,0.00,0.00,0.00,0.00,0.05,0.01,0.06,0.05,0.06,Matches
Romain Salin,fr FRA,GK,Rennes,37,1984,1,1,90,1.0,0,0,0,0,0,0,0,0,0.0,0.0,0.0,0.0,0,0,0,0.00,0.00,0.00,0.00,0.00,0.00,0.00,0.00,0.00,0.00,Matches
Yoann Salmier,gf GUF,DF,Troyes,28,1992,31,30,"2,668",29.6,0,1,1,0,0,0,5,0,0.9,0.9,0.7,1.6,37,94,8,0.00,0.03,0.03,0.00,0.03,0.03,0.02,0.05,0.03,0.05,Matches
Mama Samba Baldé,gw GNB,"MF,FW",Troyes,25,1995,30,20,"1,717",19.1,3,2,5,3,0,1,1,1,6.5,5.8,1.1,6.9,44,48,141,0.16,0.10,0.26,0.16,0.26,0.34,0.06,0.40,0.30,0.36,Matches
Junior Sambia,fr FRA,"DF,FW",Montpellier,24,1996,30,16,"1,533",17.0,1,0,1,1,0,0,5,1,1.6,1.6,0.7,2.2,54,52,108,0.06,0.00,0.06,0.06,0.06,0.09,0.04,0.13,0.09,0.13,Matches
Renato Sanches,pt POR,"MF,FW",Lille,23,1997,25,20,"1,651",18.3,2,5,7,2,0,0,8,1,0.9,0.9,3.3,4.2,59,171,71,0.11,0.27,0.38,0.11,0.38,0.05,0.18,0.23,0.05,0.23,Matches
Philippe Sandler,nl NED,DF,Troyes,24,1997,2,1,70,0.8,0,0,0,0,0,0,0,0,0.0,0.0,0.0,0.0,0,0,1,0.00,0.00,0.00,0.00,0.00,0.00,0.00,0.00,0.00,0.00,Matches
Baptiste Santamaria,fr FRA,"MF,DF",Rennes,26,1995,34,28,"2,518",28.0,2,1,3,2,0,0,7,0,1.9,1.9,0.9,2.7,19,133,37,0.07,0.04,0.11,0.07,0.11,0.07,0.03,0.10,0.07,0.10,Matches
Pablo Sarabia,es ESP,FW,Paris S-G,29,1992,2,0,22,0.2,1,0,1,1,0,0,1,0,1.0,1.0,0.0,1.0,0,0,5,4.09,0.00,4.09,4.09,4.09,4.16,0.00,4.16,4.16,4.16,Matches
Martin Satriano,uy URU,FW,Brest,20,2001,15,11,932,10.4,4,0,4,4,0,0,5,0,3.4,3.4,0.1,3.5,6,7,52,0.39,0.00,0.39,0.39,0.39,0.33,0.01,0.34,0.33,0.34,Matches

Téji Savanier,fr FRA,MF,Montpellier,29,1991,29,28,"2,414",26.8,8,7,15,5,3,4,9,2,7.1,3.9,5.9,9.8,59,183,122,0.30,0.26,0.56,0.19,0.45,0.26,0.22,0.48,0.15,0.37,Matches
Morgan Schneiderlin,fr FRA,MF,Nice,31,1989,20,5,649,7.2,0,1,1,0,0,0,1,1,0.3,0.3,0.2,0.5,5,36,5,0.00,0.14,0.14,0.00,0.14,0.04,0.02,0.07,0.04,0.07,Matches
Alidu Seidu,gh GHA,DF,Clermont Foot,21,2000,21,16,"1,410",15.7,0,0,0,0,0,0,7,2,0.5,0.5,0.2,0.7,10,30,12,0.00,0.00,0.00,0.00,0.00,0.03,0.01,0.04,0.03,0.04,Matches
Matz Sels,be BEL,GK,Strasbourg,29,1992,37,37,"3,330",37.0,0,0,0,0,0,0,1,0,0.0,0.0,0.1,0.1,0,1,0,0.00,0.00,0.00,0.00,0.00,0.00,0.00,0.00,0.00,0.00,Matches
Xherdan Shaqiri,ch SUI,"FW,MF",Lyon,29,1991,11,9,679,7.5,2,3,5,2,0,0,0,0,0.6,0.6,1.7,2.3,10,38,73,0.27,0.40,0.66,0.27,0.66,0.08,0.22,0.31,0.08,0.31,Matches
Mahame Siby,ml MLI,DF,Strasbourg,25,1996,2,0,17,0.2,0,0,0,0,0,0,0,0,0.0,0.0,0.0,0.0,0,0,0,0.00,0.00,0.00,0.00,0.00,0.00,0.00,0.00,0.00,0.00,Matches
Aboubakar Sidibé,fr FRA,DF,Clermont Foot,25,1996,1,0,6,0.1,0,0,0,0,0,0,0,0,0.0,0.0,0.0,0.0,1,0,2,0.00,0.00,0.00,0.00,0.00,0.00,0.00,0.00,0.00,0.00,Matches
Djibril Sidibé,fr FRA,DF,Monaco,29,1992,17,12,949,10.5,0,0,0,0,0,0,6,0,0.2,0.2,0.6,0.8,26,68,41,0.00,0.00,0.00,0.00,0.00,0.02,0.06,0.07,0.02,0.07,Matches
Kaj Sierhuis,nl NED,FW,Reims,23,1998,2,1,80,0.9,0,0,0,0,0,0,0,0,0.1,0.1,0.1,0.2,3,1,3,0.00,0.00,0.00,0.00,0.00,0.08,0.12,0.20,0.08,0.20,Matches
Caio Henrique Oliveira Silva,br BRA,DF,Monaco,24,1997,34,31,"2,662",29.6,2,8,10,2,0,0,5,0,1.0,1.0,6.4,7.5,81,156,208,0.07,0.27,0.34,0.07,0.34,0.03,0.22,0.25,0.03,0.25,Matches
Gabriel Silva,br BRA,"DF,MF",Saint-Étienne,30,1991,13,9,713,7.9,0,0,0,0,0,0,1,0,0.0,0.0,0.0,0.1,6,22,17,0.00,0.00,0.00,0.00,0.00,0.01,0.01,0.01,0.01,0.01,Matches
Moses Simon,ng NGA,"FW,MF",Nantes,26,1995,30,29,"2,332",25.9,6,8,14,6,0,0,3,0,4.6,4.6,8.7,13.3,146,49,242,0.23,0.31,0.54,0.23,0.54,0.18,0.33,0.51,0.18,0.51,Matches
Xavi Simons,nl NED,"MF,FW",Paris S-G,18,2003,6,1,132,1.5,0,0,0,0,0,0,1,0,0.2,0.2,0.1,0.3,3,3,5,0.00,0.00,0.00,0.00,0.00,0.14,0.08,0.22,0.14,0.22,Matches
Issouf Sissokho,ml MLI,MF,Bordeaux,19,2002,7,6,436,4.8,0,0,0,0,0,0,3,1,0.2,0.2,0.3,0.5,3,15,21,0.00,0.00,0.00,0.00,0.00,0.04,0.07,0.11,0.04,0.11,Matches
Ibrahima Sissoko,ml MLI,"MF,DF",Strasbourg,23,1997,35,26,"2,303",25.6,2,5,7,2,0,0,6,0,2.6,2.6,4.3,6.8,50,100,103,0.08,0.20,0.27,0.08,0.27,0.10,0.17,0.27,0.10,0.27,Matches
Nelson Sissoko,fr FRA,DF,Saint-Étienne,24,1997,1,1,45,0.5,0,0,0,0,0,0,1,0,0.0,0.0,0.0,0.0,0,1,0,0.00,0.00,0.00,0.00,0.00,0.00,0.00,0.00,0.00,0.00,Matches
Sambou Sissoko,fr FRA,"MF,DF",Reims,22,1999,8,0,176,2.0,0,0,0,0,0,0,0,0,0.1,0.1,0.3,0.4,3,7,4,0.00,0.00,0.00,0.00,0.00,0.08,0.14,0.22,0.08,0.22,Matches
Islam Slimani,dz ALG,FW,Lyon,33,1988,12,6,573,6.4,1,1,2,1,0,0,3,0,1.9,1.9,0.7,2.5,8,15,34,0.16,0.16,0.31,0.16,0.31,0.29,0.11,0.40,0.29,0.40,Matches
Florian Sotoca,fr FRA,"FW,MF",Lens,30,1990,35,28,"2,480",27.6,6,4,10,4,2,2,7,0,8.5,6.9,3.2,10.2,51,124,194,0.22,0.15,0.36,0.15,0.29,0.31,0.12,0.43,0.25,0.37,Matches
Sambou Soumano,sn SEN,"FW,MF",Lorient,20,2001,21,4,447,5.0,3,0,3,3,0,0,1,0,3.0,3.0,0.1,3.2,11,4,26,0.60,0.00,0.60,0.60,0.60,0.61,0.03,0.64,0.61,0.64,Matches
Arnaud Souquet,fr FRA,DF,Montpellier,29,1992,34,27,"2,334",25.9,1,3,4,1,0,0,4,0,0.5,0.5,1.4,1.9,68,78,118,0.04,0.12,0.15,0.04,0.15,0.02,0.05,0.07,0.02,0.07,Matches
Saidou Sow,gn GUI,DF,Saint-Étienne,19,2002,13,11,989,11.0,2,1,3,2,0,0,2,0,0.3,0.3,0.9,1.2,13,47,3,0.18,0.09,0.27,0.18,0.27,0.02,0.08,0.10,0.02,0.10,Matches
Calvin Stengs,nl NED,MF,Nice,22,1998,24,11,"1,073",11.9,1,1,2,1,0,0,1,0,2.7,2.7,2.5,5.2,33,51,74,0.08,0.08,0.17,0.08,0.17,0.23,0.21,0.44,0.23,0.44,Matches
Kamaldeen Sulemana,gh GHA,"MF,FW",Rennes,19,2002,20,11,"1,015",11.3,4,2,6,4,0,0,3,0,2.3,2.3,1.9,4.2,56,42,96,0.35,0.18,0.53,0.35,0.53,0.20,0.17,0.37,0.20,0.37,Matches
Abdoulaye Sylla,gn GUI,DF,Nantes,21,2000,2,2,157,1.7,0,0,0,0,0,0,1,0,0.0,0.0,0.0,0.0,0,1,0,0.00,0.00,0.00,0.00,0.00,0.00,0.00,0.00,0.00,0.00,Matches

Waniss Taibi,fr FRA,"MF,FW",Angers,19,2002,7,1,132,1.5,0,0,0,0,0,0,2,0,0.1,0.1,0.0,0.1,1,1,5,0.00,0.00,0.00,0.00,0.00,0.06,0.00,0.06,0.06,0.06,Matches
Flavien Tait,fr FRA,MF,Rennes,28,1993,28,24,"2,125",23.6,5,3,8,5,0,0,3,0,2.6,2.6,2.9,5.5,67,189,79,0.21,0.13,0.34,0.21,0.34,0.11,0.12,0.23,0.11,0.23,Matches
Florian Tardieu,fr FRA,MF,Troyes,29,1992,30,29,"2,632",29.2,4,2,6,0,4,4,6,0,3.8,0.7,4.2,4.9,20,212,30,0.14,0.07,0.21,0.00,0.07,0.13,0.14,0.28,0.02,0.17,Matches
Oussama Targhalline,ma MAR,FW,Marseille,19,2002,2,0,5,0.1,0,0,0,0,0,0,1,0,0.0,0.0,0.0,0.0,1,0,1,0.00,0.00,0.00,0.00,0.00,0.00,0.00,0.00,0.00,0.00,Matches
Loum Tchaouna,fr FRA,"FW,MF",Rennes,17,2003,10,0,87,1.0,0,0,0,0,0,0,0,0,0.3,0.3,0.1,0.4,3,1,9,0.00,0.00,0.00,0.00,0.00,0.26,0.14,0.41,0.26,0.41,Matches
Enzo Tchato,cm CMR,FW,Montpellier,18,2002,1,0,8,0.1,0,0,0,0,0,0,0,0,0.0,0.0,0.0,0.0,1,1,0,0.00,0.00,0.00,0.00,0.00,0.00,0.00,0.00,0.00,0.00,Matches
Warren Tchimbembé,cg CGO,MF,Metz,23,1998,9,1,205,2.3,0,0,0,0,0,0,0,0,0.0,0.0,0.2,0.2,2,7,6,0.00,0.00,0.00,0.00,0.00,0.00,0.11,0.11,0.00,0.11,Matches
Aurélien Tchouaméni,fr FRA,MF,Monaco,21,2000,35,33,"2,929",32.5,3,2,5,3,0,0,11,1,2.0,2.0,2.8,4.8,47,250,39,0.09,0.06,0.15,0.09,0.15,0.06,0.08,0.15,0.06,0.15,Matches
Mathys Tel,fr FRA,"FW,MF",Rennes,16,2005,7,0,56,0.6,0,0,0,0,0,0,0,0,0.2,0.2,0.1,0.3,0,2,5,0.00,0.00,0.00,0.00,0.00,0.37,0.11,0.48,0.37,0.48,Matches
Jordan Tell,gp GLP,FW,Clermont Foot,24,1997,15,1,290,3.2,1,1,2,1,0,0,1,0,0.7,0.7,1.3,2.1,4,4,22,0.31,0.31,0.62,0.31,0.62,0.23,0.42,0.65,0.23,0.65,Matches
Martin Terrier,fr FRA,"FW,MF",Rennes,24,1997,37,37,"2,779",30.9,21,3,24,19,2,2,1,0,13.9,12.3,4.4,16.7,85,123,228,0.68,0.10,0.78,0.62,0.71,0.45,0.14,0.59,0.40,0.54,Matches
Tetê,br BRA,"FW,MF",Lyon,21,2000,9,7,583,6.5,2,5,7,2,0,0,1,0,2.3,2.3,2.3,4.5,28,37,48,0.31,0.77,1.08,0.31,1.08,0.35,0.35,0.70,0.35,0.70,Matches
Sada Thioub,sn SEN,FW,Angers,26,1995,1,0,3,0.0,0,0,0,0,0,0,0,0,0.0,0.0,0.0,0.0,0,0,0,0.00,0.00,0.00,0.00,0.00,0.00,0.00,0.00,0.00,0.00,Matches
Sada Thioub,sn SEN,"DF,MF",Saint-Étienne,26,1995,17,11,950,10.6,0,1,1,0,0,0,2,0,0.2,0.2,1.5,1.8,30,58,67,0.00,0.09,0.09,0.00,0.09,0.02,0.15,0.17,0.02,0.17,Matches
Romain Thomas,fr FRA,DF,Angers,33,1988,30,29,"2,563",28.5,2,0,2,2,0,0,9,0,2.0,2.0,0.0,2.1,4,93,2,0.07,0.00,0.07,0.07,0.07,0.07,0.00,0.07,0.07,0.07,Matches
Adrien Thomasson,fr FRA,MF,Strasbourg,27,1993,31,27,"2,389",26.5,8,4,12,8,0,0,2,1,6.2,6.2,3.3,9.5,43,151,167,0.30,0.15,0.45,0.30,0.45,0.23,0.13,0.36,0.23,0.36,Matches
Matheus Thuler,br BRA,DF,Montpellier,22,1999,16,10,855,9.5,0,0,0,0,0,0,3,1,0.1,0.1,0.0,0.1,3,12,1,0.00,0.00,0.00,0.00,0.00,0.01,0.00,0.01,0.01,0.01,Matches
Khéphren Thuram,fr FRA,MF,Nice,20,2001,36,20,"1,901",21.1,4,2,6,4,0,0,4,0,2.7,2.7,2.3,5.0,65,123,33,0.19,0.09,0.28,0.19,0.28,0.13,0.11,0.24,0.13,0.24,Matches
Cheikh Tidiane Sabaly,sn SEN,"FW,MF",Metz,22,1999,6,2,150,1.7,0,0,0,0,0,0,0,0,0.1,0.1,0.0,0.1,2,2,4,0.00,0.00,0.00,0.00,0.00,0.06,0.02,0.08,0.06,0.08,Matches
Jean-Clair Todibo,fr FRA,DF,Nice,21,1999,36,35,"3,115",34.6,1,0,1,1,0,0,6,0,2.6,2.6,1.0,3.6,33,174,8,0.03,0.00,0.03,0.03,0.03,0.08,0.03,0.10,0.08,0.10,Matches
Karl Toko Ekambi,cm CMR,FW,Lyon,28,1992,30,26,"2,296",25.5,12,5,17,10,2,2,3,0,12.6,11.0,5.0,16.0,89,55,268,0.47,0.20,0.67,0.39,0.59,0.49,0.20,0.69,0.43,0.63,Matches
Yoann Touzghar,tn TUN,FW,Troyes,34,1986,28,16,"1,457",16.2,4,0,4,4,0,0,0,0,4.9,4.9,1.1,6.1,16,15,67,0.25,0.00,0.25,0.25,0.25,0.31,0.07,0.38,0.31,0.38,Matches
Amadou Traore,fr FRA,FW,Bordeaux,19,2002,1,0,19,0.2,0,0,0,0,0,0,0,0,0.0,0.0,0.0,0.0,0,0,2,0.00,0.00,0.00,0.00,0.00,0.00,0.00,0.00,0.00,0.00,Matches
Boubacar Traoré,ml MLI,MF,Metz,19,2001,27,17,"1,726",19.2,1,1,2,1,0,0,9,1,0.8,0.8,1.4,2.2,26,85,10,0.05,0.05,0.10,0.05,0.10,0.04,0.07,0.12,0.04,0.12,Matches
Charles Traore,ml MLI,DF,Nantes,29,1992,16,7,718,8.0,0,0,0,0,0,0,3,0,0.0,0.0,0.0,0.0,5,41,19,0.00,0.00,0.00,0.00,0.00,0.00,0.00,0.00,0.00,0.00,Matches

Hamari Traoré,ml MLI,DF,Rennes,29,1992,33,33,"2,890",32.1,3,10,13,3,0,0,4,0,1.5,1.5,4.8,6.3,65,177,180,0.09,0.31,0.40,0.09,0.40,0.05,0.15,0.20,0.05,0.20,Matches
Ismaël Traoré,ci CIV,DF,Angers,34,1986,37,36,"3,215",35.7,4,1,5,4,0,0,1,0,4.0,4.0,1.3,5.3,7,58,6,0.11,0.03,0.14,0.11,0.14,0.11,0.04,0.15,0.11,0.15,Matches
Miguel Trauco,pe PER,"DF,MF",Saint-Étienne,28,1992,17,12,"1,112",12.4,1,0,1,1,0,0,3,0,0.5,0.5,0.3,0.8,12,48,49,0.08,0.00,0.08,0.08,0.08,0.04,0.02,0.06,0.04,0.06,Matches
Adrien Truffert,fr FRA,DF,Rennes,19,2001,30,18,"1,639",18.2,3,2,5,3,0,0,4,0,1.8,1.8,2.0,3.8,66,84,118,0.16,0.11,0.27,0.16,0.27,0.10,0.11,0.21,0.10,0.21,Matches
Matthieu Udol,fr FRA,DF,Metz,25,1996,12,11,"1,007",11.2,1,0,1,1,0,0,0,0,0.5,0.5,0.4,0.9,17,30,10,0.09,0.00,0.09,0.09,0.09,0.05,0.03,0.08,0.05,0.08,Matches
Ike Ugbo,ca CAN,FW,Troyes,22,1998,14,11,814,9.0,5,0,5,4,1,1,0,0,3.7,3.0,0.3,3.3,1,7,31,0.55,0.00,0.55,0.44,0.44,0.41,0.04,0.45,0.33,0.36,Matches
Lesley Ugochukwu,fr FRA,MF,Rennes,17,2004,18,3,405,4.5,1,0,1,1,0,0,2,0,0.3,0.3,0.6,0.9,3,12,7,0.22,0.00,0.22,0.22,0.22,0.07,0.14,0.21,0.07,0.21,Matches
Hwang Ui-jo,kr KOR,FW,Bordeaux,28,1992,32,29,"2,508",27.9,11,2,13,11,0,0,3,0,8.9,8.9,1.4,10.4,30,20,131,0.39,0.07,0.47,0.39,0.47,0.32,0.05,0.37,0.32,0.37,Matches
Cengiz Ünder,tr TUR,"FW,MF",Marseille,24,1997,32,25,"2,200",24.4,10,2,12,9,1,1,2,1,6.4,5.6,4.3,9.9,64,73,307,0.41,0.08,0.49,0.37,0.45,0.26,0.18,0.44,0.23,0.41,Matches
Jere Uronen,fi FIN,DF,Brest,27,1994,15,10,878,9.8,0,0,0,0,0,0,0,0,0.1,0.1,0.1,0.2,11,30,32,0.00,0.00,0.00,0.00,0.00,0.01,0.01,0.02,0.01,0.02,Matches
Vanderson,br BRA,"FW,DF",Monaco,20,2001,17,12,"1,120",12.4,2,1,3,2,0,0,3,0,1.2,1.2,1.4,2.6,22,57,110,0.16,0.08,0.24,0.16,0.24,0.10,0.12,0.21,0.10,0.21,Matches
Jonathan Varane,fr FRA,MF,Lens,19,2001,1,0,1,0.0,0,0,0,0,0,0,0,0,0.0,0.0,0.0,0.0,0,0,0,0.00,0.00,0.00,0.00,0.00,0.00,0.00,0.00,0.00,0.00,Matches
Marco Verratti,it ITA,MF,Paris S-G,28,1992,24,23,"1,937",21.5,2,2,4,2,0,0,12,0,0.6,0.6,2.3,2.9,56,193,63,0.09,0.09,0.19,0.09,0.19,0.03,0.11,0.14,0.03,0.14,Matches
Kevin Volland,de GER,"MF,FW",Monaco,29,1992,34,29,"2,436",27.1,9,9,18,8,1,1,10,0,7.4,6.6,6.9,13.5,31,102,203,0.33,0.33,0.67,0.30,0.63,0.27,0.25,0.53,0.24,0.50,Matches
Elye Wahi,fr FRA,FW,Montpellier,18,2003,33,21,"1,786",19.8,10,1,11,10,0,0,2,0,7.8,7.8,0.9,8.8,24,12,100,0.50,0.05,0.55,0.50,0.55,0.40,0.05,0.45,0.40,0.45,Matches
Timothy Weah,us USA,"MF,FW",Lille,21,2000,29,17,"1,616",18.0,3,4,7,3,0,0,2,1,3.7,3.7,4.0,7.7,55,43,152,0.17,0.22,0.39,0.17,0.39,0.21,0.22,0.42,0.21,0.42,Matches
Georginio Wijnaldum,nl NED,MF,Paris S-G,30,1990,31,18,"1,653",18.4,1,3,4,1,0,0,2,0,2.0,2.0,1.8,3.9,13,59,55,0.05,0.16,0.22,0.05,0.22,0.11,0.10,0.21,0.11,0.21,Matches
Christopher Wooh,cm CMR,DF,Lens,19,2001,14,11,"1,050",11.7,0,1,1,0,0,0,2,0,1.0,1.0,0.4,1.4,16,36,0,0.00,0.09,0.09,0.00,0.09,0.09,0.03,0.12,0.09,0.12,Matches
Xeka,pt POR,MF,Lille,26,1994,23,19,"1,619",18.0,3,0,3,3,0,0,10,0,1.5,1.5,1.4,3.0,12,73,22,0.17,0.00,0.17,0.17,0.17,0.09,0.08,0.16,0.09,0.16,Matches
Sekou Yansané,gn GUI,FW,Paris S-G,18,2003,1,0,16,0.2,0,0,0,0,0,0,0,0,0.0,0.0,0.0,0.0,0,0,0,0.00,0.00,0.00,0.00,0.00,0.00,0.00,0.00,0.00,0.00,Matches
Yusuf Yazıcı,tr TUR,"MF,FW",Lille,24,1997,15,5,509,5.7,1,1,2,1,0,0,3,0,0.6,0.6,1.2,1.8,8,24,44,0.18,0.18,0.35,0.18,0.35,0.11,0.22,0.33,0.11,0.33,Matches
Burak Yılmaz,tr TUR,FW,Lille,36,1985,31,25,"2,211",24.6,4,3,7,2,2,2,9,1,9.6,8.0,3.2,11.2,49,26,176,0.16,0.12,0.28,0.08,0.20,0.39,0.13,0.52,0.33,0.46,Matches
Leny Yoro,fr FRA,MF,Lille,15,2005,1,0,13,0.1,0,0,0,0,0,0,0,0,0.0,0.0,0.0,0.0,0,2,0,0.00,0.00,0.00,0.00,0.00,0.00,0.00,0.00,0.00,0.00,Matches
Zaydou Youssouf,fr FRA,MF,Saint-Étienne,22,1999,30,18,"1,553",17.3,1,0,1,1,0,0,3,1,0.8,0.8,1.1,1.9,18,84,20,0.06,0.00,0.06,0.06,0.06,0.05,0.07,0.11,0.05,0.11,Matches
Akim Zedadka,dz ALG,DF,Clermont Foot,26,1995,38,37,"3,337",37.1,0,3,3,0,0,0,5,0,1.6,1.6,3.6,5.2,114,142,184,0.00,0.08,0.08,0.00,0.08,0.04,0.10,0.14,0.04,0.14,Matches

Arber Zeneli,xk KVX,FW,Reims,26,1995,9,4,409,4.5,2,3,5,2,0,0,0,0,1.3,1.3,1.9,3.2,14,11,30,0.44,0.66,1.10,0.44,1.10,0.28,0.41,0.70,0.28,0.70,Matches
Mehdi Zerkane,dz ALG,"MF,DF",Bordeaux,22,1999,6,0,83,0.9,0,0,0,0,0,0,0,0,0.0,0.0,0.1,0.1,3,4,4,0.00,0.00,0.00,0.00,0.00,0.02,0.06,0.08,0.02,0.08,Matches
Edon Zhegrova,xk KVX,"MF,FW",Lille,22,1999,13,5,481,5.3,2,1,3,2,0,0,2,1,0.5,0.5,0.7,1.2,28,20,61,0.37,0.19,0.56,0.37,0.56,0.10,0.13,0.23,0.10,0.23,Matches
Tanguy Zoukrou,fr FRA,DF,Troyes,18,2003,4,0,77,0.9,0,0,0,0,0,0,1,0,0.1,0.1,0.0,0.1,0,0,1,0.00,0.00,0.00,0.00,0.00,0.07,0.00,0.07,0.07,0.07,Matches
