Player,Nation,Position,Squad,Age,Year of birth,Matches Played,Starts,Minutes,90s Played,Goals,Assists,Goals + Assists,Non-Penalty Goals,Penalty Kicks Made,Penalty Kicks Attempted,Yellow Cards,Red Cards,Goals/90,Assists/90,Goals + Assists/90,Non-Penalty Goals/90,npxG + xAG/90,Matches


Leroy Abanda,fr FRA,DF,PAS Lamia,22,2000,15,15,"1,257",14.0,0,1,1,0,0,0,1,0,0.00,0.07,0.07,0.00,0.07,Matches
Pape Abou Cissé,sn SEN,DF,Olympiacos,26,1995,6,4,400,4.4,0,0,0,0,0,0,0,0,0.00,0.00,0.00,0.00,0.00,Matches
Daniel Adejo,ng NGA,DF,PAS Lamia,32,1989,16,15,"1,331",14.8,0,0,0,0,0,0,2,0,0.00,0.00,0.00,0.00,0.00,Matches
Oluwatobiloba Alagbe,ng NGA,MF,Asteras Tripoli,22,2000,10,7,556,6.2,0,0,0,0,0,0,2,1,0.00,0.00,0.00,0.00,0.00,Matches
Sotiris Alexandropoulos,gr GRE,MF,Panathinaikos,20,2001,1,0,7,0.1,0,0,0,0,0,0,0,0,0.00,0.00,0.00,0.00,0.00,Matches
Nikolai Alho,fi FIN,DF,Volos NFC,29,1993,34,32,"2,894",32.2,1,3,4,1,0,0,4,2,0.03,0.09,0.12,0.03,0.12,Matches
Christos Almpanis,gr GRE,"FW,MF",AEK Athens,27,1994,1,0,9,0.1,0,0,0,0,0,0,0,0,0.00,0.00,0.00,0.00,0.00,Matches
Federico Álvarez,ar ARG,DF,Asteras Tripoli,27,1994,29,25,"2,310",25.7,1,1,2,1,0,0,1,0,0.04,0.04,0.08,0.04,0.08,Matches
Nordin Amrabat,ma MAR,MF,AEK Athens,35,1987,31,19,"1,666",18.5,7,4,11,3,4,4,8,0,0.38,0.22,0.59,0.16,0.38,Matches
Panagiotis Anastasopoulos,gr GRE,DF,Panetolikos,18,2003,1,0,23,0.3,0,0,0,0,0,0,1,0,0.00,0.00,0.00,0.00,0.00,Matches
Thanasis Androutsos,gr GRE,DF,Olympiacos,25,1997,7,5,466,5.2,1,1,2,1,0,0,3,0,0.19,0.19,0.39,0.19,0.39,Matches
Giannis Anestis,gr GRE,GK,Panetolikos,31,1991,21,21,"1,890",21.0,0,0,0,0,0,0,2,0,0.00,0.00,0.00,0.00,0.00,Matches
Miguel Ángel Guerrero,es ESP,"FW,MF",OFI Crete,32,1990,11,8,763,8.5,0,2,2,0,0,0,1,0,0.00,0.24,0.24,0.00,0.24,Matches
Fabien Antunes,fr FRA,"MF,DF",Ionikos,30,1991,18,12,"1,032",11.5,0,0,0,0,0,0,4,0,0.00,0.00,0.00,0.00,0.00,Matches
Giorgos Antzoulas,gr GRE,DF,Asteras Tripoli,22,2000,1,1,90,1.0,0,0,0,0,0,0,0,0,0.00,0.00,0.00,0.00,0.00,Matches
Aias Aosman,sy SYR,"MF,FW",Ionikos,27,1994,13,13,"1,033",11.5,2,2,4,2,0,0,4,0,0.17,0.17,0.35,0.17,0.35,Matches
Giannis Apostolakis,gr GRE,MF,OFI Crete,17,2004,3,0,56,0.6,0,0,0,0,0,0,0,0,0.00,0.00,0.00,0.00,0.00,Matches
Kostas Apostolakis,gr GRE,DF,Panetolikos,23,1999,21,17,"1,416",15.7,0,0,0,0,0,0,8,0,0.00,0.00,0.00,0.00,0.00,Matches
Youssef El-Arabi,ma MAR,FW,Olympiacos,35,1987,34,7,"1,004",11.2,6,6,12,4,2,3,2,0,0.54,0.54,1.08,0.36,0.90,Matches
Sergio Araujo,ar ARG,FW,AEK Athens,30,1992,29,28,"2,383",26.5,7,7,14,7,0,0,6,0,0.26,0.26,0.53,0.26,0.53,Matches
Stefan Aškovski,mk MKD,"MF,FW",PAS Lamia,30,1992,16,8,674,7.5,0,1,1,0,0,0,1,0,0.00,0.13,0.13,0.00,0.13,Matches
Kyriakos Aslanidis,gr GRE,DF,Volos NFC,20,2002,5,3,316,3.5,0,0,0,0,0,0,0,0,0.00,0.00,0.00,0.00,0.00,Matches
Giorgos Athanasiadis,gr GRE,GK,AEK Athens,29,1993,30,30,"2,700",30.0,0,0,0,0,0,0,1,0,0.00,0.00,0.00,0.00,0.00,Matches
Nicolaos Athanasiou,gr GRE,DF,Atromitos,21,2001,5,5,450,5.0,0,1,1,0,0,0,0,0,0.00,0.20,0.20,0.00,0.20,Matches
Vasilis Athanasiou,gr GRE,GK,PAS Giannina,23,1999,9,7,735,8.2,0,0,0,0,0,0,1,0,0.00,0.00,0.00,0.00,0.00,Matches

Pichu Atienza,es ESP,DF,Asteras Tripoli,32,1990,22,22,"1,952",21.7,1,1,2,1,0,0,4,0,0.05,0.05,0.09,0.05,0.09,Matches
Panagiotis Avgerinos,gr GRE,GK,Volos NFC,19,2003,3,2,250,2.8,0,0,0,0,0,0,0,0,0.00,0.00,0.00,0.00,0.00,Matches
Ousseynou Ba,sn SEN,DF,Olympiacos,26,1995,19,17,"1,408",15.6,0,0,0,0,0,0,3,0,0.00,0.00,0.00,0.00,0.00,Matches
Paris Babis,gr GRE,MF,PAS Lamia,23,1999,5,1,104,1.2,0,0,0,0,0,0,0,0,0.00,0.00,0.00,0.00,0.00,Matches
Petros Bagalianis,gr GRE,DF,PAS Giannina,21,2001,8,5,493,5.5,0,0,0,0,0,0,1,0,0.00,0.00,0.00,0.00,0.00,Matches
Patrick Bahanack,cm CMR,DF,Levadiakos,24,1997,15,11,"1,099",12.2,0,0,0,0,0,0,1,0,0.00,0.00,0.00,0.00,0.00,Matches
Makis Bakadimas,gr GRE,DF,PAS Giannina,22,2000,8,6,649,7.2,0,0,0,0,0,0,0,0,0.00,0.00,0.00,0.00,0.00,Matches
Michalis Bakakis,gr GRE,DF,Panetolikos,31,1991,5,5,444,4.9,0,0,0,0,0,0,0,0,0.00,0.00,0.00,0.00,0.00,Matches
Cédric Bakambu,cd COD,FW,Olympiacos,31,1991,32,27,"2,120",23.6,18,2,20,15,3,3,4,0,0.76,0.08,0.85,0.64,0.72,Matches
Marko Bakić,me MNE,MF,OFI Crete,28,1993,15,13,"1,067",11.9,3,2,5,3,0,0,3,0,0.25,0.17,0.42,0.25,0.42,Matches
Claudiu Balan,ro ROU,FW,PAS Giannina,28,1994,27,19,"1,836",20.4,6,0,6,6,0,0,4,0,0.29,0.00,0.29,0.29,0.29,Matches
Konstantinos Balogiannis,gr GRE,"MF,DF",OFI Crete,23,1999,23,20,"1,590",17.7,1,2,3,1,0,0,5,0,0.06,0.11,0.17,0.06,0.17,Matches
Jerónimo Barrales,ar ARG,FW,Asteras Tripoli,35,1987,28,22,"1,888",21.0,2,0,2,1,1,1,8,0,0.10,0.00,0.10,0.05,0.05,Matches
Jean Barrientos,uy URU,MF,Volos NFC,31,1990,23,20,"1,818",20.2,2,0,2,1,1,3,7,0,0.10,0.00,0.10,0.05,0.05,Matches
Julián Bartolo,ar ARG,"MF,FW",Asteras Tripoli,26,1996,22,12,"1,216",13.5,2,4,6,2,0,0,2,0,0.15,0.30,0.44,0.15,0.44,Matches
Cristian Battocchio,it ITA,MF,Volos NFC,30,1992,4,0,52,0.6,0,0,0,0,0,0,0,0,0.00,0.00,0.00,0.00,0.00,Matches
Danny Bejarano,bo BOL,MF,PAS Lamia,28,1994,23,15,"1,331",14.8,1,1,2,1,0,0,8,1,0.07,0.07,0.14,0.07,0.14,Matches
Anthony Belmonte,fr FRA,MF,Levadiakos,26,1995,15,6,662,7.4,1,1,2,1,0,0,7,0,0.14,0.14,0.27,0.14,0.27,Matches
Asier Benito,es ESP,FW,Asteras Tripoli,27,1995,13,5,447,5.0,1,0,1,1,0,0,0,0,0.20,0.00,0.20,0.20,0.20,Matches
Bernard,br BRA,"MF,FW",Panathinaikos,29,1992,31,26,"2,288",25.4,2,5,7,2,0,0,4,0,0.08,0.20,0.28,0.08,0.28,Matches
Facundo Bertoglio,ar ARG,"MF,FW",Asteras Tripoli,32,1990,22,10,889,9.9,0,1,1,0,0,0,2,0,0.00,0.10,0.10,0.00,0.10,Matches
Pep Biel,es ESP,"MF,FW",Olympiacos,25,1996,30,26,"2,238",24.9,9,2,11,8,1,1,4,1,0.36,0.08,0.44,0.32,0.40,Matches
Thievy Bifouma,cg CGO,"FW,DF",OFI Crete,30,1992,11,2,286,3.2,0,3,3,0,0,0,0,0,0.00,0.94,0.94,0.00,0.94,Matches
Iker Bilbao,es ESP,MF,PAS Giannina,26,1996,16,14,"1,278",14.2,0,2,2,0,0,0,2,0,0.00,0.14,0.14,0.00,0.14,Matches
Diego Biseswar,sr SUR,MF,PAOK,34,1988,25,4,646,7.2,0,0,0,0,0,0,1,0,0.00,0.00,0.00,0.00,0.00,Matches

Richmond Boakye,gh GHA,FW,PAS Lamia,29,1993,8,2,251,2.8,1,0,1,1,0,0,0,1,0.36,0.00,0.36,0.36,0.36,Matches
Gerónimo Bortagaray,uy URU,DF,PAS Giannina,21,2000,6,3,290,3.2,0,0,0,0,0,0,0,0,0.00,0.00,0.00,0.00,0.00,Matches
Andreas Bouchalakis,gr GRE,MF,Olympiacos,29,1993,3,2,150,1.7,1,0,1,1,0,0,0,0,0.60,0.00,0.60,0.60,0.60,Matches
Rachid Bouhenna,dz ALG,DF,Ionikos,31,1991,5,2,180,2.0,0,0,0,0,0,0,1,1,0.00,0.00,0.00,0.00,0.00,Matches
Giannis Bouzoukis,gr GRE,MF,Panetolikos,24,1998,14,2,249,2.8,0,1,1,0,0,0,1,0,0.00,0.36,0.36,0.00,0.36,Matches
Giannis Bouzoukis,gr GRE,MF,OFI Crete,24,1998,7,4,396,4.4,0,0,0,0,0,0,0,0,0.00,0.00,0.00,0.00,0.00,Matches
Josh Bowler,eng ENG,MF,Olympiacos,23,1999,4,1,95,1.1,0,0,0,0,0,0,0,0,0.00,0.00,0.00,0.00,0.00,Matches
Jakub Brabec,cz CZE,DF,Aris,29,1992,23,23,"1,983",22.0,1,0,1,1,0,0,2,0,0.05,0.00,0.05,0.05,0.05,Matches
Brandon,es ESP,FW,PAOK,27,1995,29,11,"1,108",12.3,7,0,7,7,0,0,3,0,0.57,0.00,0.57,0.57,0.57,Matches
Laurențiu Brănescu,ro ROU,GK,Atromitos,28,1994,1,1,90,1.0,0,0,0,0,0,0,0,0,0.00,0.00,0.00,0.00,0.00,Matches
Alberto Brignoli,it ITA,GK,Panathinaikos,30,1991,34,34,"3,060",34.0,0,1,1,0,0,0,4,0,0.00,0.03,0.03,0.00,0.03,Matches
Zymer Bytyqi,no NOR,"FW,MF",Olympiacos,25,1996,2,0,29,0.3,0,0,0,0,0,0,0,0,0.00,0.00,0.00,0.00,0.00,Matches
Jerson Cabral,nl NED,FW,Ionikos,31,1991,7,0,159,1.8,0,0,0,0,0,0,2,0,0.00,0.00,0.00,0.00,0.00,Matches
Rafael Camacho,pt POR,"MF,FW",Aris,22,2000,25,5,733,8.1,2,2,4,2,0,0,3,0,0.25,0.25,0.49,0.25,0.49,Matches
Aguibou Camara,gn GUI,MF,Olympiacos,21,2001,6,3,283,3.1,0,0,0,0,0,0,0,0,0.00,0.00,0.00,0.00,0.00,Matches
Aguibou Camara,gn GUI,MF,Atromitos,21,2001,12,10,883,9.8,3,0,3,3,0,0,3,0,0.31,0.00,0.31,0.31,0.31,Matches
José Cañas,es ESP,MF,Ionikos,35,1987,27,21,"2,008",22.3,1,1,2,1,0,0,5,0,0.04,0.04,0.09,0.04,0.09,Matches
Sergi Canós,es ESP,MF,Olympiacos,25,1997,8,5,444,4.9,4,2,6,4,0,0,1,0,0.81,0.41,1.22,0.81,1.22,Matches
Aitor Cantalapiedra,es ESP,"FW,MF",Panathinaikos,26,1996,9,8,647,7.2,8,2,10,4,4,4,0,0,1.11,0.28,1.39,0.56,0.83,Matches
Eneko Capilla,es ESP,MF,Asteras Tripoli,27,1995,2,0,9,0.1,0,0,0,0,0,0,0,0,0.00,0.00,0.00,0.00,0.00,Matches
David Carmona,es ESP,DF,Asteras Tripoli,25,1997,23,21,"1,925",21.4,0,1,1,0,0,0,1,0,0.00,0.05,0.05,0.00,0.05,Matches
José Castaño,es ESP,DF,Asteras Tripoli,23,1998,30,30,"2,677",29.7,1,0,1,1,0,0,8,0,0.03,0.00,0.03,0.03,0.03,Matches
Christos Chatziioannou,gr GRE,FW,Aris,18,2004,2,0,14,0.2,0,0,0,0,0,0,0,0,0.00,0.00,0.00,0.00,0.00,Matches
Dimitris Chatziisaias,gr GRE,DF,Atromitos,29,1992,31,31,"2,739",30.4,1,1,2,1,0,0,7,0,0.03,0.03,0.07,0.03,0.07,Matches
Ilias Chatzitheodoridis,gr GRE,"DF,FW",Panetolikos,24,1997,17,12,"1,032",11.5,0,0,0,0,0,0,4,0,0.00,0.00,0.00,0.00,0.00,Matches

Pape Cheikh Diop,sn SEN,MF,Aris,24,1997,10,3,342,3.8,0,0,0,0,0,0,2,0,0.00,0.00,0.00,0.00,0.00,Matches
Raman Chibsah,gh GHA,MF,Ionikos,29,1993,9,5,377,4.2,0,0,0,0,0,0,3,2,0.00,0.00,0.00,0.00,0.00,Matches
Michaell Chirinos,hn HON,MF,Volos NFC,27,1995,14,13,"1,062",11.8,1,2,3,1,0,0,1,0,0.08,0.17,0.25,0.08,0.25,Matches
Diamantis Chouchoumis,gr GRE,DF,Panetolikos,28,1994,27,23,"2,091",23.2,1,0,1,1,0,0,3,0,0.04,0.00,0.04,0.04,0.04,Matches
Lefteris Choutesiotis,gr GRE,GK,Ionikos,28,1994,33,33,"2,970",33.0,0,0,0,0,0,0,2,0,0.00,0.00,0.00,0.00,0.00,Matches
Lazaros Christodoulopoulos,gr GRE,FW,Aris,35,1986,13,3,309,3.4,0,0,0,0,0,0,3,0,0.00,0.00,0.00,0.00,0.00,Matches
Nikolaos Christogeorgos,gr GRE,GK,OFI Crete,22,2000,1,1,90,1.0,0,0,0,0,0,0,1,0,0.00,0.00,0.00,0.00,0.00,Matches
Efthymios Christopoulos,gr GRE,FW,AEK Athens,21,2000,1,0,1,0.0,0,0,0,0,0,0,0,0,0.00,0.00,0.00,0.00,0.00,Matches
Ilias Christopoulos,gr GRE,DF,Asteras Tripoli,19,2003,1,0,4,0.0,0,0,0,0,0,0,0,0,0.00,0.00,0.00,0.00,0.00,Matches
Dmytro Chygrynskiy,ua UKR,DF,Ionikos,35,1986,26,26,"2,323",25.8,1,0,1,1,0,0,5,0,0.04,0.00,0.04,0.04,0.04,Matches
Enis Çokaj,al ALB,MF,Panathinaikos,23,1999,20,1,329,3.7,0,0,0,0,0,0,0,1,0.00,0.00,0.00,0.00,0.00,Matches
Derek Cornelius,ca CAN,DF,Panetolikos,24,1997,13,13,"1,170",13.0,0,1,1,0,0,0,1,0,0.00,0.08,0.08,0.00,0.08,Matches
Julián Cuesta,es ESP,GK,Aris,31,1991,31,31,"2,790",31.0,0,0,0,0,0,0,2,0,0.00,0.00,0.00,0.00,0.00,Matches
Abdoulaye Dabo,fr FRA,MF,Levadiakos,21,2001,9,4,472,5.2,0,1,1,0,0,0,2,0,0.00,0.19,0.19,0.00,0.19,Matches
Bryan Dabo,bf BFA,MF,Aris,30,1992,27,16,"1,351",15.0,1,1,2,1,0,0,8,1,0.07,0.07,0.13,0.07,0.13,Matches
Nadrey Dago,ci CIV,"FW,MF",Panetolikos,25,1997,16,10,861,9.6,2,0,2,2,0,0,1,0,0.21,0.00,0.21,0.21,0.21,Matches
Tiago Dantas,pt POR,MF,PAOK,21,2000,32,24,"1,954",21.7,4,1,5,4,0,0,3,0,0.18,0.05,0.23,0.18,0.23,Matches
Vladimír Darida,cz CZE,MF,Aris,31,1990,21,21,"1,763",19.6,5,4,9,5,0,0,3,0,0.26,0.20,0.46,0.26,0.46,Matches
Laurens De Bock,be BEL,DF,Atromitos,29,1992,29,29,"2,610",29.0,0,2,2,0,0,0,9,0,0.00,0.07,0.07,0.00,0.07,Matches
Konrad De La Fuente,us USA,MF,Olympiacos,21,2001,3,2,150,1.7,0,0,0,0,0,0,0,0,0.00,0.00,0.00,0.00,0.00,Matches
Tomas De Vincenti,ar ARG,"MF,FW",PAS Lamia,33,1989,24,17,"1,300",14.4,4,1,5,4,0,1,9,1,0.28,0.07,0.35,0.28,0.35,Matches
Miloš Deletić,rs SRB,"MF,FW",Volos NFC,28,1993,32,32,"2,651",29.5,6,2,8,6,0,0,7,1,0.20,0.07,0.27,0.20,0.27,Matches
Ivan Demydenko,ua UKR,FW,Asteras Tripoli,19,2003,2,0,25,0.3,0,0,0,0,0,0,0,0,0.00,0.00,0.00,0.00,0.00,Matches
Apostolos Diamantis,gr GRE,DF,OFI Crete,22,2000,30,28,"2,519",28.0,2,0,2,2,0,0,6,0,0.07,0.00,0.07,0.07,0.07,Matches
Jorge Diaz,uy URU,MF,Panetolikos,33,1989,28,24,"2,081",23.1,0,4,4,0,0,0,6,1,0.00,0.17,0.17,0.00,0.17,Matches

Nouha Dicko,ml MLI,FW,OFI Crete,30,1992,30,27,"2,204",24.5,6,1,7,6,0,0,7,0,0.25,0.04,0.29,0.25,0.29,Matches
Assane Dioussé,sn SEN,MF,OFI Crete,24,1997,33,28,"2,383",26.5,3,1,4,3,0,0,3,0,0.11,0.04,0.15,0.11,0.15,Matches
Mésaque Djú,pt POR,"MF,FW",OFI Crete,23,1999,10,5,447,5.0,0,0,0,0,0,0,1,0,0.00,0.00,0.00,0.00,0.00,Matches
Juan Domínguez,es ESP,MF,Asteras Tripoli,32,1990,9,5,362,4.0,0,0,0,0,0,0,1,0,0.00,0.00,0.00,0.00,0.00,Matches
Douglas,br BRA,MF,PAOK,25,1997,29,29,"2,370",26.3,4,0,4,3,1,1,7,0,0.15,0.00,0.15,0.11,0.11,Matches
Cheick Doukouré,ci CIV,MF,Aris,29,1992,16,11,"1,004",11.2,0,1,1,0,0,0,4,0,0.00,0.09,0.09,0.00,0.09,Matches
Konstantinos Doumtsios,gr GRE,"FW,MF",Levadiakos,24,1997,21,16,"1,466",16.3,1,0,1,1,0,0,4,0,0.06,0.00,0.06,0.06,0.06,Matches
Fiorin Durmishaj,gr GRE,FW,OFI Crete,25,1996,12,3,456,5.1,1,0,1,1,0,0,1,0,0.20,0.00,0.20,0.20,0.20,Matches
Christos Eleftheriadis,gr GRE,"FW,MF",Ionikos,30,1991,24,7,756,8.4,2,0,2,2,0,0,4,0,0.24,0.00,0.24,0.24,0.24,Matches
Niclas Eliasson,se SWE,MF,AEK Athens,26,1995,26,13,"1,177",13.1,0,7,7,0,0,0,3,0,0.00,0.54,0.54,0.00,0.54,Matches
Luis Enrique Palma,hn HON,"MF,FW",Aris,22,2000,29,20,"1,682",18.7,11,4,15,10,1,1,1,1,0.59,0.21,0.80,0.54,0.75,Matches
August Erlingmark,se SWE,MF,Atromitos,24,1998,24,18,"1,499",16.7,2,0,2,2,0,0,8,1,0.12,0.00,0.12,0.12,0.12,Matches
Rodrigo Erramuspe,ar ARG,DF,PAS Giannina,32,1990,31,31,"2,774",30.8,9,1,10,5,4,5,7,0,0.29,0.03,0.32,0.16,0.19,Matches
João Escoval,pt POR,DF,Volos NFC,25,1997,29,29,"2,588",28.8,0,0,0,0,0,0,6,0,0.00,0.00,0.00,0.00,0.00,Matches
Oghenekaro Etebo,ng NGA,MF,Aris,26,1995,25,23,"2,013",22.4,0,0,0,0,0,0,7,1,0.00,0.00,0.00,0.00,0.00,Matches
Bandiougou Fadiga,fr FRA,"MF,FW",Ionikos,21,2001,28,25,"2,013",22.4,1,1,2,1,0,0,9,0,0.04,0.04,0.09,0.04,0.09,Matches
Rayan Fallatah,sa KSA,FW,OFI Crete,18,2003,1,0,5,0.1,0,0,0,0,0,0,0,0,0.00,0.00,0.00,0.00,0.00,Matches
Paolo Fernandes,es ESP,MF,Volos NFC,23,1998,13,13,"1,120",12.4,3,4,7,3,0,0,3,0,0.24,0.32,0.56,0.24,0.56,Matches
Paolo Fernandes,es ESP,MF,AEK Athens,23,1998,14,1,283,3.1,1,1,2,1,0,0,1,0,0.32,0.32,0.64,0.32,0.64,Matches
Víctor Fernández,es ESP,MF,Volos NFC,24,1998,7,2,282,3.1,0,1,1,0,0,0,0,0,0.00,0.32,0.32,0.00,0.32,Matches
Deybi Flores,hn HON,MF,Panetolikos,26,1996,16,10,877,9.7,0,2,2,0,0,0,4,0,0.00,0.21,0.21,0.00,0.21,Matches
Manssour Fofana,ci CIV,MF,PAS Giannina,20,2002,5,1,92,1.0,1,0,1,1,0,0,0,0,0.98,0.00,0.98,0.98,0.98,Matches
Kostas Fortounis,gr GRE,"MF,FW",Olympiacos,29,1992,25,21,"1,551",17.2,4,10,14,4,0,0,2,0,0.23,0.58,0.81,0.23,0.81,Matches
Alexander Fransson,se SWE,MF,AEK Athens,28,1994,2,0,17,0.2,0,0,0,0,0,0,0,0,0.00,0.00,0.00,0.00,0.00,Matches
Samúel Friðjónsson,is ISL,MF,Atromitos,26,1996,28,13,"1,215",13.5,2,0,2,2,0,0,3,0,0.15,0.00,0.15,0.15,0.15,Matches

Leandro Frroku,al ALB,MF,Panathinaikos,18,2003,1,0,4,0.0,0,0,0,0,0,0,0,0,0.00,0.00,0.00,0.00,0.00,Matches
Mijat Gaćinović,rs SRB,MF,AEK Athens,27,1995,30,24,"2,005",22.3,9,2,11,9,0,0,5,0,0.40,0.09,0.49,0.40,0.49,Matches
Enzo Gaggi,ar ARG,"MF,FW",Volos NFC,24,1998,15,13,"1,159",12.9,1,2,3,1,0,0,6,0,0.08,0.16,0.23,0.08,0.23,Matches
Konstantinos Galanopoulos,gr GRE,MF,AEK Athens,24,1997,12,1,182,2.0,0,0,0,0,0,0,0,0,0.00,0.00,0.00,0.00,0.00,Matches
Cristian Ganea,ro ROU,DF,Panathinaikos,30,1992,9,3,287,3.2,0,0,0,0,0,0,0,0,0.00,0.00,0.00,0.00,0.00,Matches
Athanasios Garavelis,gr GRE,GK,PAS Lamia,29,1992,10,10,846,9.4,0,0,0,0,0,0,1,0,0.00,0.00,0.00,0.00,0.00,Matches
Levi Garcia,tt TRI,FW,AEK Athens,24,1997,31,26,"2,329",25.9,14,5,19,10,4,5,1,0,0.54,0.19,0.73,0.39,0.58,Matches
Manu García,es ESP,MF,Aris,24,1998,17,12,"1,138",12.6,4,3,7,4,0,0,1,0,0.32,0.24,0.55,0.32,0.55,Matches
Mateo García,ar ARG,"MF,FW",Aris,25,1996,33,27,"2,344",26.0,3,2,5,3,0,0,3,1,0.12,0.08,0.19,0.12,0.19,Matches
Rubén García,es ESP,DF,Asteras Tripoli,23,1998,11,8,694,7.7,0,0,0,0,0,0,1,0,0.00,0.00,0.00,0.00,0.00,Matches
Michael Gardawski,de GER,"MF,DF",Asteras Tripoli,31,1990,21,13,"1,036",11.5,1,0,1,1,0,0,8,1,0.09,0.00,0.09,0.09,0.09,Matches
Savvas Gentsoglou,gr GRE,DF,PAS Lamia,31,1990,2,2,180,2.0,0,0,0,0,0,0,0,0,0.00,0.00,0.00,0.00,0.00,Matches
Gervinho,ci CIV,FW,Aris,35,1987,11,5,413,4.6,1,0,1,1,0,0,0,0,0.22,0.00,0.22,0.22,0.22,Matches
Petros Giakoumakis,gr GRE,"MF,FW",PAS Lamia,30,1992,14,5,553,6.1,0,1,1,0,0,0,0,0,0.00,0.16,0.16,0.00,0.16,Matches
Giannis Gianniotas,gr GRE,"MF,FW",Levadiakos,29,1993,16,12,994,11.0,2,2,4,2,0,0,2,0,0.18,0.18,0.36,0.18,0.36,Matches
Andreas Gianniotis,gr GRE,GK,Atromitos,29,1992,31,31,"2,722",30.2,0,0,0,0,0,0,3,1,0.00,0.00,0.00,0.00,0.00,Matches
Kostas Giannoulis,gr GRE,DF,OFI Crete,34,1987,10,6,483,5.4,0,0,0,0,0,0,1,0,0.00,0.00,0.00,0.00,0.00,Matches
Federico Gino,uy URU,MF,PAS Giannina,29,1993,16,16,"1,403",15.6,0,0,0,0,0,0,7,0,0.00,0.00,0.00,0.00,0.00,Matches
Adam Gnezda Čerin,si SVN,"MF,FW",Panathinaikos,23,1999,34,29,"2,518",28.0,1,1,2,1,0,0,4,0,0.04,0.04,0.07,0.04,0.07,Matches
Eder González,es ESP,MF,Atromitos,25,1997,32,30,"2,686",29.8,0,2,2,0,0,0,7,0,0.00,0.07,0.07,0.00,0.07,Matches
Ivan Goranov,bg BUL,DF,PAS Lamia,30,1992,17,16,"1,418",15.8,0,0,0,0,0,0,4,1,0.00,0.00,0.00,0.00,0.00,Matches
Vasilios Gordeziani,gr GRE,FW,PAOK,20,2002,2,1,65,0.7,0,0,0,0,0,0,0,0,0.00,0.00,0.00,0.00,0.00,Matches
Joel Graterol,ve VEN,GK,Panetolikos,25,1997,5,5,450,5.0,0,0,0,0,0,0,0,0,0.00,0.00,0.00,0.00,0.00,Matches
Andre Gray,jm JAM,FW,Aris,31,1991,32,20,"1,730",19.2,8,2,10,7,1,2,4,0,0.42,0.10,0.52,0.36,0.47,Matches
Dávid Gróf,hu HUN,GK,Levadiakos,33,1989,11,11,990,11.0,0,0,0,0,0,0,2,0,0.00,0.00,0.00,0.00,0.00,Matches

Sebastian Grønning,dk DEN,FW,OFI Crete,25,1997,8,1,174,1.9,1,0,1,1,0,0,0,0,0.52,0.00,0.52,0.52,0.52,Matches
Ehsan Hajsafi,ir IRN,DF,AEK Athens,32,1990,29,28,"2,441",27.1,0,3,3,0,0,0,3,0,0.00,0.11,0.11,0.00,0.11,Matches
Stephen Hammond,gh GHA,MF,Levadiakos,25,1996,26,23,"1,873",20.8,1,0,1,1,0,0,4,0,0.05,0.00,0.05,0.05,0.05,Matches
Juan Manuel Munafo Horta,ar ARG,MF,Asteras Tripoli,34,1988,24,21,"1,778",19.8,1,0,1,1,0,0,10,0,0.05,0.00,0.05,0.05,0.05,Matches
Walter Iglesias,ar ARG,MF,Asteras Tripoli,37,1985,21,16,"1,449",16.1,0,0,0,0,0,0,10,0,0.00,0.00,0.00,0.00,0.00,Matches
Ioannis Ikonomidis,gr GRE,MF,Atromitos,24,1998,18,3,479,5.3,0,0,0,0,0,0,2,0,0.00,0.00,0.00,0.00,0.00,Matches
Hwang In-beom,kr KOR,MF,Olympiacos,25,1996,32,31,"2,676",29.7,3,4,7,3,0,0,5,0,0.10,0.13,0.24,0.10,0.24,Matches
Sverrir Ingi Ingason,is ISL,DF,PAOK,28,1993,30,30,"2,676",29.7,3,0,3,3,0,0,3,0,0.10,0.00,0.10,0.10,0.10,Matches
Christos Ioannidis,gr GRE,MF,Ionikos,18,2004,1,0,10,0.1,0,0,0,0,0,0,0,0,0.00,0.00,0.00,0.00,0.00,Matches
Fotis Ioannidis,gr GRE,FW,Panathinaikos,22,2000,36,17,"1,584",17.6,7,2,9,5,2,2,2,0,0.40,0.11,0.51,0.28,0.40,Matches
Nikolaos Ioannidis,gr GRE,FW,Ionikos,28,1994,13,4,391,4.3,0,0,0,0,0,0,2,0,0.00,0.00,0.00,0.00,0.00,Matches
Juan Iturbe,py PAR,"MF,FW",Aris,29,1993,33,17,"1,544",17.2,4,1,5,4,0,0,4,0,0.23,0.06,0.29,0.23,0.29,Matches
Alexander Jeremejeff,se SWE,FW,Levadiakos,28,1993,10,6,581,6.5,1,2,3,1,0,0,1,0,0.15,0.31,0.46,0.15,0.46,Matches
Jonas,br BRA,MF,Levadiakos,23,1999,14,5,524,5.8,0,1,1,0,0,0,0,0,0.00,0.17,0.17,0.00,0.17,Matches
Juankar,es ESP,DF,Panathinaikos,32,1990,33,31,"2,633",29.3,0,0,0,0,0,0,5,0,0.00,0.00,0.00,0.00,0.00,Matches
Juanpi,ve VEN,"FW,MF",Panetolikos,28,1994,9,7,605,6.7,1,1,2,1,0,0,2,0,0.15,0.15,0.30,0.15,0.30,Matches
Jens Jønsson,dk DEN,"MF,FW",AEK Athens,29,1993,34,27,"2,300",25.6,0,2,2,0,0,0,3,0,0.00,0.08,0.08,0.00,0.08,Matches
Ergys Kaçe,al ALB,MF,Volos NFC,29,1993,12,6,530,5.9,0,0,0,0,0,0,1,0,0.00,0.00,0.00,0.00,0.00,Matches
Omar El Kaddouri,ma MAR,MF,PAOK,31,1990,23,9,826,9.2,0,0,0,0,0,0,3,1,0.00,0.00,0.00,0.00,0.00,Matches
Aboubakar Kamara,mr MTN,FW,Olympiacos,27,1995,1,0,19,0.2,0,0,0,0,0,0,0,0,0.00,0.00,0.00,0.00,0.00,Matches
Aboubakar Kamara,mr MTN,FW,Aris,27,1995,14,10,952,10.6,4,0,4,3,1,2,8,2,0.38,0.00,0.38,0.28,0.28,Matches
Bruce Kamau,au AUS,"FW,MF",OFI Crete,27,1995,3,0,65,0.7,0,0,0,0,0,0,0,0,0.00,0.00,0.00,0.00,0.00,Matches
Zisis Karahalios,gr GRE,MF,PAS Giannina,26,1996,23,21,"1,832",20.4,0,1,1,0,0,0,7,0,0.00,0.05,0.05,0.00,0.05,Matches
Tasos Karamanos,gr GRE,MF,PAS Lamia,31,1990,9,1,176,2.0,0,0,0,0,0,0,0,0,0.00,0.00,0.00,0.00,0.00,Matches
Nikos Karelis,gr GRE,FW,Panetolikos,30,1992,29,25,"2,087",23.2,13,1,14,11,2,2,2,1,0.56,0.04,0.60,0.47,0.52,Matches

Giannis Kargas,gr GRE,DF,PAOK,27,1994,8,7,567,6.3,0,2,2,0,0,0,2,1,0.00,0.32,0.32,0.00,0.32,Matches
Alexandros Kartalis,gr GRE,MF,Volos NFC,27,1995,16,2,329,3.7,0,1,1,0,0,0,2,0,0.00,0.27,0.27,0.00,0.27,Matches
Pajtim Kasami,ch SUI,MF,Olympiacos,30,1992,12,4,458,5.1,2,0,2,2,0,0,1,0,0.39,0.00,0.39,0.39,0.39,Matches
Wajdi Kechrida,tn TUN,DF,Atromitos,26,1995,30,30,"2,700",30.0,1,2,3,1,0,0,4,0,0.03,0.07,0.10,0.03,0.10,Matches
Tomasz Kędziora,pl POL,DF,PAOK,28,1994,8,7,588,6.5,1,0,1,1,0,0,0,0,0.15,0.00,0.15,0.15,0.15,Matches
Giannis Kiakos,gr GRE,"DF,MF",PAS Giannina,24,1998,8,7,665,7.4,0,0,0,0,0,0,1,0,0.00,0.00,0.00,0.00,0.00,Matches
Kyriakos Kivrakidis,gr GRE,DF,Atromitos,30,1992,3,3,261,2.9,0,0,0,0,0,0,3,1,0.00,0.00,0.00,0.00,0.00,Matches
Boris Klaiman,il ISR,GK,Volos NFC,31,1990,29,29,"2,610",29.0,0,0,0,0,0,0,4,0,0.00,0.00,0.00,0.00,0.00,Matches
László Kleinheisler,hu HUN,"MF,FW",Panathinaikos,28,1994,15,4,469,5.2,2,0,2,2,0,0,1,0,0.38,0.00,0.38,0.38,0.38,Matches
Viktor Klonaridis,be BEL,FW,Atromitos,30,1992,25,16,"1,413",15.7,1,5,6,1,0,0,2,0,0.06,0.32,0.38,0.06,0.38,Matches
Anthony Knockaert,fr FRA,MF,Volos NFC,30,1991,9,4,407,4.5,1,0,1,0,1,1,2,0,0.22,0.00,0.22,0.00,0.00,Matches
Koka,eg EGY,FW,Olympiacos,29,1993,1,1,53,0.6,0,0,0,0,0,0,0,0,0.00,0.00,0.00,0.00,0.00,Matches
Sotirios Kokkinis,gr GRE,FW,Ionikos,22,2000,1,0,4,0.0,0,0,0,0,0,0,0,0,0.00,0.00,0.00,0.00,0.00,Matches
Dimitris Kolovos,gr GRE,"MF,FW",Panetolikos,29,1993,29,19,"1,773",19.7,3,3,6,3,0,0,6,0,0.15,0.15,0.30,0.15,0.30,Matches
Giannis Konstantelias,gr GRE,MF,PAOK,19,2003,30,26,"2,163",24.0,2,4,6,2,0,0,3,0,0.08,0.17,0.25,0.08,0.25,Matches
Dimitris Konstantinidis,gr GRE,DF,Levadiakos,28,1994,9,8,651,7.2,0,0,0,0,0,0,4,0,0.00,0.00,0.00,0.00,0.00,Matches
Vangelis Kontogiannis,gr GRE,GK,Panetolikos,20,2002,2,2,180,2.0,0,0,0,0,0,0,0,0,0.00,0.00,0.00,0.00,0.00,Matches
Georgios Kornezos,gr GRE,DF,PAS Lamia,24,1998,21,21,"1,864",20.7,1,0,1,1,0,0,4,0,0.05,0.00,0.05,0.05,0.05,Matches
Alexei Koșelev,md MDA,GK,PAS Lamia,28,1993,4,4,360,4.0,0,0,0,0,0,0,1,0,0.00,0.00,0.00,0.00,0.00,Matches
Michalis Kosidis,gr GRE,FW,AEK Athens,20,2002,2,0,8,0.1,0,0,0,0,0,0,0,0,0.00,0.00,0.00,0.00,0.00,Matches
Giorgos Kosteas,gr GRE,FW,Asteras Tripoli,19,2003,11,1,234,2.6,1,0,1,1,0,0,4,0,0.38,0.00,0.38,0.38,0.38,Matches
Dominik Kotarski,hr CRO,GK,PAOK,22,2000,34,34,"3,060",34.0,0,0,0,0,0,0,4,0,0.00,0.00,0.00,0.00,0.00,Matches
Matic Kotnik,si SVN,GK,Volos NFC,32,1990,5,5,380,4.2,0,0,0,0,0,0,0,0,0.00,0.00,0.00,0.00,0.00,Matches
Giannis Kotsiras,gr GRE,DF,Panathinaikos,29,1992,25,19,"1,803",20.0,0,0,0,0,0,0,1,0,0.00,0.00,0.00,0.00,0.00,Matches
Konstantinos Kotsopoulos,gr GRE,FW,Atromitos,25,1997,9,4,374,4.2,0,0,0,0,0,0,1,0,0.00,0.00,0.00,0.00,0.00,Matches

Konstantinos Koulierakis,gr GRE,DF,PAOK,18,2003,25,24,"2,139",23.8,2,0,2,2,0,0,4,0,0.08,0.00,0.08,0.08,0.08,Matches
Dimitrios Kourbelis,gr GRE,MF,Panathinaikos,28,1993,30,26,"2,122",23.6,1,1,2,1,0,0,10,1,0.04,0.04,0.08,0.04,0.08,Matches
Leonardo Koutris,gr GRE,DF,Olympiacos,27,1995,1,1,90,1.0,0,0,0,0,0,0,0,0,0.00,0.00,0.00,0.00,0.00,Matches
Georgios Koutsias,gr GRE,FW,Volos NFC,18,2004,20,6,759,8.4,3,1,4,3,0,0,1,0,0.36,0.12,0.47,0.36,0.47,Matches
Andreas Kuen,at AUT,"MF,FW",Atromitos,27,1995,23,18,"1,533",17.0,2,3,5,2,0,0,4,0,0.12,0.18,0.29,0.12,0.29,Matches
Pierre Kunde,cm CMR,MF,Olympiacos,27,1995,2,1,100,1.1,0,0,0,0,0,0,1,0,0.00,0.00,0.00,0.00,0.00,Matches
Jasmin Kurtić,si SVN,MF,PAOK,33,1989,10,10,828,9.2,3,1,4,1,2,2,5,0,0.33,0.11,0.43,0.11,0.22,Matches
Iason Kyrkos,gr GRE,MF,PAS Giannina,19,2003,2,0,19,0.2,0,0,0,0,0,0,0,0,0.00,0.00,0.00,0.00,0.00,Matches
Eric Larsson,se SWE,"MF,DF",OFI Crete,31,1991,31,31,"2,752",30.6,2,6,8,2,0,0,10,1,0.07,0.20,0.26,0.07,0.26,Matches
Fabiano Leismann,br BRA,DF,Aris,30,1991,32,30,"2,746",30.5,3,0,3,2,1,1,9,0,0.10,0.00,0.10,0.07,0.07,Matches
Jean-Baptiste Leo,fr FRA,FW,PAS Giannina,26,1996,4,0,60,0.7,0,0,0,0,0,0,0,0,0.00,0.00,0.00,0.00,0.00,Matches
Panagiotis Liagas,gr GRE,DF,Levadiakos,22,1999,20,17,"1,525",16.9,1,0,1,1,0,0,2,0,0.06,0.00,0.06,0.06,0.06,Matches
Angelos Liasos,gr GRE,MF,PAS Giannina,22,2000,23,14,"1,217",13.5,2,0,2,2,0,0,4,0,0.15,0.00,0.15,0.15,0.15,Matches
Georgios Liavas,gr GRE,"DF,MF",Panetolikos,21,2001,15,10,972,10.8,1,0,1,1,0,0,2,0,0.09,0.00,0.09,0.09,0.09,Matches
Yuri Lodygin,ru RUS,GK,Panathinaikos,32,1990,2,2,180,2.0,0,0,0,0,0,0,0,0,0.00,0.00,0.00,0.00,0.00,Matches
Alexandros Lolis,gr GRE,"MF,FW",PAS Giannina,19,2002,11,4,414,4.6,0,0,0,0,0,0,1,0,0.00,0.00,0.00,0.00,0.00,Matches
Nikolaos Lolis,gr GRE,MF,PAS Giannina,17,2005,1,0,1,0.0,0,0,0,0,0,0,0,0,0.00,0.00,0.00,0.00,0.00,Matches
Maximiliano Lovera,ar ARG,MF,Ionikos,23,1999,24,19,"1,429",15.9,2,1,3,1,1,1,2,0,0.13,0.06,0.19,0.06,0.13,Matches
Kazenga LuaLua,cd COD,"MF,FW",Levadiakos,31,1990,18,8,802,8.9,0,0,0,0,0,0,0,0,0.00,0.00,0.00,0.00,0.00,Matches
José Luis Valiente,es ESP,MF,Asteras Tripoli,31,1991,1,0,16,0.2,0,0,0,0,0,0,0,0,0.00,0.00,0.00,0.00,0.00,Matches
Antonio Luna,es ESP,"DF,MF",Volos NFC,31,1991,33,30,"2,642",29.4,2,1,3,2,0,0,6,0,0.07,0.03,0.10,0.07,0.10,Matches
Odysseas Lymperakis,gr GRE,DF,Volos NFC,24,1998,1,0,4,0.0,0,0,0,0,0,0,0,0,0.00,0.00,0.00,0.00,0.00,Matches
Leftheris Lyratzis,gr GRE,DF,PAOK,22,2000,14,12,974,10.8,0,2,2,0,0,0,1,0,0.00,0.18,0.18,0.00,0.18,Matches
Salem M'bakata,cd COD,"DF,MF",Aris,24,1998,23,18,"1,563",17.4,1,1,2,1,0,0,1,0,0.06,0.06,0.12,0.06,0.12,Matches
Yann M'Vila,fr FRA,MF,Olympiacos,32,1990,31,28,"2,533",28.1,0,1,1,0,0,0,4,0,0.00,0.04,0.04,0.00,0.04,Matches

Zinédine Machach,fr FRA,MF,Ionikos,26,1996,23,11,"1,009",11.2,2,2,4,2,0,0,4,1,0.18,0.18,0.36,0.18,0.36,Matches
Theodosios Machairas,gr GRE,FW,AEK Athens,22,2000,1,0,21,0.2,0,0,0,0,0,0,0,0,0.00,0.00,0.00,0.00,0.00,Matches
Hörður Magnússon,is ISL,DF,Panathinaikos,29,1993,24,21,"1,912",21.2,1,0,1,1,0,0,5,0,0.05,0.00,0.05,0.05,0.05,Matches
Alexandros Malis,gr GRE,DF,Panetolikos,25,1997,11,9,772,8.6,1,0,1,1,0,0,1,0,0.12,0.00,0.12,0.12,0.12,Matches
Daniel Mancini,ar ARG,"MF,FW",Aris,25,1996,17,16,"1,331",14.8,3,6,9,3,0,0,2,0,0.20,0.41,0.61,0.20,0.61,Matches
Daniel Mancini,ar ARG,MF,Panathinaikos,25,1996,17,11,"1,052",11.7,3,2,5,3,0,0,3,0,0.26,0.17,0.43,0.26,0.43,Matches
Christos Mandas,gr GRE,GK,OFI Crete,20,2001,26,26,"2,340",26.0,0,0,0,0,0,0,2,0,0.00,0.00,0.00,0.00,0.00,Matches
Kostas Manolas,gr GRE,DF,Olympiacos,31,1991,3,3,258,2.9,0,0,0,0,0,0,0,0,0.00,0.00,0.00,0.00,0.00,Matches
Dimitrios Manos,gr GRE,FW,Ionikos,27,1994,10,0,146,1.6,0,0,0,0,0,0,0,0,0.00,0.00,0.00,0.00,0.00,Matches
Georgios Manousos,gr GRE,FW,PAS Lamia,34,1987,27,11,"1,102",12.2,0,0,0,0,0,0,9,1,0.00,0.00,0.00,0.00,0.00,Matches
Petros Mantalos,gr GRE,"MF,FW",AEK Athens,30,1991,30,6,875,9.7,2,5,7,2,0,0,5,0,0.21,0.51,0.72,0.21,0.72,Matches
Vassilis Mantzis,gr GRE,FW,Ionikos,30,1991,32,29,"2,544",28.3,6,2,8,6,0,0,5,0,0.21,0.07,0.28,0.21,0.28,Matches
Marcelo,br BRA,"DF,MF",Olympiacos,34,1988,5,0,97,1.1,0,0,0,0,0,0,0,0,0.00,0.00,0.00,0.00,0.00,Matches
Marko Marić,hr CRO,GK,Atromitos,26,1996,2,1,155,1.7,0,0,0,0,0,0,0,0,0.00,0.00,0.00,0.00,0.00,Matches
Nikos Marinakis,gr GRE,"DF,MF",OFI Crete,28,1993,13,7,583,6.5,0,0,0,0,0,0,3,0,0.00,0.00,0.00,0.00,0.00,Matches
Matej Marković,ba BIH,GK,Levadiakos,26,1996,14,14,"1,260",14.0,0,0,0,0,0,0,2,0,0.00,0.00,0.00,0.00,0.00,Matches
Gustavo Marmentini,br BRA,MF,PAS Lamia,28,1994,6,0,108,1.2,0,0,0,0,0,0,1,0,0.00,0.00,0.00,0.00,0.00,Matches
Johan Mårtensson,se SWE,MF,Panetolikos,33,1989,27,17,"1,672",18.6,0,0,0,0,0,0,4,0,0.00,0.00,0.00,0.00,0.00,Matches
Rubén Martínez,es ESP,MF,PAS Lamia,32,1989,17,14,"1,080",12.0,3,0,3,3,0,0,1,0,0.25,0.00,0.25,0.25,0.25,Matches
Giorgos Masouras,gr GRE,MF,Olympiacos,28,1994,33,15,"1,428",15.9,4,1,5,4,0,0,4,0,0.25,0.06,0.32,0.25,0.32,Matches
Javier Matilla,es ESP,MF,Volos NFC,33,1988,13,4,397,4.4,0,0,0,0,0,0,3,0,0.00,0.00,0.00,0.00,0.00,Matches
Theofanis Mavromatis,gr GRE,DF,Atromitos,25,1997,18,15,"1,323",14.7,0,2,2,0,0,0,4,0,0.00,0.14,0.14,0.00,0.14,Matches
Bradley Mazikou,cg CGO,DF,Aris,26,1996,28,21,"1,930",21.4,0,2,2,0,0,0,3,0,0.00,0.09,0.09,0.00,0.09,Matches
Jeison Medina,co COL,FW,PAS Lamia,27,1995,8,5,455,5.1,1,0,1,1,0,1,2,0,0.20,0.00,0.20,0.20,0.20,Matches
Alfredo Mejía,hn HON,MF,Levadiakos,32,1990,29,27,"2,133",23.7,1,2,3,1,0,0,5,0,0.04,0.08,0.13,0.04,0.13,Matches

Miguel Mellado,ar ARG,MF,OFI Crete,29,1993,27,27,"2,190",24.3,2,0,2,2,0,0,10,0,0.08,0.00,0.08,0.08,0.08,Matches
Ahmad Mendes Moreira,gn GUI,"FW,MF",PAS Giannina,27,1995,31,25,"2,191",24.3,1,5,6,1,0,0,7,0,0.04,0.21,0.25,0.04,0.25,Matches
Javier Mendoza,ar ARG,MF,Ionikos,29,1992,10,5,468,5.2,2,0,2,2,0,0,3,0,0.38,0.00,0.38,0.38,0.38,Matches
Dimitris Metaxas,gr GRE,MF,Volos NFC,18,2003,21,14,"1,150",12.8,0,0,0,0,0,0,4,0,0.00,0.00,0.00,0.00,0.00,Matches
Nicolás Mezquida,uy URU,MF,Volos NFC,30,1992,22,14,"1,012",11.2,1,2,3,1,0,0,4,0,0.09,0.18,0.27,0.09,0.27,Matches
Federico Milo,ar ARG,DF,Ionikos,30,1992,7,2,255,2.8,0,0,0,0,0,0,2,0,0.00,0.00,0.00,0.00,0.00,Matches
Gerasimos Mitoglou,gr GRE,DF,AEK Athens,22,1999,8,5,461,5.1,1,0,1,1,0,0,0,0,0.20,0.00,0.20,0.20,0.20,Matches
Sebastian Mladen,ro ROU,"MF,DF",Panetolikos,30,1991,31,29,"2,528",28.1,0,1,1,0,0,0,10,0,0.00,0.04,0.04,0.00,0.04,Matches
Milad Mohammadi,ir IRN,DF,AEK Athens,28,1993,13,8,769,8.5,0,1,1,0,0,0,0,0,0.00,0.12,0.12,0.00,0.12,Matches
Jonathan Morsay,sl SLE,"FW,MF",Panetolikos,24,1997,24,14,"1,194",13.3,1,2,3,1,0,0,2,0,0.08,0.15,0.23,0.08,0.23,Matches
Harold Moukoudi,cm CMR,DF,AEK Athens,24,1997,27,26,"2,335",25.9,2,0,2,2,0,0,5,0,0.08,0.00,0.08,0.08,0.08,Matches
Mattheos Mountes,gr GRE,MF,Atromitos,18,2003,1,0,13,0.1,0,0,0,0,0,0,1,0,0.00,0.00,0.00,0.00,0.00,Matches
Thierry Moutinho,pt POR,"MF,FW",Levadiakos,31,1991,17,16,"1,389",15.4,3,1,4,2,1,2,2,0,0.19,0.06,0.26,0.13,0.19,Matches
Juan Muñiz,es ESP,"MF,FW",Atromitos,30,1992,11,7,502,5.6,1,0,1,1,0,1,3,0,0.18,0.00,0.18,0.18,0.18,Matches
Thomas Murg,at AUT,MF,PAOK,27,1994,4,1,27,0.3,0,0,0,0,0,0,0,0,0.00,0.00,0.00,0.00,0.00,Matches
Georgios Mygas,gr GRE,"DF,MF",Ionikos,28,1994,14,14,"1,251",13.9,0,0,0,0,0,0,5,0,0.00,0.00,0.00,0.00,0.00,Matches
Khaled Narey,tg TOG,MF,PAOK,28,1994,27,25,"2,089",23.2,7,9,16,7,0,0,2,0,0.30,0.39,0.69,0.30,0.69,Matches
Ivan Näsberg,no NOR,DF,PAOK,26,1996,12,8,794,8.8,1,0,1,1,0,0,1,0,0.11,0.00,0.11,0.11,0.11,Matches
Juan Neira,ar ARG,"MF,FW",OFI Crete,33,1989,15,6,561,6.2,2,1,3,2,0,0,6,0,0.32,0.16,0.48,0.32,0.48,Matches
Giorgos Nikas,gr GRE,"MF,FW",Levadiakos,22,1999,30,24,"2,068",23.0,6,0,6,4,2,2,5,0,0.26,0.00,0.26,0.17,0.17,Matches
Evangelos Nikolaou,gr GRE,MF,Panetolikos,18,2004,1,0,17,0.2,0,0,0,0,0,0,0,0,0.00,0.00,0.00,0.00,0.00,Matches
Sotiris Ninis,gr GRE,MF,PAS Giannina,32,1990,9,2,343,3.8,0,0,0,0,0,1,0,0,0.00,0.00,0.00,0.00,0.00,Matches
Nicolas Nkoulou,cm CMR,DF,Aris,32,1990,17,11,"1,109",12.3,1,0,1,1,0,0,1,0,0.08,0.00,0.08,0.08,0.08,Matches
Afeez Nosiru,ng NGA,MF,Panetolikos,24,1998,2,0,32,0.4,0,0,0,0,0,0,0,0,0.00,0.00,0.00,0.00,0.00,Matches
Antonis Ntentakis,gr GRE,DF,Levadiakos,27,1995,10,5,513,5.7,0,0,0,0,0,0,0,0,0.00,0.00,0.00,0.00,0.00,Matches

Andreas Ntoi,gr GRE,DF,Olympiacos,19,2003,21,18,"1,654",18.4,1,1,2,1,0,0,3,0,0.05,0.05,0.11,0.05,0.11,Matches
Cristopher Núñez,cr CRC,"MF,FW",PAS Lamia,24,1997,29,24,"2,027",22.5,3,0,3,3,0,0,6,0,0.13,0.00,0.13,0.13,0.13,Matches
Moses Odubajo,eng ENG,DF,Aris,29,1993,25,20,"1,863",20.7,2,1,3,2,0,0,7,0,0.10,0.05,0.14,0.10,0.14,Matches
Reagy Ofosu,de GER,FW,Ionikos,30,1991,3,1,107,1.2,0,0,0,0,0,0,0,0,0.00,0.00,0.00,0.00,0.00,Matches
Antonios Oikonomopoulos,gr GRE,DF,Volos NFC,24,1998,5,1,136,1.5,0,0,0,0,0,0,0,0,0.00,0.00,0.00,0.00,0.00,Matches
Nélson Oliveira,pt POR,FW,PAOK,30,1991,32,24,"1,985",22.1,7,1,8,6,1,1,4,0,0.32,0.05,0.36,0.27,0.32,Matches
Viðar Örn Kjartansson,is ISL,FW,Atromitos,32,1990,31,18,"1,592",17.7,6,0,6,5,1,1,1,0,0.34,0.00,0.34,0.28,0.28,Matches
Ismahila Ouédraogo,bf BFA,MF,Volos NFC,22,1999,1,0,34,0.4,0,0,0,0,0,0,0,0,0.00,0.00,0.00,0.00,0.00,Matches
Ognjen Ožegović,rs SRB,FW,Volos NFC,28,1994,25,22,"1,935",21.5,6,0,6,5,1,1,4,0,0.28,0.00,0.28,0.23,0.23,Matches
Sebastián Palacios,ar ARG,"MF,FW",Panathinaikos,30,1992,33,29,"2,419",26.9,6,1,7,6,0,0,2,0,0.22,0.04,0.26,0.22,0.26,Matches
Giorgos Pamlidis,gr GRE,"FW,MF",PAS Giannina,28,1993,28,24,"1,922",21.4,6,1,7,6,0,0,4,0,0.28,0.05,0.33,0.28,0.33,Matches
Stavros Panagiotou,gr GRE,"DF,MF",Levadiakos,29,1993,19,16,"1,298",14.4,1,0,1,1,0,0,5,0,0.07,0.00,0.07,0.07,0.07,Matches
Epaminondas Pantelakis,gr GRE,DF,PAS Giannina,27,1995,25,23,"1,944",21.6,1,0,1,1,0,0,5,1,0.05,0.00,0.05,0.05,0.05,Matches
Kyriakos Papadopoulos,gr GRE,DF,PAS Lamia,30,1992,10,9,819,9.1,0,0,0,0,0,0,1,0,0.00,0.00,0.00,0.00,0.00,Matches
Nikos Papadopoulos,gr GRE,GK,Asteras Tripoli,32,1990,26,26,"2,340",26.0,0,0,0,0,0,0,2,0,0.00,0.00,0.00,0.00,0.00,Matches
Sokratis Papastathopoulos,gr GRE,DF,Olympiacos,34,1988,27,26,"2,326",25.8,2,0,2,2,0,0,8,1,0.08,0.00,0.08,0.08,0.08,Matches
Triantafyllos Pasaridīs,gr GRE,DF,OFI Crete,26,1996,22,21,"1,708",19.0,0,1,1,0,0,0,8,1,0.00,0.05,0.05,0.00,0.05,Matches
Alexandros Paschalakis,gr GRE,GK,Olympiacos,33,1989,24,24,"2,160",24.0,0,0,0,0,0,0,0,0,0.00,0.00,0.00,0.00,0.00,Matches
Aleksandr Pavlovets,by BLR,DF,PAS Lamia,25,1996,3,3,201,2.2,0,0,0,0,0,0,0,0,0.00,0.00,0.00,0.00,0.00,Matches
Oliver Paz Benítez,ar ARG,DF,PAS Lamia,31,1991,2,0,2,0.0,0,0,0,0,0,0,0,0,0.00,0.00,0.00,0.00,0.00,Matches
Gonzalo Paz,ar ARG,DF,Levadiakos,29,1993,12,12,"1,008",11.2,0,0,0,0,0,0,5,0,0.00,0.00,0.00,0.00,0.00,Matches
Marvin Peersman,be BEL,DF,Aris,31,1991,29,24,"2,096",23.3,0,3,3,0,0,0,4,0,0.00,0.13,0.13,0.00,0.13,Matches
Luis Perea,es ESP,MF,OFI Crete,24,1997,26,13,"1,406",15.6,1,0,1,1,0,0,6,0,0.06,0.00,0.06,0.06,0.06,Matches
Pedro Pérez Conde,es ESP,FW,PAS Giannina,34,1988,5,3,247,2.7,1,0,1,1,0,0,0,0,0.36,0.00,0.36,0.36,0.36,Matches
Rubén Pérez,es ESP,MF,Panathinaikos,33,1989,35,33,"2,921",32.5,0,2,2,0,0,0,8,0,0.00,0.06,0.06,0.00,0.06,Matches

Adrian Petre,ro ROU,FW,Levadiakos,24,1998,5,3,229,2.5,0,0,0,0,0,0,0,0,0.00,0.00,0.00,0.00,0.00,Matches
Luiz Phellype,br BRA,FW,OFI Crete,28,1993,9,3,350,3.9,1,0,1,1,0,0,1,0,0.26,0.00,0.26,0.26,0.26,Matches
Stavros Pilios,gr GRE,DF,PAS Giannina,21,2000,23,23,"2,070",23.0,0,2,2,0,0,0,5,0,0.00,0.09,0.09,0.00,0.09,Matches
Orbelín Pineda,mx MEX,"MF,FW",AEK Athens,26,1996,36,31,"2,534",28.2,9,2,11,9,0,0,5,0,0.32,0.07,0.39,0.32,0.39,Matches
Pipa,es ESP,DF,Olympiacos,24,1998,11,7,682,7.6,0,1,1,0,0,0,1,0,0.00,0.13,0.13,0.00,0.13,Matches
Frederico Pires Duarte,pt POR,"MF,FW",Panetolikos,23,1999,25,14,"1,413",15.7,1,1,2,1,0,0,3,0,0.06,0.06,0.13,0.06,0.13,Matches
Felipe Pires,br BRA,"MF,FW",Volos NFC,27,1995,17,11,937,10.4,1,0,1,1,0,0,2,1,0.10,0.00,0.10,0.10,0.10,Matches
Juha Pirinen,fi FIN,DF,Volos NFC,30,1991,24,15,"1,443",16.0,0,0,0,0,0,0,1,0,0.00,0.00,0.00,0.00,0.00,Matches
Vasilios Poghosyan,gr GRE,MF,Ionikos,24,1998,2,0,15,0.2,0,0,0,0,0,0,0,0,0.00,0.00,0.00,0.00,0.00,Matches
Achilleas Poungouras,gr GRE,DF,Panathinaikos,26,1995,8,6,631,7.0,0,0,0,0,0,0,0,0,0.00,0.00,0.00,0.00,0.00,Matches
Louis Poznanski,de GER,"DF,MF",PAS Giannina,21,2001,3,3,260,2.9,0,0,0,0,0,0,0,0,0.00,0.00,0.00,0.00,0.00,Matches
Jérôme Prior,fr FRA,GK,PAS Giannina,26,1995,3,3,231,2.6,0,0,0,0,0,0,0,0,0.00,0.00,0.00,0.00,0.00,Matches
Giorgos Prountzos,gr GRE,MF,Asteras Tripoli,18,2003,5,1,124,1.4,0,0,0,0,0,0,0,0,0.00,0.00,0.00,0.00,0.00,Matches
Konstantinos Provydakis,gr GRE,MF,PAS Lamia,26,1996,2,1,62,0.7,0,0,0,0,0,0,0,0,0.00,0.00,0.00,0.00,0.00,Matches
Tymoteusz Puchacz,pl POL,DF,Panathinaikos,23,1999,13,2,322,3.6,0,0,0,0,0,0,1,0,0.00,0.00,0.00,0.00,0.00,Matches
Nicolás Quagliata,uy URU,FW,PAOK,23,1999,3,0,25,0.3,0,0,0,0,0,0,0,0,0.00,0.00,0.00,0.00,0.00,Matches
Ampntoul Rachman Oues,sy SYR,DF,Volos NFC,24,1998,11,5,485,5.4,0,0,0,0,0,0,3,0,0.00,0.00,0.00,0.00,0.00,Matches
Andrei Radu,ro ROU,DF,PAS Giannina,26,1996,2,2,180,2.0,0,0,0,0,0,0,0,0,0.00,0.00,0.00,0.00,0.00,Matches
Ramon,br BRA,DF,Olympiacos,21,2001,9,4,417,4.6,0,1,1,0,0,0,0,1,0.00,0.22,0.22,0.00,0.22,Matches
Lazar Ranđelović,rs SRB,MF,Olympiacos,24,1997,3,2,183,2.0,1,0,1,1,0,0,0,0,0.49,0.00,0.49,0.49,0.49,Matches
Oleg Reabciuk,md MDA,DF,Olympiacos,24,1998,30,30,"2,582",28.7,1,4,5,1,0,0,6,0,0.03,0.14,0.17,0.03,0.17,Matches
Régis,br BRA,MF,Levadiakos,24,1998,2,0,16,0.2,0,0,0,0,0,0,0,0,0.00,0.00,0.00,0.00,0.00,Matches
Xesc Regis,es ESP,"MF,FW",Asteras Tripoli,25,1996,23,20,"1,721",19.1,3,2,5,3,0,0,4,0,0.16,0.10,0.26,0.16,0.26,Matches
Panagiotis Retsos,gr GRE,DF,Olympiacos,23,1998,7,4,388,4.3,0,0,0,0,0,0,0,0,0.00,0.00,0.00,0.00,0.00,Matches
André Ricardo,pt POR,FW,PAOK,21,2000,3,0,25,0.3,0,0,0,0,0,0,0,0,0.00,0.00,0.00,0.00,0.00,Matches

Daan Rienstra,nl NED,"MF,FW",PAS Giannina,29,1992,21,18,"1,361",15.1,1,0,1,1,0,0,2,0,0.07,0.00,0.07,0.07,0.07,Matches
Adrián Riera,es ESP,"MF,FW",Asteras Tripoli,26,1996,23,14,"1,027",11.4,1,2,3,1,0,0,3,1,0.09,0.18,0.26,0.09,0.26,Matches
Gaëtan Robail,fr FRA,"FW,MF",Atromitos,28,1994,33,31,"2,558",28.4,5,2,7,4,1,1,3,0,0.18,0.07,0.25,0.14,0.21,Matches
Rodinei,br BRA,DF,Olympiacos,30,1992,19,19,"1,697",18.9,0,3,3,0,0,0,5,0,0.00,0.16,0.16,0.00,0.16,Matches
Garry Rodrigues,cv CPV,"MF,FW",Olympiacos,31,1990,18,4,486,5.4,2,1,3,2,0,0,0,0,0.37,0.19,0.56,0.37,0.56,Matches
Edwin Rodríguez,hn HON,MF,Aris,22,1999,1,0,10,0.1,0,0,0,0,0,0,0,0,0.00,0.00,0.00,0.00,0.00,Matches
James Rodríguez,co COL,"MF,FW",Olympiacos,31,1991,20,18,"1,440",16.0,5,6,11,4,1,2,1,0,0.31,0.37,0.69,0.25,0.62,Matches
Lazar Romanić,rs SRB,"MF,FW",PAS Lamia,24,1998,12,7,648,7.2,0,0,0,0,0,0,1,0,0.00,0.00,0.00,0.00,0.00,Matches
Alaixys Romao,tg TOG,"DF,MF",Ionikos,38,1984,31,31,"2,726",30.3,0,0,0,0,0,0,11,1,0.00,0.00,0.00,0.00,0.00,Matches
Kevin Rosero,co COL,"FW,MF",PAS Giannina,23,1998,22,15,"1,368",15.2,4,2,6,4,0,0,1,0,0.26,0.13,0.39,0.26,0.39,Matches
Llazaros Rota,gr GRE,DF,AEK Athens,24,1997,31,28,"2,405",26.7,0,1,1,0,0,0,4,0,0.00,0.04,0.04,0.00,0.04,Matches
Dorin Rotariu,ro ROU,"MF,FW",Atromitos,27,1995,27,19,"1,595",17.7,4,0,4,4,0,0,2,0,0.23,0.00,0.23,0.23,0.23,Matches
Simon Rrumbullaku,al ALB,DF,Ionikos,30,1991,5,3,280,3.1,0,0,0,0,0,0,1,0,0.00,0.00,0.00,0.00,0.00,Matches
Lukas Rupp,de GER,MF,Aris,31,1991,8,3,330,3.7,1,1,2,1,0,0,0,0,0.27,0.27,0.55,0.27,0.55,Matches
Filip Sachpekidis,se SWE,"FW,MF",Levadiakos,25,1997,10,4,421,4.7,0,0,0,0,0,0,2,0,0.00,0.00,0.00,0.00,0.00,Matches
Emanuel Sakic,at AUT,"MF,DF",Ionikos,31,1991,26,24,"2,128",23.6,0,0,0,0,0,0,6,0,0.00,0.00,0.00,0.00,0.00,Matches
Bakary Sako,ml MLI,"MF,FW",Levadiakos,34,1988,10,2,216,2.4,0,0,0,0,0,0,1,0,0.00,0.00,0.00,0.00,0.00,Matches
Diadie Samassékou,ml MLI,MF,Olympiacos,26,1996,20,8,849,9.4,2,0,2,2,0,0,2,0,0.21,0.00,0.21,0.21,0.21,Matches
Facundo Sánchez,ar ARG,DF,Panathinaikos,32,1990,14,11,900,10.0,1,0,1,1,0,0,2,0,0.10,0.00,0.10,0.10,0.10,Matches
Daniel Santafe,es ESP,MF,Asteras Tripoli,25,1997,14,7,620,6.9,0,0,0,0,0,0,3,0,0.00,0.00,0.00,0.00,0.00,Matches
Harold Santiago Mosquera,co COL,FW,OFI Crete,27,1995,12,1,306,3.4,1,1,2,1,0,0,0,0,0.29,0.29,0.59,0.29,0.59,Matches
Giorgos Saramantas,gr GRE,DF,PAS Lamia,30,1992,9,1,224,2.5,0,0,0,0,0,0,1,0,0.00,0.00,0.00,0.00,0.00,Matches
Bojan Šaranov,rs SRB,GK,PAS Lamia,34,1987,20,19,"1,764",19.6,0,0,0,0,0,0,1,0,0.00,0.00,0.00,0.00,0.00,Matches
Zvonimir Šarlija,hr CRO,DF,Panathinaikos,25,1996,21,19,"1,594",17.7,0,2,2,0,0,0,6,0,0.00,0.11,0.11,0.00,0.11,Matches
Joan Sastre Vanrell,es ESP,DF,PAOK,25,1997,24,17,"1,673",18.6,0,1,1,0,0,0,7,0,0.00,0.05,0.05,0.00,0.05,Matches

Bart Schenkeveld,nl NED,DF,Panathinaikos,30,1991,27,26,"2,342",26.0,0,0,0,0,0,0,7,2,0.00,0.00,0.00,0.00,0.00,Matches
Stefan Schwab,at AUT,MF,PAOK,31,1990,31,14,"1,512",16.8,3,1,4,0,3,4,6,0,0.18,0.06,0.24,0.00,0.06,Matches
Sebá,br BRA,"MF,FW",Ionikos,30,1992,22,17,"1,614",17.9,2,1,3,1,1,1,2,0,0.11,0.06,0.17,0.06,0.11,Matches
Rafail Sgouros,gr GRE,MF,Aris,18,2004,5,1,58,0.6,0,0,0,0,0,0,0,0,0.00,0.00,0.00,0.00,0.00,Matches
Christos Shelis,cy CYP,DF,Volos NFC,22,2000,28,25,"2,237",24.9,0,0,0,0,0,0,8,0,0.00,0.00,0.00,0.00,0.00,Matches
Levan Shengelia,ge GEO,"FW,MF",Panetolikos,26,1995,31,22,"1,813",20.1,3,3,6,3,0,0,5,0,0.15,0.15,0.30,0.15,0.30,Matches
Marios Siampanis,gr GRE,GK,Aris,22,1999,5,5,450,5.0,0,0,0,0,0,0,0,0,0.00,0.00,0.00,0.00,0.00,Matches
Djibril Sidibé,fr FRA,DF,AEK Athens,30,1992,12,6,623,6.9,0,1,1,0,0,0,1,0,0.00,0.14,0.14,0.00,0.14,Matches
João Pedro Sousa Silva,gw GNB,FW,Panetolikos,25,1996,30,6,808,9.0,5,1,6,2,3,3,2,0,0.56,0.11,0.67,0.22,0.33,Matches
Panagiotis Simelidis,gr GRE,MF,Levadiakos,29,1992,11,6,526,5.8,0,0,0,0,0,0,2,0,0.00,0.00,0.00,0.00,0.00,Matches
David Simón,es ESP,DF,PAS Lamia,33,1988,31,29,"2,569",28.5,0,4,4,0,0,0,8,0,0.00,0.14,0.14,0.00,0.14,Matches
Sito,es ESP,MF,Asteras Tripoli,25,1996,26,18,"1,614",17.9,2,1,3,2,0,0,4,0,0.11,0.06,0.17,0.11,0.17,Matches
Michal Škvarka,sk SVK,"MF,FW",Levadiakos,29,1992,15,6,578,6.4,1,0,1,1,0,0,2,0,0.16,0.00,0.16,0.16,0.16,Matches
Vykintas Slivka,lt LTU,"MF,FW",PAS Lamia,27,1995,29,21,"1,996",22.2,1,0,1,1,0,0,5,0,0.05,0.00,0.05,0.05,0.05,Matches
Filipe Soares,pt POR,MF,PAOK,23,1999,19,5,531,5.9,1,1,2,1,0,0,3,0,0.17,0.17,0.34,0.17,0.34,Matches
Rafa Soares,pt POR,DF,PAOK,27,1995,27,26,"2,300",25.6,0,5,5,0,0,0,3,0,0.00,0.20,0.20,0.00,0.20,Matches
Kévin Soni,cm CMR,MF,Asteras Tripoli,24,1998,2,0,47,0.5,0,0,0,0,0,0,0,0,0.00,0.00,0.00,0.00,0.00,Matches
Carles Soria,es ESP,DF,PAS Giannina,25,1996,31,31,"2,787",31.0,0,6,6,0,0,0,7,0,0.00,0.19,0.19,0.00,0.19,Matches
Vasilis Soulis,gr GRE,GK,PAS Giannina,27,1994,9,8,696,7.7,0,0,0,0,0,0,2,0,0.00,0.00,0.00,0.00,0.00,Matches
Hugo Sousa,pt POR,DF,Ionikos,30,1992,18,14,"1,243",13.8,0,0,0,0,0,0,2,0,0.00,0.00,0.00,0.00,0.00,Matches
Andraž Šporar,si SVN,FW,Panathinaikos,28,1994,32,20,"1,817",20.2,11,4,15,7,4,5,3,0,0.54,0.20,0.74,0.35,0.54,Matches
Paschalis Staikos,gr GRE,MF,OFI Crete,26,1996,10,1,259,2.9,0,0,0,0,0,0,1,0,0.00,0.00,0.00,0.00,0.00,Matches
Nikola Stajić,rs SRB,DF,Panetolikos,20,2001,4,3,292,3.2,0,0,0,0,0,0,0,0,0.00,0.00,0.00,0.00,0.00,Matches
Apostolos Stamatelopoulos,au AUS,FW,PAS Giannina,23,1999,17,4,437,4.9,0,1,1,0,0,0,0,0,0.00,0.21,0.21,0.00,0.21,Matches
Caleb Stanko,us USA,MF,PAS Lamia,29,1993,10,5,490,5.4,0,0,0,0,0,0,2,1,0.00,0.00,0.00,0.00,0.00,Matches

Caleb Stanko,us USA,MF,Asteras Tripoli,29,1993,10,9,821,9.1,1,0,1,1,0,0,1,0,0.11,0.00,0.11,0.11,0.11,Matches
Cican Stankovic,at AUT,GK,AEK Athens,29,1992,6,6,540,6.0,0,0,0,0,0,0,0,0,0.00,0.00,0.00,0.00,0.00,Matches
Antonis Stergiakis,gr GRE,GK,Panetolikos,23,1999,5,5,450,5.0,0,0,0,0,0,0,2,0,0.00,0.00,0.00,0.00,0.00,Matches
Sonny Stevens,nl NED,GK,OFI Crete,30,1992,6,6,540,6.0,0,0,0,0,0,0,1,0,0.00,0.00,0.00,0.00,0.00,Matches
Stefan Stojanović,rs SRB,GK,Levadiakos,25,1997,8,8,720,8.0,0,0,0,0,0,0,0,0,0.00,0.00,0.00,0.00,0.00,Matches
Stefanos Stroungis,gr GRE,DF,Atromitos,24,1997,12,11,"1,038",11.5,0,0,0,0,0,0,2,0,0.00,0.00,0.00,0.00,0.00,Matches
Dani Suárez,es ESP,DF,Atromitos,32,1990,9,8,724,8.0,0,1,1,0,0,0,1,0,0.00,0.12,0.12,0.00,0.12,Matches
Harouna Sy,fr FRA,"DF,FW",Volos NFC,26,1996,15,10,894,9.9,0,0,0,0,0,0,2,1,0.00,0.00,0.00,0.00,0.00,Matches
Damian Szymański,pl POL,MF,AEK Athens,27,1995,30,28,"2,325",25.8,2,1,3,2,0,0,9,0,0.08,0.04,0.12,0.08,0.12,Matches
Efstathios Tachatos,gr GRE,"DF,MF",Volos NFC,20,2001,14,7,665,7.4,2,0,2,2,0,0,3,0,0.27,0.00,0.27,0.27,0.27,Matches
Taison,br BRA,MF,PAOK,34,1988,14,5,668,7.4,1,2,3,1,0,0,3,0,0.13,0.27,0.40,0.13,0.40,Matches
Christos Tasoulis,gr GRE,"DF,MF",Asteras Tripoli,31,1991,12,9,770,8.6,0,1,1,0,0,0,0,0,0.00,0.12,0.12,0.00,0.12,Matches
Giannis Theodosoulakis,gr GRE,FW,OFI Crete,17,2004,6,0,99,1.1,0,0,0,0,0,0,0,0,0.00,0.00,0.00,0.00,0.00,Matches
Léo Tilica,br BRA,"MF,FW",Asteras Tripoli,27,1995,28,16,"1,572",17.5,3,0,3,2,1,1,4,0,0.17,0.00,0.17,0.11,0.11,Matches
Jon Toral,es ESP,"MF,FW",OFI Crete,27,1995,24,21,"1,549",17.2,8,2,10,7,1,1,2,0,0.46,0.12,0.58,0.41,0.52,Matches
Zoran Tošić,rs SRB,"FW,MF",PAS Lamia,35,1987,4,0,103,1.1,2,0,2,2,0,0,0,0,1.75,0.00,1.75,1.75,1.75,Matches
Thanasis Triantafyllou,gr GRE,FW,Volos NFC,19,2003,2,0,43,0.5,0,0,0,0,0,0,0,0,0.00,0.00,0.00,0.00,0.00,Matches
Alexis Trouillet,fr FRA,MF,Panathinaikos,21,2000,1,0,19,0.2,0,0,0,0,0,0,0,0,0.00,0.00,0.00,0.00,0.00,Matches
Marios Tsaousis,gr GRE,DF,PAOK,22,2000,9,6,493,5.5,0,0,0,0,0,0,1,0,0.00,0.00,0.00,0.00,0.00,Matches
Triantafyllos Tsapras,gr GRE,"DF,MF",Levadiakos,20,2001,26,26,"2,335",25.9,2,2,4,2,0,0,3,0,0.08,0.08,0.15,0.08,0.15,Matches
Angelos Tsavos,gr GRE,DF,PAS Giannina,20,2002,3,2,133,1.5,0,0,0,0,0,0,1,0,0.00,0.00,0.00,0.00,0.00,Matches
Sarantis Tselebakis,gr GRE,FW,Volos NFC,16,2005,2,0,12,0.1,0,0,0,0,0,0,0,0,0.00,0.00,0.00,0.00,0.00,Matches
Ilias Tselios,gr GRE,MF,Volos NFC,24,1997,2,0,4,0.0,0,0,0,0,0,0,0,0,0.00,0.00,0.00,0.00,0.00,Matches
Antonis Tsiftsis,gr GRE,GK,Asteras Tripoli,23,1999,7,7,630,7.0,0,0,0,0,0,0,1,0,0.00,0.00,0.00,0.00,0.00,Matches
Angelos Tsigaras,gr GRE,MF,Panetolikos,23,1999,3,1,86,1.0,0,0,0,0,0,0,0,0,0.00,0.00,0.00,0.00,0.00,Matches

Kosmas Tsilianidis,gr GRE,"MF,FW",OFI Crete,28,1994,11,2,273,3.0,1,0,1,1,0,0,1,0,0.33,0.00,0.33,0.33,0.33,Matches
Sotiris Tsiloulis,gr GRE,"MF,FW",PAS Lamia,27,1995,26,20,"1,741",19.3,2,1,3,2,0,0,6,0,0.10,0.05,0.16,0.10,0.16,Matches
Panagiotis Tsintotas,gr GRE,GK,PAS Giannina,29,1993,15,15,"1,308",14.5,0,0,0,0,0,0,2,0,0.00,0.00,0.00,0.00,0.00,Matches
Konstantinos Tsirigotis,gr GRE,DF,Ionikos,21,2001,3,2,190,2.1,0,0,0,0,0,0,0,0,0.00,0.00,0.00,0.00,0.00,Matches
Theodoros Tsirigotis,gr GRE,FW,Levadiakos,22,2000,12,0,159,1.8,0,0,0,0,0,0,0,0,0.00,0.00,0.00,0.00,0.00,Matches
Angelos Tsiris,gr GRE,FW,PAS Giannina,17,2004,2,0,5,0.1,0,0,0,0,0,0,0,0,0.00,0.00,0.00,0.00,0.00,Matches
Tasos Tsokanis,gr GRE,MF,Volos NFC,31,1991,27,24,"1,982",22.0,4,3,7,4,0,0,2,0,0.18,0.14,0.32,0.18,0.32,Matches
Nikos Tsoukalos,gr GRE,FW,PAS Lamia,30,1992,7,0,108,1.2,0,2,2,0,0,0,1,0,0.00,1.67,1.67,0.00,1.67,Matches
Fanis Tzandaris,gr GRE,MF,PAS Lamia,29,1993,29,24,"2,060",22.9,0,2,2,0,0,0,4,0,0.00,0.09,0.09,0.00,0.09,Matches
Adam Tzanetopoulos,gr GRE,DF,PAS Lamia,27,1995,18,17,"1,575",17.5,0,0,0,0,0,0,2,0,0.00,0.00,0.00,0.00,0.00,Matches
Georgios Tzavellas,gr GRE,DF,AEK Athens,34,1987,13,10,905,10.1,0,0,0,0,0,0,5,0,0.00,0.00,0.00,0.00,0.00,Matches
Marios Tzavidas,gr GRE,FW,Atromitos,18,2003,31,10,"1,007",11.2,2,2,4,2,0,0,0,0,0.18,0.18,0.36,0.18,0.36,Matches
Panagiotis Tzimas,gr GRE,"MF,FW",PAS Giannina,21,2001,28,14,"1,428",15.9,0,2,2,0,0,0,4,0,0.00,0.13,0.13,0.00,0.13,Matches
Stefanos Tzimas,gr GRE,FW,PAOK,16,2006,4,0,46,0.5,1,0,1,1,0,0,0,0,1.96,0.00,1.96,1.96,1.96,Matches
Themistoklis Tzimopoulos,nz NZL,DF,Levadiakos,36,1985,16,8,764,8.5,0,0,0,0,0,0,5,1,0.00,0.00,0.00,0.00,0.00,Matches
Kostas Tzolakis,gr GRE,GK,Olympiacos,19,2002,7,7,630,7.0,0,0,0,0,0,0,1,0,0.00,0.00,0.00,0.00,0.00,Matches
Giorgos Tzovaras,gr GRE,FW,Atromitos,22,1999,25,1,377,4.2,3,0,3,3,0,0,2,0,0.72,0.00,0.72,0.72,0.72,Matches
Hwang Ui-jo,kr KOR,FW,Olympiacos,29,1992,5,2,144,1.6,0,1,1,0,0,0,0,0,0.00,0.62,0.62,0.00,0.62,Matches
Jacob Une Larsson,se SWE,DF,Panetolikos,28,1994,31,31,"2,744",30.5,0,1,1,0,0,0,3,0,0.00,0.03,0.03,0.00,0.03,Matches
Tomáš Vaclík,cz CZE,GK,Olympiacos,33,1989,5,5,450,5.0,0,0,0,0,0,0,0,0,0.00,0.00,0.00,0.00,0.00,Matches
Georgios Vagiannidis,gr GRE,"DF,MF",Panathinaikos,20,2001,19,7,675,7.5,0,0,0,0,0,0,0,0,0.00,0.00,0.00,0.00,0.00,Matches
Mathieu Valbuena,fr FRA,MF,Olympiacos,37,1984,18,5,622,6.9,3,2,5,3,0,0,1,0,0.43,0.29,0.72,0.43,0.72,Matches
Giorgos Valerianos,gr GRE,"DF,MF",Ionikos,30,1992,24,24,"2,159",24.0,1,2,3,1,0,0,11,1,0.04,0.08,0.13,0.04,0.13,Matches
Ivan Varone,it ITA,MF,Panetolikos,29,1992,1,0,10,0.1,0,0,0,0,0,0,0,0,0.00,0.00,0.00,0.00,0.00,Matches
Theodoros Vasilakakis,gr GRE,MF,PAS Lamia,34,1988,1,0,3,0.0,0,0,0,0,0,0,1,0,0.00,0.00,0.00,0.00,0.00,Matches

Stavros Vasilantonopoulos,gr GRE,"DF,MF",PAS Lamia,30,1992,12,6,604,6.7,0,0,0,0,0,0,0,0,0.00,0.00,0.00,0.00,0.00,Matches
Benjamin Verbič,si SVN,"MF,FW",Panathinaikos,28,1993,26,11,"1,038",11.5,2,1,3,2,0,0,2,0,0.17,0.09,0.26,0.17,0.26,Matches
Nikos Vergos,gr GRE,FW,PAS Lamia,26,1996,16,15,"1,138",12.6,4,0,4,4,0,0,1,0,0.32,0.00,0.32,0.32,0.32,Matches
Marios Vichos,gr GRE,"DF,MF",Levadiakos,22,2000,18,15,"1,389",15.4,0,0,0,0,0,0,6,1,0.00,0.00,0.00,0.00,0.00,Matches
Domagoj Vida,hr CRO,DF,AEK Athens,33,1989,31,31,"2,780",30.9,1,3,4,1,0,0,5,0,0.03,0.10,0.13,0.03,0.13,Matches
Vieirinha,pt POR,DF,PAOK,36,1986,15,7,633,7.0,0,1,1,0,0,0,1,0,0.00,0.14,0.14,0.00,0.14,Matches
Paulo Vinícius,hu HUN,DF,Levadiakos,32,1990,22,22,"1,947",21.6,1,0,1,1,0,0,6,1,0.05,0.00,0.05,0.05,0.05,Matches
Alexandros Voilis,gr GRE,FW,Panetolikos,22,2000,3,1,98,1.1,0,0,0,0,0,0,0,0,0.00,0.00,0.00,0.00,0.00,Matches
Praxitelis Vouros,gr GRE,DF,OFI Crete,27,1995,29,28,"2,554",28.4,0,0,0,0,0,0,9,0,0.00,0.00,0.00,0.00,0.00,Matches
Christos Voutsas,gr GRE,MF,Levadiakos,21,2001,2,0,23,0.3,0,0,0,0,0,0,0,0,0.00,0.00,0.00,0.00,0.00,Matches
Georgios Vrakas,gr GRE,"MF,FW",Levadiakos,21,2001,27,22,"1,901",21.1,1,1,2,1,0,0,5,0,0.05,0.05,0.09,0.05,0.09,Matches
Marious Vrousai,gr GRE,"DF,MF",Olympiacos,24,1998,19,5,601,6.7,0,0,0,0,0,0,3,0,0.00,0.00,0.00,0.00,0.00,Matches
Šime Vrsaljko,hr CRO,DF,Olympiacos,30,1992,3,3,197,2.2,0,0,0,0,0,0,1,0,0.00,0.00,0.00,0.00,0.00,Matches
Tom van Weert,nl NED,FW,Volos NFC,32,1990,3,3,270,3.0,1,0,1,1,0,0,1,0,0.33,0.00,0.33,0.33,0.33,Matches
Tom van Weert,nl NED,FW,AEK Athens,32,1990,13,3,370,4.1,5,0,5,5,0,0,0,0,1.22,0.00,1.22,1.22,1.22,Matches
Kaiyne Woolery,eng ENG,MF,Ionikos,27,1995,9,4,346,3.8,0,0,0,0,0,0,1,0,0.00,0.00,0.00,0.00,0.00,Matches
António Xavier,pt POR,"FW,MF",Levadiakos,30,1992,2,0,58,0.6,0,0,0,0,0,0,0,0,0.00,0.00,0.00,0.00,0.00,Matches
Giorgos Xenitidis,gr GRE,MF,Panetolikos,22,1999,15,6,492,5.5,0,1,1,0,0,0,1,0,0.00,0.18,0.18,0.00,0.18,Matches
Samuel Yohou,fr FRA,DF,OFI Crete,30,1991,7,4,265,2.9,0,0,0,0,0,0,1,1,0.00,0.00,0.00,0.00,0.00,Matches
Philip Zinckernagel,dk DEN,MF,Olympiacos,27,1994,1,1,59,0.7,0,0,0,0,0,0,0,0,0.00,0.00,0.00,0.00,0.00,Matches
Zine,ao ANG,FW,AEK Athens,20,2002,2,0,8,0.1,0,0,0,0,0,0,0,0,0.00,0.00,0.00,0.00,0.00,Matches
Andrija Živković,rs SRB,MF,PAOK,26,1996,33,28,"2,612",29.0,7,4,11,7,0,0,6,1,0.24,0.14,0.38,0.24,0.38,Matches
Živko Živković,rs SRB,GK,PAOK,33,1989,2,2,180,2.0,0,0,0,0,0,0,1,0,0.00,0.00,0.00,0.00,0.00,Matches
Nikolaos Zouglis,gr GRE,MF,Asteras Tripoli,18,2003,6,3,283,3.1,0,0,0,0,0,0,0,0,0.00,0.00,0.00,0.00,0.00,Matches
Steven Zuber,ch SUI,"FW,MF",AEK Athens,30,1991,28,11,"1,188",13.2,8,1,9,8,0,1,3,0,0.61,0.08,0.68,0.61,0.68,Matches

Ervin Zukanović,ba BIH,DF,Asteras Tripoli,35,1987,18,14,"1,334",14.8,1,0,1,1,0,0,4,1,0.07,0.00,0.07,0.07,0.07,Matches
Guðmundur Þórarinsson,is ISL,"MF,DF",OFI Crete,30,1992,27,20,"1,814",20.2,0,4,4,0,0,0,2,0,0.00,0.20,0.20,0.00,0.20,Matches
