Player,Nation,Position,Squad,Age,Year of birth,90s Played,Yellow Cards,Red Cards,Second Yellow Card,Fouls Committed,Fouls Drawn,Offsides,Crosses,Interceptions,Tackles Won,Penalty Kicks Won,Penalty Kicks Conceded,Own Goals,Ball Recoveries,Aerials Won,Aerials Lost,% of Aerials Won,Matches


Leroy Abanda,fr FRA,"DF,MF",R.F.C. Seraing,22,2000,7.6,2,0,0,11,3,3,33,21,6,0,0,0,42,6,6,50.0,Matches
Francis Abu,gh GHA,MF,Cercle Brugge,21,2001,18.3,4,0,0,32,21,0,9,27,38,0,1,0,180,37,31,54.4,Matches
Simon Adingra,ci CIV,"DF,FW",Union SG,20,2002,21.2,1,1,0,20,21,13,94,12,15,1,1,0,111,4,5,44.4,Matches
Brian Agbor,cm CMR,"DF,MF",Gent,21,2001,0.7,0,0,0,0,0,0,1,3,1,0,0,0,6,1,1,50.0,Matches
Enock Agyei,be BEL,"FW,MF",Mechelen,17,2005,3.7,0,0,0,1,11,1,4,0,2,0,0,0,22,1,3,25.0,Matches
Halil Akbunar,tr TUR,"MF,FW",Westerlo,28,1993,8.5,3,0,0,14,5,2,31,5,10,2,0,0,47,7,9,43.8,Matches
Alessandro Albanese,be BEL,"MF,DF",Oostende,22,2000,6.2,3,2,1,9,9,3,21,8,14,0,0,0,58,1,1,50.0,Matches
Toby Alderweireld,be BEL,DF,Antwerp,33,1989,30.0,5,0,0,19,3,0,5,21,15,0,0,0,157,56,25,69.1,Matches
Alfonso,mz MOZ,MF,Oostende,22,1999,14.4,4,0,0,22,8,0,3,26,32,0,0,0,84,6,7,46.2,Matches
Teddy Alloh,fr FRA,DF,Eupen,20,2002,4.0,2,0,0,7,5,0,2,6,2,0,0,0,16,3,10,23.1,Matches
Dinis Almeida,pt POR,DF,Antwerp,27,1995,3.5,2,0,0,3,0,0,0,1,5,0,0,0,18,11,5,68.8,Matches
Éder Álvarez Balanta,co COL,MF,Club Brugge,29,1993,3.1,0,0,0,4,6,0,1,2,9,0,0,0,23,5,2,71.4,Matches
Steven Alzate,co COL,MF,Standard Liège,23,1998,21.9,5,0,0,27,28,1,3,18,37,0,0,0,159,29,21,58.0,Matches
Selim Amallah,ma MAR,"MF,FW",Standard Liège,25,1996,8.8,4,1,1,18,19,1,3,9,8,1,0,0,47,7,14,33.3,Matches
Thierry Ambrose,gp GLP,FW,Oostende,25,1997,25.1,7,0,0,27,55,19,48,4,13,2,0,0,128,91,95,48.9,Matches
Michael Amir Murillo,pa PAN,DF,Anderlecht,26,1996,27.5,3,0,0,21,19,11,47,24,27,0,0,0,151,52,35,59.8,Matches
Francis Amuzu,be BEL,"FW,DF",Anderlecht,22,1999,25.5,4,0,0,28,57,18,87,11,16,1,1,0,79,9,21,30.0,Matches
Stelios Andreou,cy CYP,DF,Charleroi,20,2002,20.0,3,0,0,12,10,1,1,37,26,0,0,0,119,20,24,45.5,Matches
Nilson Angulo,ec ECU,"DF,FW",Anderlecht,19,2003,0.3,2,0,0,2,1,0,0,0,1,0,0,0,5,0,2,0.0,Matches
Kelvin Arase,at AUT,"MF,DF",Oostende,23,1999,5.4,0,0,0,8,3,2,7,7,11,0,0,0,41,1,5,16.7,Matches
Kristian Arnstad,no NOR,MF,Anderlecht,18,2003,14.0,5,1,0,37,40,2,28,14,21,0,0,1,78,9,16,36.0,Matches
Tolu Arokodare,ng NGA,"FW,MF",Genk,21,2000,1.5,1,0,0,2,1,2,0,0,1,0,0,0,5,8,5,61.5,Matches
Gerardo Arteaga,mx MEX,DF,Genk,23,1998,31.2,8,1,0,22,30,3,42,51,36,0,0,0,189,26,26,50.0,Matches
Majeed Ashimeru,gh GHA,MF,Anderlecht,24,1997,20.5,4,0,0,24,40,0,4,30,33,0,0,0,163,3,8,27.3,Matches
David Atanga,gh GHA,"FW,MF",Oostende,25,1996,13.9,2,1,0,17,14,3,13,8,18,0,0,0,73,14,26,35.0,Matches

Christalino Atemona,de GER,"DF,MF",Kortrijk,20,2002,6.0,0,0,0,6,3,0,7,7,6,0,0,0,36,7,7,50.0,Matches
Lynnt Audoor,be BEL,"MF,DF",Club Brugge,18,2003,0.9,0,0,0,2,6,0,0,1,1,0,0,0,5,3,3,50.0,Matches
Felipe Avenatti,uy URU,FW,Kortrijk,29,1993,21.6,6,0,0,31,26,10,6,3,15,0,1,0,66,127,81,61.1,Matches
Gastón Ávila,ar ARG,DF,Antwerp,20,2001,10.9,0,0,0,14,23,0,20,24,23,0,1,0,69,15,6,71.4,Matches
Oussama El Azzouzi,ma MAR,MF,Union SG,21,2001,5.7,0,1,0,9,7,1,0,17,8,0,0,0,37,10,7,58.8,Matches
Abou-Malal Ba,fr FRA,MF,R.F.C. Seraing,24,1998,7.3,2,0,0,16,5,0,2,17,4,0,0,0,44,3,8,27.3,Matches
Youssouph Badji,sn SEN,"FW,MF",Charleroi,20,2001,13.2,2,0,0,15,20,4,5,3,4,0,0,0,44,70,45,60.9,Matches
Bilal Bafdili,be BEL,"MF,FW",Mechelen,17,2004,0.2,0,0,0,0,0,0,0,0,0,0,0,0,2,1,0,100.0,Matches
Jonas Bager,dk DEN,DF,Charleroi,26,1996,19.1,4,0,0,21,12,1,3,33,27,0,0,0,109,42,31,57.5,Matches
Brandon Baiye,be BEL,MF,Eupen,21,2000,5.2,0,1,0,5,2,0,2,9,13,0,0,0,32,5,9,35.7,Matches
Michel-Ange Balikwisha,be BEL,FW,Antwerp,21,2001,20.7,0,0,0,19,54,8,80,20,26,0,0,0,110,1,6,14.3,Matches
William Balikwisha,cd COD,"MF,FW",Standard Liège,23,1999,25.6,3,1,1,23,39,8,67,45,32,0,0,1,180,4,9,30.8,Matches
Mateo Barać,hr CRO,DF,Oostende,28,1994,4.3,0,0,0,3,1,0,2,9,3,0,0,0,42,7,5,58.3,Matches
Jacob Barrett Laursen,dk DEN,"DF,MF",Standard Liège,27,1994,8.2,2,1,0,14,6,0,36,11,5,0,0,1,35,11,8,57.9,Matches
Jelle Bataille,be BEL,DF,Antwerp,23,1999,22.1,2,0,0,15,25,2,42,29,54,1,0,0,147,10,14,41.7,Matches
David Bates,sct SCO,DF,Mechelen,25,1996,22.1,6,1,1,33,11,1,0,28,16,0,0,0,118,55,36,60.4,Matches
Nick Bätzner,de GER,"FW,MF",Oostende,22,2000,21.0,4,0,0,19,14,5,53,12,23,0,0,0,127,12,33,26.7,Matches
Robert Bauer,de GER,DF,Sint-Truiden,27,1995,21.0,6,1,0,28,18,0,11,51,25,0,1,0,128,20,20,50.0,Matches
Nadhir Benbouali,dz ALG,"FW,MF",Charleroi,22,2000,8.3,3,0,0,15,4,9,1,1,1,0,0,0,12,32,46,41.0,Matches
Amine Benchaib,ma MAR,MF,Kortrijk,24,1998,0.8,0,1,0,2,0,0,4,0,1,0,0,0,1,0,1,0.0,Matches
Ján Bernát,sk SVK,MF,Westerlo,21,2001,2.2,3,0,0,6,7,0,8,1,1,1,0,0,10,1,5,16.7,Matches
Antoine Bernier,be BEL,"FW,MF",R.F.C. Seraing,24,1997,19.3,1,0,0,27,51,2,28,9,6,3,0,0,85,8,29,21.6,Matches
Mohamed Berte,be BEL,FW,Oostende,20,2002,3.0,1,0,0,6,11,1,1,0,6,0,0,0,23,3,3,50.0,Matches
Loïc Bessile,tg TOG,DF,Charleroi,23,1999,6.9,0,0,0,3,2,0,2,20,11,0,0,0,25,8,13,38.1,Matches
Loïc Bessile,tg TOG,DF,Eupen,23,1999,5.8,0,1,0,7,1,0,1,15,9,0,1,0,31,13,7,65.0,Matches

Lucas Bijker,nl NED,DF,Mechelen,29,1993,1.7,1,0,0,2,0,0,1,4,3,0,0,0,12,0,3,0.0,Matches
Nathan Bitumazala,fr FRA,"MF,DF",Eupen,19,2002,9.8,1,0,0,7,6,2,21,3,8,0,0,0,45,4,7,36.4,Matches
Eric Bocat,fr FRA,DF,Sint-Truiden,23,1999,15.7,2,0,0,11,25,0,42,37,20,1,0,0,125,10,14,41.7,Matches
Arnaud Bodart,be BEL,GK,Standard Liège,24,1998,34.0,2,1,0,1,1,0,0,2,0,0,0,0,32,11,0,100.0,Matches
Merveille Bokadi,cd COD,DF,Standard Liège,30,1992,30.7,4,0,0,18,28,0,2,37,37,1,1,1,235,44,36,55.0,Matches
Sinan Bolat,tr TUR,GK,Westerlo,33,1988,33.0,6,0,0,1,7,0,0,0,0,0,1,0,41,8,0,100.0,Matches
Boli Bolingoli-Mbombo,be BEL,DF,Mechelen,27,1995,13.7,6,0,0,22,10,2,16,28,26,0,0,0,101,18,17,51.4,Matches
Aleksandar Boljević,me MNE,"DF,FW",Standard Liège,26,1995,2.3,1,0,0,1,4,1,23,1,5,1,0,0,4,1,1,50.0,Matches
Adrien Bongiovanni,be BEL,MF,Charleroi,22,1999,0.0,0,0,0,0,0,0,0,0,0,0,0,0,0,0,0,,Matches
Victor Boniface,ng NGA,FW,Union SG,21,2000,24.7,2,0,0,18,38,12,17,8,4,0,0,0,85,40,48,45.5,Matches
Viktor Boone,be BEL,DF,Union SG,24,1998,0.5,1,0,0,2,1,0,0,0,0,0,0,0,2,0,2,0.0,Matches
Indy Boonen,be BEL,"FW,MF",Oostende,23,1999,4.3,1,0,0,2,6,1,15,1,7,0,0,0,21,2,5,28.6,Matches
Sammy Bossut,be BEL,GK,Zulte Waregem,36,1985,22.0,1,0,0,0,1,0,0,0,1,0,0,0,29,2,0,100.0,Matches
Louis Bostyn,be BEL,GK,Zulte Waregem,28,1993,12.0,0,0,0,1,1,0,0,0,0,0,1,0,14,2,0,100.0,Matches
Mehdi Boukamir,ma MAR,DF,Charleroi,18,2004,8.2,1,1,0,6,5,0,0,13,8,0,0,0,53,15,20,42.9,Matches
Frank Boya,cm CMR,MF,Sint-Truiden,26,1996,25.9,6,0,0,49,33,1,18,42,44,1,0,0,251,80,45,64.0,Matches
Dedryck Boyata,be BEL,DF,Club Brugge,31,1990,6.1,1,0,0,4,2,0,0,6,4,0,1,0,33,10,4,71.4,Matches
Stan Braem,be BEL,"FW,MF",Zulte Waregem,23,1998,2.2,1,0,0,2,1,0,2,1,4,0,0,0,11,4,11,26.7,Matches
Christian Brüls,be BEL,"MF,FW",Sint-Truiden,33,1988,14.0,2,0,0,12,17,0,98,14,25,0,0,0,85,19,18,51.4,Matches
Christian Brüls,be BEL,"MF,FW",Zulte Waregem,33,1988,11.2,3,1,1,19,20,1,63,7,12,0,0,0,85,8,8,50.0,Matches
Gianni Bruno,be BEL,FW,Sint-Truiden,30,1991,23.2,4,0,0,19,25,18,54,5,7,0,0,0,94,27,47,36.5,Matches
Massimo Bruno,be BEL,"MF,DF",Kortrijk,28,1993,13.4,3,0,0,15,13,2,26,7,19,0,1,0,107,7,6,53.8,Matches
Tajon Buchanan,ca CAN,"DF,FW",Club Brugge,23,1999,18.0,6,0,0,22,43,6,53,10,14,2,0,0,86,4,19,17.4,Matches
Denys Bunchukov,ua UKR,MF,R.F.C. Seraing,19,2003,3.3,0,0,0,8,0,0,1,3,4,0,1,0,18,2,11,15.4,Matches
Christian Burgess,eng ENG,DF,Union SG,30,1991,30.3,10,0,0,25,14,0,1,51,26,0,0,0,196,105,56,65.2,Matches

Jean Butez,fr FRA,GK,Antwerp,27,1995,34.0,1,0,0,1,4,0,0,1,0,0,1,0,55,9,1,90.0,Matches
Mathieu Cachbach,be BEL,MF,R.F.C. Seraing,21,2001,18.9,6,0,0,28,36,0,15,23,18,0,0,0,105,10,19,34.5,Matches
Alexandro Calut,be BEL,"DF,MF",Standard Liège,19,2003,0.3,2,1,1,2,0,0,0,0,0,0,0,0,2,0,0,,Matches
Cihan Çanak,tr TUR,"MF,FW",Standard Liège,17,2005,10.0,4,0,0,25,21,1,27,6,21,0,0,0,54,5,16,23.8,Matches
Brecht Capon,be BEL,"DF,MF",Oostende,34,1988,12.4,0,0,0,15,15,0,16,17,17,0,1,0,69,14,19,42.4,Matches
Rasmus Carstensen,dk DEN,DF,Genk,21,2000,0.6,0,0,0,1,0,0,3,1,1,0,0,0,9,0,0,,Matches
Nicolás Castro,ar ARG,"MF,FW",Genk,21,2000,6.5,0,0,0,6,8,2,15,7,13,0,0,0,41,1,1,50.0,Matches
Alessio Castro-Montes,be BEL,"DF,MF",Gent,25,1997,20.3,6,0,0,25,28,3,86,37,39,0,0,0,135,16,11,59.3,Matches
Nacer Chadli,be BEL,"MF,FW",Westerlo,32,1989,14.4,0,0,0,9,10,6,13,6,6,0,0,0,58,22,26,45.8,Matches
Youssef Challouk,be BEL,"DF,FW",Kortrijk,26,1995,0.1,0,1,0,1,2,0,0,0,1,0,0,0,0,0,0,,Matches
Regan Charles-Cook,gd GRN,"FW,DF",Eupen,25,1997,24.5,4,0,0,33,54,11,50,12,26,0,2,0,133,15,37,28.8,Matches
Isaac Christie-Davies,wls WAL,MF,Eupen,24,1997,14.8,3,0,0,35,4,3,14,13,20,0,0,0,105,13,19,40.6,Matches
Gojko Cimirot,ba BIH,"MF,DF",Standard Liège,29,1992,23.4,6,1,1,19,12,0,14,25,22,0,0,0,156,1,6,14.3,Matches
Alessandro Ciranni,be BEL,DF,Zulte Waregem,26,1996,22.8,5,0,0,35,13,4,109,28,38,0,1,0,100,9,21,30.0,Matches
Valentin Cojocaru,ro ROU,GK,OH Leuven,26,1995,34.0,1,0,0,0,8,0,0,3,1,0,0,0,45,7,0,100.0,Matches
Sérgio Conceição,pt POR,"DF,MF",R.F.C. Seraing,25,1996,8.3,1,0,0,5,8,2,68,8,11,0,0,0,48,6,7,46.2,Matches
Jo Coppens,be BEL,GK,Sint-Truiden,31,1990,3.1,1,0,0,0,0,0,0,0,0,0,0,0,2,0,0,,Matches
Kobe Corbanie,be BEL,"DF,MF",Antwerp,17,2005,0.4,0,0,0,0,1,0,1,1,0,0,0,0,1,1,1,50.0,Matches
Gaëtan Coucke,be BEL,GK,Mechelen,23,1998,28.9,0,0,0,1,3,0,0,0,0,0,0,0,46,7,0,100.0,Matches
Alessio da Cruz,,"MF,FW",Mechelen,25,1997,20.2,3,1,0,27,43,6,15,9,13,0,0,0,68,27,33,45.0,Matches
Carlos Cuesta,co COL,DF,Genk,23,1999,28.1,5,0,0,31,9,0,0,37,25,0,2,0,119,50,43,53.8,Matches
Hugo Cuypers,be BEL,FW,Gent,25,1997,29.8,1,0,0,10,17,18,15,16,30,0,0,0,86,60,83,42.0,Matches
Maxime D'Arpino,fr FRA,"DF,MF",Oostende,26,1996,1.3,0,0,0,0,2,0,14,0,7,0,0,0,14,1,0,100.0,Matches
Kristof D'haene,be BEL,"DF,MF",Kortrijk,32,1990,26.1,5,1,0,26,17,3,108,17,23,1,1,0,125,6,21,22.2,Matches
Robbie D'Haese,be BEL,"MF,DF",Oostende,23,1999,13.2,0,1,0,9,9,1,28,23,18,0,1,0,82,9,14,39.1,Matches

Erdon Daci,mk MKD,FW,Westerlo,24,1998,1.9,0,0,0,4,1,2,5,0,0,0,0,0,2,5,4,55.6,Matches
Jón Dagur Þorsteinsson,is ISL,"FW,MF",OH Leuven,23,1998,23.6,8,0,0,26,36,6,73,14,35,0,0,0,87,11,15,42.3,Matches
Ameen Al-Dakhil,be BEL,DF,Sint-Truiden,20,2002,15.5,5,1,1,18,3,0,2,25,16,0,0,0,87,19,12,61.3,Matches
Jesper Daland,no NOR,DF,Cercle Brugge,22,2000,30.1,8,0,0,36,20,2,2,36,26,0,1,0,235,101,49,67.3,Matches
Osher Davida,il ISR,"FW,MF",Standard Liège,21,2001,5.6,2,0,0,12,5,5,8,2,4,0,0,0,25,0,7,0.0,Matches
Jason Davidson,au AUS,DF,Eupen,31,1991,29.6,5,0,0,32,13,4,45,36,33,0,1,2,192,62,59,51.2,Matches
Davo,es ESP,"FW,MF",Eupen,27,1994,1.3,1,0,0,3,1,0,2,0,2,0,0,0,10,0,3,0.0,Matches
Laurens De Bock,be BEL,DF,Zulte Waregem,29,1992,0.1,0,0,0,0,0,0,0,0,0,0,0,0,1,1,0,100.0,Matches
Alexandre De Bruyn,be BEL,"MF,FW",Kortrijk,28,1994,1.3,0,0,0,0,0,0,3,2,1,0,0,0,5,0,0,,Matches
Wout De Buyser,be BEL,"DF,MF",Zulte Waregem,21,2001,0.4,1,0,0,1,0,0,5,1,0,0,0,0,3,0,0,,Matches
Maxim De Cuyper,be BEL,DF,Westerlo,21,2000,32.8,5,0,0,21,30,1,147,59,51,0,2,0,236,35,26,57.4,Matches
Ritchie De Laet,be BEL,DF,Antwerp,33,1988,23.0,11,0,0,33,18,5,27,35,17,1,0,0,121,25,21,54.3,Matches
Dion De Neve,be BEL,"DF,MF",Kortrijk,20,2002,5.0,0,0,0,2,2,0,17,3,10,0,0,0,35,3,7,30.0,Matches
Noah De Ridder,be BEL,DF,Gent,18,2003,0.0,0,0,0,0,0,0,0,0,0,0,0,0,1,0,0,,Matches
Julien De Sart,be BEL,MF,Gent,27,1994,16.6,4,0,0,22,20,0,14,41,34,0,0,0,160,64,35,64.6,Matches
Zeno Debast,be BEL,DF,Anderlecht,18,2003,32.2,4,0,0,29,14,0,16,28,22,0,0,0,173,28,24,53.8,Matches
Robbe Decostere,be BEL,"DF,MF",Cercle Brugge,24,1998,8.6,2,0,0,11,7,0,10,8,4,0,1,0,39,8,15,34.8,Matches
Hannes Delcroix,be BEL,DF,Anderlecht,23,1999,12.9,1,0,0,8,5,0,7,23,16,0,0,0,63,24,22,52.2,Matches
Olivier Deman,be BEL,"DF,MF",Cercle Brugge,22,2000,27.1,7,1,1,33,41,2,89,45,50,1,0,0,173,36,24,60.0,Matches
Pape Demba Diop,sn SEN,MF,Zulte Waregem,18,2003,0.4,0,0,0,0,2,0,0,1,0,0,0,0,3,0,0,,Matches
Mahamadou Dembélé,fr FRA,MF,R.F.C. Seraing,23,1999,0.9,0,0,0,0,1,0,0,1,0,0,0,0,6,0,1,0.0,Matches
Dylan Demuynck,be BEL,"MF,FW",Zulte Waregem,18,2004,0.1,0,0,0,0,1,1,0,1,0,0,0,0,1,0,1,0.0,Matches
Kévin Denkey,tg TOG,FW,Cercle Brugge,21,2000,25.7,1,1,0,44,49,24,11,8,15,0,1,0,89,85,130,39.5,Matches
Jerome Deom,be BEL,MF,Eupen,23,1999,5.6,3,1,0,11,8,0,2,6,11,0,0,0,34,2,1,66.7,Matches
Laurent Depoitre,be BEL,FW,Gent,33,1988,10.4,0,0,0,7,16,6,4,1,5,1,0,0,22,41,33,55.4,Matches

Timothy Derijck,be BEL,DF,Zulte Waregem,35,1987,19.0,5,0,0,30,8,0,2,22,17,0,1,0,114,31,16,66.0,Matches
Anthony Descotte,be BEL,"FW,DF",Charleroi,18,2003,1.5,1,0,0,4,0,0,2,1,2,0,0,0,3,6,4,60.0,Matches
Cyriel Dessers,ng NGA,FW,Genk,27,1994,2.6,0,0,0,6,1,0,0,0,0,0,0,0,8,2,2,50.0,Matches
Dorian Dessoleil,be BEL,DF,Kortrijk,29,1992,12.5,4,0,0,13,6,2,0,20,9,0,1,0,57,18,20,47.4,Matches
Gilles Dewaele,be BEL,DF,Standard Liège,26,1996,7.8,4,0,0,8,5,2,19,16,12,0,1,0,39,9,11,45.0,Matches
Sieben Dewaele,be BEL,MF,Oostende,23,1999,14.7,3,0,0,25,15,0,25,24,40,0,1,0,96,6,21,22.2,Matches
Ibrahim Diakité,gn GUI,"DF,MF",Eupen,18,2003,3.8,1,0,0,13,5,1,5,4,5,0,0,0,21,5,4,55.6,Matches
Amadou Diawara,gn GUI,MF,Anderlecht,25,1997,17.3,7,1,1,20,18,1,3,20,28,0,0,0,111,5,6,45.5,Matches
Matisse Didden,be BEL,DF,Genk,20,2001,0.0,0,0,0,0,0,0,0,0,0,0,0,0,0,0,1,0.0,Matches
Tuur Dierckx,be BEL,"MF,FW",Westerlo,27,1995,13.7,3,0,0,7,22,3,57,14,8,0,0,0,74,6,16,27.3,Matches
Guillaume Dietsch,fr FRA,GK,R.F.C. Seraing,21,2001,23.0,0,0,0,0,3,0,0,1,0,0,0,0,32,8,0,100.0,Matches
Novatus Dismas,tz TAN,"DF,MF",Zulte Waregem,19,2002,25.8,10,1,1,52,24,1,65,51,46,0,1,1,171,37,29,56.1,Matches
Josué Doke,tg TOG,"DF,FW",Charleroi,18,2004,0.2,0,0,0,0,0,0,0,1,1,0,0,0,4,0,0,,Matches
Joren Dom,be BEL,"MF,DF",OH Leuven,32,1989,13.4,1,0,0,5,15,1,10,22,10,0,0,0,65,25,27,48.1,Matches
Jean-Luc Dompé,fr FRA,"FW,MF",Zulte Waregem,26,1995,3.2,0,0,0,0,2,1,16,0,1,0,0,0,12,0,1,0.0,Matches
Arnaud Dony,be BEL,"DF,MF",Union SG,18,2004,1.0,0,0,0,4,1,0,4,1,2,0,0,0,8,0,1,0.0,Matches
Nene Dorgeles,ml MLI,"FW,MF",Westerlo,19,2002,16.5,3,1,0,10,15,12,18,11,20,1,0,0,63,7,18,28.0,Matches
Denis Drăguș,ro ROU,FW,Standard Liège,23,1999,11.3,4,0,0,18,17,2,0,2,15,0,0,0,30,2,12,14.3,Matches
Oleksandr Drambaiev,ua UKR,"DF,MF",Zulte Waregem,21,2001,13.7,1,0,0,8,19,3,43,23,21,0,0,0,84,7,20,25.9,Matches
Anders Dreyer,dk DEN,FW,Anderlecht,24,1998,13.0,0,0,0,8,13,4,45,8,4,1,0,0,31,1,7,12.5,Matches
Olivier Dumont,be BEL,MF,Sint-Truiden,20,2002,4.1,1,0,0,6,3,0,6,6,1,0,0,0,27,1,5,16.7,Matches
Julien Duranville,be BEL,"DF,MF",Anderlecht,16,2006,3.0,1,0,0,3,2,0,10,1,4,0,0,0,7,0,0,,Matches
Ivan Durdov,hr CRO,"FW,MF",Oostende,22,2000,4.0,0,0,0,2,8,6,1,0,2,0,0,0,5,24,17,58.5,Matches
Noë Dussenne,be BEL,DF,Standard Liège,30,1992,26.9,6,0,0,30,29,1,7,53,43,0,0,0,155,70,29,70.7,Matches
Pierre Dwomoh,be BEL,MF,Oostende,18,2004,3.4,0,0,0,3,4,0,1,5,4,0,0,0,23,5,6,45.5,Matches

Nikolas Dyhr,dk DEN,DF,Kortrijk,21,2001,0.1,0,0,0,0,0,0,0,0,0,0,0,0,0,0,2,0.0,Matches
Aron Dønnum,no NOR,"DF,MF",Standard Liège,24,1998,27.9,4,0,0,24,49,3,145,26,27,1,0,0,168,12,11,52.2,Matches
Dennis Eckert,de GER,FW,Union SG,25,1997,2.3,0,0,0,2,3,1,2,0,0,0,0,0,8,6,4,60.0,Matches
Jurgen Ekkelenkamp,nl NED,MF,Antwerp,22,2000,20.8,4,0,0,17,24,3,25,11,23,1,0,0,90,15,32,31.9,Matches
Simon Elisor,fr FRA,FW,R.F.C. Seraing,23,1999,6.6,6,0,0,3,10,5,0,3,1,1,0,0,10,26,32,44.8,Matches
Renaud Emond,be BEL,FW,Standard Liège,30,1991,6.3,3,1,1,10,14,4,0,1,4,0,0,0,14,9,14,39.1,Matches
Gustav Engvall,se SWE,"FW,DF",Mechelen,26,1996,0.8,0,0,0,0,0,0,0,0,1,0,0,0,3,0,0,,Matches
Sebastiano Esposito,it ITA,FW,Anderlecht,20,2002,5.7,0,0,0,13,11,4,25,4,6,0,0,0,24,4,13,23.5,Matches
Alieu Fadera,gm GAM,"FW,DF",Zulte Waregem,20,2001,30.2,7,0,0,56,106,28,56,20,76,1,0,0,180,17,48,26.2,Matches
Matias Fernandez-Pardo,be BEL,DF,Gent,17,2005,0.1,0,0,0,0,0,0,0,0,0,0,0,0,0,0,0,,Matches
Karol Fila,pl POL,DF,Zulte Waregem,24,1998,10.7,4,0,0,20,5,0,12,19,19,0,1,0,87,16,13,55.2,Matches
Oleksandr Filin,ru RUS,DF,Eupen,26,1996,8.1,2,0,0,8,7,0,1,13,9,0,0,0,49,13,11,54.2,Matches
Viktor Fischer,dk DEN,FW,Antwerp,28,1994,0.7,0,0,0,1,2,1,2,0,0,0,0,0,3,1,0,100.0,Matches
Mathias Fixelles,be BEL,"MF,FW",Westerlo,25,1996,18.2,4,0,0,31,27,3,32,22,33,0,0,0,155,8,11,42.1,Matches
Malick Fofana,be BEL,"DF,FW",Gent,17,2005,8.5,0,0,0,2,20,2,19,5,9,0,0,0,33,1,6,14.3,Matches
Núrio Fortuna,ao ANG,DF,Gent,27,1995,10.8,2,0,0,23,19,4,22,17,15,0,1,0,57,14,7,66.7,Matches
Marlon Fossey,us USA,"MF,DF",Standard Liège,23,1998,18.7,3,0,0,11,14,4,31,36,20,0,1,0,89,21,21,50.0,Matches
Lyle Foster,za RSA,FW,Westerlo,21,2000,17.2,3,0,0,20,23,16,4,2,2,1,0,0,31,22,33,40.0,Matches
Guillaume François,be BEL,DF,Union SG,32,1990,5.0,2,1,0,13,3,0,9,7,7,0,0,0,30,3,3,50.0,Matches
Michael Frey,ch SUI,FW,Antwerp,28,1994,6.2,0,0,0,5,8,4,3,0,4,0,0,0,17,14,13,51.9,Matches
Matías Galarza,ar ARG,"MF,FW",Genk,20,2002,0.9,2,0,0,1,3,0,0,1,2,0,0,0,12,2,2,50.0,Matches
Timothy Galje,be BEL,GK,R.F.C. Seraing,21,2001,7.0,1,0,0,0,1,0,0,0,0,0,0,0,4,0,0,,Matches
João Gamboa,pt POR,"MF,DF",OH Leuven,25,1996,1.0,0,0,0,1,3,0,0,0,0,0,0,0,5,0,4,0.0,Matches
Zinho Gano,gw GNB,FW,Zulte Waregem,28,1993,16.9,1,0,0,23,29,15,3,1,2,0,0,0,31,95,65,59.4,Matches
Djeidi Gassama,fr FRA,"FW,MF",Eupen,18,2003,8.0,1,0,0,21,24,6,14,3,13,1,0,0,30,7,16,30.4,Matches

Yann Gboho,fr FRA,"FW,MF",Cercle Brugge,21,2001,7.7,0,0,0,13,15,1,3,2,5,0,0,0,52,8,22,26.7,Matches
Pieter Gerkens,be BEL,MF,Antwerp,26,1995,16.0,2,0,0,18,14,1,6,10,15,0,0,0,60,40,28,58.8,Matches
Jay-Dee Geusens,be BEL,FW,Genk,20,2002,0.0,0,0,0,0,0,0,2,1,0,0,0,0,0,0,0,,Matches
Ali Gholizadeh,ir IRN,"MF,FW",Charleroi,26,1996,10.8,0,0,0,6,7,2,29,4,3,0,0,0,47,2,6,25.0,Matches
Jo Gilis,be BEL,FW,OH Leuven,22,2000,0.0,0,0,0,1,0,0,0,0,0,0,0,0,1,0,0,,Matches
Nick Gillekens,be BEL,GK,Westerlo,27,1995,1.0,0,0,0,0,0,0,0,0,0,0,0,0,1,0,1,0.0,Matches
Bruno Godeau,be BEL,DF,Gent,30,1992,6.5,4,0,0,10,0,0,1,6,6,0,1,0,35,9,8,52.9,Matches
Sergio Gómez,es ESP,DF,Anderlecht,21,2000,0.1,0,0,0,0,0,0,1,0,0,0,0,0,1,0,0,,Matches
Vagner Gonçalves,cv CPV,"FW,MF",R.F.C. Seraing,26,1996,15.8,5,1,1,26,38,10,76,1,14,0,0,0,46,14,36,28.0,Matches
Mario González,es ESP,FW,OH Leuven,26,1996,18.2,0,0,0,12,12,8,0,1,0,2,0,0,41,27,36,42.9,Matches
Jan Gorenc,si SVN,DF,Eupen,23,1999,2.0,0,0,0,3,1,0,0,7,1,0,0,0,10,5,3,62.5,Matches
Fernand Gouré,ci CIV,MF,Westerlo,20,2002,0.0,0,0,0,0,0,0,0,0,0,0,0,0,0,0,0,,Matches
Milan Govaers,be BEL,DF,Oostende,18,2004,0.1,0,0,0,0,0,0,0,0,0,0,0,0,0,0,0,,Matches
Makhtar Gueye,sn SEN,"MF,FW",Oostende,24,1997,0.4,1,0,0,1,1,2,0,0,1,0,0,0,1,4,0,100.0,Matches
Valentin Guillaume,be BEL,"MF,FW",R.F.C. Seraing,21,2001,5.3,1,0,0,13,1,2,16,7,2,0,0,0,23,5,12,29.4,Matches
Muhammed Gümüskaya,tr TUR,"FW,MF",Westerlo,21,2001,2.1,0,0,0,1,4,0,5,1,3,0,0,0,13,2,1,66.7,Matches
Pape Habib Guèye,sn SEN,FW,Kortrijk,22,1999,13.4,5,1,0,38,22,7,2,5,10,0,0,0,36,43,69,38.4,Matches
Anouar Ait El Hadj,be BEL,"MF,FW",Anderlecht,20,2002,1.1,0,0,0,0,0,1,2,0,2,0,0,0,7,0,0,,Matches
Anouar Ait El Hadj,be BEL,"FW,MF",Genk,20,2002,1.4,0,0,0,0,3,3,4,0,1,0,0,0,9,0,1,0.0,Matches
Geoffry Hairemans,be BEL,"FW,MF",Mechelen,30,1991,27.8,2,0,0,38,30,5,177,21,24,0,0,0,156,45,55,45.0,Matches
Luqman Hakim,my MAS,FW,Kortrijk,20,2002,0.0,0,0,0,0,0,0,0,0,0,0,0,0,1,0,0,,Matches
Lennert Hallaert,be BEL,"FW,DF",Zulte Waregem,19,2003,1.8,0,0,0,1,0,4,8,0,3,0,0,0,6,0,5,0.0,Matches
Andreas Hanche-Olsen,no NOR,DF,Gent,25,1997,4.4,0,0,0,0,1,0,1,7,4,0,0,0,29,7,3,70.0,Matches
Taichi Hara,jp JPN,FW,Sint-Truiden,23,1999,5.6,1,0,0,7,6,2,2,2,1,0,1,0,14,39,44,47.0,Matches
Arthur Harinck,be BEL,DF,Zulte Waregem,17,2004,0.0,0,0,0,0,0,0,0,0,0,0,0,0,0,0,0,,Matches

Faris Haroun,be BEL,MF,Antwerp,36,1985,0.0,1,0,0,1,0,0,0,0,0,0,0,0,2,0,0,,Matches
Daiki Hashioka,jp JPN,"DF,MF",Sint-Truiden,23,1999,30.6,3,0,0,36,28,1,123,49,38,0,1,0,130,113,85,57.1,Matches
Ibe Hautekiet,be BEL,DF,Standard Liège,20,2002,0.1,0,0,0,1,0,0,0,0,1,0,0,0,4,0,0,,Matches
Daichi Hayashi,jp JPN,FW,Sint-Truiden,25,1997,22.1,3,0,0,49,31,16,19,6,12,2,0,0,52,12,30,28.6,Matches
Heitor,br BRA,DF,Cercle Brugge,21,2000,1.6,1,0,0,4,1,0,4,1,3,0,0,0,12,1,2,33.3,Matches
Jack Hendry,sct SCO,DF,Club Brugge,27,1995,4.3,1,0,0,3,2,2,0,5,3,0,0,0,16,13,0,100.0,Matches
David Henen,tg TOG,"DF,FW",Kortrijk,26,1996,7.5,1,0,0,11,9,2,19,7,3,0,0,0,61,8,9,47.1,Matches
Jorge Hernandez,us USA,"MF,FW",Mechelen,21,2000,1.4,1,0,0,3,2,0,3,2,1,0,0,0,10,0,0,,Matches
Daan Heymans,be BEL,"MF,FW",Charleroi,23,1999,19.1,3,0,0,19,13,1,5,8,20,1,0,0,90,47,48,49.5,Matches
Bryan Heynen,be BEL,MF,Genk,25,1997,30.9,5,0,0,45,41,4,10,36,35,1,0,0,161,72,61,54.1,Matches
Andrew Hjulsager,dk DEN,"MF,FW",Gent,27,1995,12.7,0,0,0,25,26,4,81,6,18,0,1,0,61,3,5,37.5,Matches
Wesley Hoedt,nl NED,DF,Anderlecht,28,1994,14.3,1,0,0,7,6,3,2,19,12,0,1,1,71,38,19,66.7,Matches
Raphael Holzhauser,at AUT,"FW,MF",OH Leuven,29,1993,7.0,1,0,0,1,15,1,46,0,1,0,0,0,20,3,6,33.3,Matches
Fraser Hornby,sct SCO,FW,Oostende,22,1999,17.9,6,0,0,22,19,13,22,8,5,0,0,0,61,105,109,49.1,Matches
Amirhossein Hosseinzadeh,ir IRN,"MF,FW",Charleroi,21,2000,12.2,3,0,0,18,8,3,18,7,18,0,0,0,69,12,13,48.0,Matches
Dino Hotić,ba BIH,"MF,FW",Cercle Brugge,27,1995,21.6,2,0,0,25,32,3,162,11,17,1,0,0,113,12,29,29.3,Matches
Patrik Hrošovský,sk SVK,MF,Genk,30,1992,33.5,3,0,0,28,48,0,14,42,41,0,0,0,294,16,28,36.4,Matches
David Hubert,be BEL,MF,Zulte Waregem,34,1988,0.0,0,0,0,0,0,0,0,0,0,0,0,0,0,0,0,,Matches
Guillaume Hubert,be BEL,GK,Oostende,28,1994,22.0,0,0,0,0,3,0,0,0,1,0,0,0,26,10,0,100.0,Matches
Hong Hyunseok,kr KOR,"MF,FW",Gent,23,1999,26.5,1,0,0,14,36,0,91,24,41,1,0,0,150,12,26,31.6,Matches
Franck Idumbo,be BEL,FW,OH Leuven,20,2002,0.2,0,0,0,0,2,0,0,0,0,0,0,0,0,0,0,,Matches
Ejaita Ifoni,ng NGA,FW,R.F.C. Seraing,21,2000,2.0,0,0,0,0,2,1,0,1,0,0,0,0,5,5,7,41.7,Matches
Marco Ilaimaharitra,mg MAD,MF,Charleroi,27,1995,29.7,9,0,0,35,47,0,19,33,36,0,0,0,246,19,17,52.8,Matches
Marko Ilić,rs SRB,GK,Kortrijk,24,1998,17.0,1,0,0,0,6,0,0,0,0,0,0,0,21,6,1,85.7,Matches
Abdulrazaq Ishaq,ng NGA,"DF,MF",Anderlecht,20,2002,1.5,1,1,0,4,0,0,2,2,2,0,0,0,6,1,3,25.0,Matches

Vakoun Issouf Bayo,ci CIV,FW,Charleroi,25,1997,9.7,2,0,0,21,14,4,2,4,6,0,0,0,32,36,38,48.6,Matches
Junya Ito,jp JPN,FW,Genk,29,1993,1.0,0,0,0,0,1,0,4,1,2,0,0,0,5,1,0,100.0,Matches
Vincent Janssen,nl NED,FW,Antwerp,28,1994,25.6,6,0,0,43,52,24,12,6,21,0,1,0,66,66,63,51.2,Matches
Wolke Janssens,be BEL,DF,Sint-Truiden,27,1995,24.8,6,0,0,34,7,0,22,51,49,0,0,1,148,44,29,60.3,Matches
James Jeggo,au AUS,MF,Eupen,30,1992,10.0,5,0,0,18,14,0,0,19,13,1,2,0,58,10,10,50.0,Matches
Edisson Jordanov,bg BUL,DF,Westerlo,29,1993,14.5,2,0,0,21,24,1,45,13,25,0,0,0,65,12,8,60.0,Matches
Ferran Jutglà,es ESP,FW,Club Brugge,23,1999,21.7,3,0,0,15,28,5,5,10,4,0,0,0,62,31,56,35.6,Matches
Abdelkahar Kadri,dz ALG,"MF,FW",Kortrijk,22,2000,13.6,4,0,0,16,20,1,9,20,29,0,1,0,109,9,11,45.0,Matches
Shinji Kagawa,jp JPN,"MF,FW",Sint-Truiden,33,1989,8.0,3,0,0,7,16,1,27,2,4,0,0,0,48,6,12,33.3,Matches
Marco Kana,be BEL,MF,Anderlecht,19,2002,3.9,1,0,0,5,1,0,0,7,4,0,0,0,28,3,2,60.0,Matches
Ismaël Kandouss,ma MAR,DF,Union SG,24,1997,23.7,3,0,0,20,9,3,5,42,25,0,1,0,146,47,28,62.7,Matches
Fanos Katelaris,cy CYP,DF,Oostende,25,1996,9.9,3,1,1,6,2,0,6,20,6,0,0,1,49,20,16,55.6,Matches
Fatih Kaya,,"FW,MF",Sint-Truiden,22,1999,1.9,0,1,0,8,3,1,0,0,2,0,0,0,8,2,8,20.0,Matches
Joris Kayembe,cd COD,DF,Charleroi,27,1994,26.6,5,0,0,30,29,2,91,56,47,0,0,0,202,18,15,54.5,Matches
Emilio Kehrer,de GER,"FW,MF",Cercle Brugge,20,2002,1.8,0,0,0,2,1,1,1,2,2,0,0,0,8,1,1,50.0,Matches
Habib Keita,ml MLI,MF,Kortrijk,20,2002,12.7,7,1,1,20,41,1,25,24,28,0,0,0,95,8,15,34.8,Matches
Mandela Keita,be BEL,"MF,DF",OH Leuven,20,2002,2.6,1,0,0,3,3,0,0,2,5,0,0,0,14,6,4,60.0,Matches
Mandela Keita,be BEL,MF,Antwerp,20,2002,9.4,0,0,0,16,25,0,0,19,20,0,0,0,66,10,6,62.5,Matches
Sibiry Keita,ml MLI,DF,Eupen,21,2001,0.1,0,0,0,0,0,0,0,1,0,0,0,0,0,0,0,,Matches
Gyrano Kerk,sr SUR,FW,Antwerp,26,1995,9.5,1,0,0,13,16,10,7,4,11,1,0,0,44,4,13,23.5,Matches
Bilal El Khannouss,ma MAR,MF,Genk,18,2004,24.5,3,1,1,28,28,3,29,7,27,0,0,0,127,21,36,36.8,Matches
Gerald Kilota,fr FRA,"DF,MF",R.F.C. Seraing,28,1994,4.0,0,0,0,2,10,0,8,4,4,0,0,0,21,3,5,37.5,Matches
Sofian Kiyine,ma MAR,MF,OH Leuven,24,1997,11.7,3,0,0,36,15,0,64,7,15,0,0,0,67,5,9,35.7,Matches
Stefan Knežević,ch SUI,DF,Charleroi,25,1996,14.3,5,0,0,25,11,0,0,33,21,0,0,0,73,32,24,57.1,Matches
Hervé Koffi,bf BFA,GK,Charleroi,25,1996,28.0,3,0,0,1,8,0,0,2,1,0,0,0,37,9,0,100.0,Matches

Aboubakary Koita,mr MTN,"DF,MF",Sint-Truiden,23,1998,15.1,3,2,0,15,23,1,34,31,17,2,1,0,89,12,15,44.4,Matches
Mory Konaté,gn GUI,MF,Sint-Truiden,28,1993,21.6,6,2,1,38,30,1,4,28,22,0,0,0,132,41,25,62.1,Matches
Jan Král,cz CZE,DF,Eupen,23,1999,5.1,3,0,0,6,2,0,1,6,4,0,0,0,28,14,5,73.7,Matches
Léandre Kuavita,be BEL,"MF,FW",Standard Liège,18,2004,0.1,0,0,0,0,0,0,0,0,0,0,0,0,0,0,0,,Matches
Mykola Kukharevych,ua UKR,"FW,DF",OH Leuven,21,2001,0.6,0,0,0,5,2,0,0,0,1,0,0,0,0,4,2,66.7,Matches
Sven Kums,be BEL,MF,Gent,34,1988,30.0,2,1,0,28,13,0,96,27,32,0,0,0,216,40,35,53.3,Matches
Sami Lahssaini,be BEL,MF,R.F.C. Seraing,23,1998,16.7,5,0,0,28,34,0,6,29,30,0,0,0,139,4,8,33.3,Matches
Konstantinos Laifis,cy CYP,DF,Standard Liège,29,1993,26.3,6,1,0,20,14,2,8,38,22,0,2,0,139,58,47,55.2,Matches
Boris lambert,be BEL,"DF,MF",Eupen,22,2000,28.7,5,0,0,27,15,0,4,77,49,0,0,1,180,60,67,47.2,Matches
Didier Lamkel Zé,cm CMR,"FW,MF",Kortrijk,25,1996,9.5,3,0,0,7,23,4,27,1,4,0,0,0,41,27,29,48.2,Matches
Noa Lang,nl NED,FW,Club Brugge,23,1999,20.7,4,0,0,17,35,8,101,4,16,3,0,0,91,5,14,26.3,Matches
Loïc Lapoussin,mg MAD,DF,Union SG,26,1996,24.5,3,0,0,19,44,3,65,35,42,1,0,0,229,7,11,38.9,Matches
Cyle Larin,ca CAN,FW,Club Brugge,27,1995,2.2,1,0,0,4,6,0,0,1,3,0,0,0,8,2,11,15.4,Matches
Dimitri Lavalée,be BEL,"DF,MF",Mechelen,25,1997,19.5,5,1,1,26,8,1,16,45,24,0,2,0,117,43,26,62.3,Matches
Toni Leistner,de GER,DF,Sint-Truiden,31,1990,23.9,3,0,0,19,15,3,2,46,16,0,0,1,135,59,29,67.0,Matches
Darko Lemajić,rs SRB,"FW,MF",Gent,28,1993,2.3,2,0,0,10,2,0,0,0,0,0,0,0,4,21,8,72.4,Matches
Theo Leoni,be BEL,MF,Anderlecht,22,2000,1.0,0,0,0,4,0,0,1,4,2,0,0,0,9,0,0,,Matches
Christophe Lepoint,be BEL,"DF,MF",R.F.C. Seraing,37,1984,21.6,5,0,0,34,12,3,0,28,22,0,1,1,111,35,27,56.5,Matches
Andrea Librici,be BEL,FW,Sint-Truiden,17,2004,0.1,0,0,0,1,0,0,0,0,1,0,0,0,0,0,1,0.0,Matches
Lucas Lissens,be BEL,DF,Anderlecht,21,2001,0.2,0,0,0,0,0,0,0,0,2,0,0,0,1,2,0,100.0,Matches
Stjepan Lončar,ba BIH,MF,Kortrijk,25,1996,13.1,4,0,0,13,5,0,33,19,15,0,0,0,114,12,13,48.0,Matches
Borja López,es ESP,DF,Zulte Waregem,28,1994,15.8,4,1,0,21,13,0,7,20,15,0,1,0,101,28,19,59.6,Matches
Jhon Lucumí,co COL,DF,Genk,24,1998,3.0,0,0,0,1,0,0,0,6,3,0,0,0,24,2,1,66.7,Matches
Senne Lynen,be BEL,MF,Union SG,23,1999,29.6,8,0,0,28,21,0,72,66,45,1,1,0,218,21,17,55.3,Matches
Koki Machida,jp JPN,DF,Union SG,24,1997,6.5,1,0,0,6,3,0,6,11,8,0,0,0,43,14,6,70.0,Matches

Nicolas Madsen,dk DEN,MF,Westerlo,22,2000,25.7,1,0,0,8,21,0,69,34,15,0,0,0,189,22,15,59.5,Matches
Mathieu Maertens,be BEL,"FW,MF",OH Leuven,27,1995,22.4,4,0,0,33,55,10,30,15,18,0,0,0,91,16,25,39.0,Matches
Tyreek Magee,jm JAM,"FW,MF",Eupen,22,1999,1.0,0,0,0,0,0,0,1,1,0,0,0,0,9,0,2,0.0,Matches
Gary Magnée,be BEL,"MF,DF",Eupen,22,1999,24.4,7,1,1,19,14,9,30,36,37,0,1,0,180,18,33,35.3,Matches
Radosław Majecki,pl POL,GK,Cercle Brugge,22,1999,27.5,1,0,0,0,2,0,0,0,0,0,0,0,29,5,1,83.3,Matches
Yonas Malede,il ISR,"FW,MF",Mechelen,22,1999,12.8,1,0,0,21,28,9,26,2,7,1,0,0,38,14,33,29.8,Matches
Kristiyan Malinov,bg BUL,MF,OH Leuven,28,1994,14.7,7,0,0,31,19,0,2,23,19,0,1,0,82,13,22,37.1,Matches
Benson Manuel,ao ANG,FW,Antwerp,25,1997,0.3,0,0,0,0,0,0,0,0,0,0,0,0,2,0,1,0.0,Matches
Jean Marcelin,fr FRA,DF,Cercle Brugge,22,2000,8.3,4,0,0,13,6,3,0,11,15,0,2,1,62,44,10,81.5,Matches
Damien Marcq,fr FRA,DF,Charleroi,33,1988,16.3,5,1,1,21,10,0,1,37,19,0,1,0,128,37,35,51.4,Matches
Sulayman Marreh,gm GAM,MF,Gent,26,1996,4.4,4,0,0,12,5,0,2,3,7,0,0,0,34,7,6,53.8,Matches
Timothy Martin,lu LUX,GK,R.F.C. Seraing,21,2001,4.0,1,0,0,0,2,0,0,0,0,0,0,0,2,1,0,100.0,Matches
Clinton Mata,ao ANG,DF,Club Brugge,29,1992,17.3,5,0,0,18,40,1,49,37,21,1,0,0,113,10,5,66.7,Matches
Yusuke Matsuo,jp JPN,"FW,MF",Westerlo,25,1997,5.1,1,0,0,6,7,1,4,0,2,0,0,0,28,2,5,28.6,Matches
Nekadio Mayanga,,DF,R.F.C. Seraing,20,2002,1.0,0,0,0,2,2,0,0,7,0,0,0,0,7,8,1,88.9,Matches
Noah Mbamba,be BEL,MF,Club Brugge,17,2005,0.8,0,0,0,1,2,0,0,0,2,0,0,0,4,1,1,50.0,Matches
Dylan Mbayo,be BEL,"FW,MF",Kortrijk,20,2001,7.6,1,0,0,9,12,1,12,2,5,0,0,0,25,0,2,0.0,Matches
Isaac Mbenza,be BEL,"FW,DF",Charleroi,26,1996,24.8,2,0,0,10,15,11,85,14,18,0,0,0,88,3,2,60.0,Matches
Moustapha Mbow,sn SEN,DF,R.F.C. Seraing,22,2000,24.6,6,1,0,11,14,0,0,37,17,0,1,1,159,30,20,60.0,Matches
Cameron McGeehan,nir NIR,MF,Oostende,27,1995,18.0,5,0,0,34,15,2,16,17,23,1,0,0,120,25,37,40.3,Matches
Mark McKenzie,us USA,DF,Genk,23,1999,30.0,4,0,0,27,8,0,0,44,21,0,1,0,188,86,50,63.2,Matches
Dapo Mebude,sct SCO,"FW,MF",Oostende,21,2001,2.5,0,1,0,4,6,3,4,3,3,0,0,0,11,5,9,35.7,Matches
Brandon Mechele,be BEL,DF,Club Brugge,29,1993,28.6,6,0,0,22,9,0,2,49,32,0,2,2,163,76,40,65.5,Matches
Zech Medley,eng ENG,DF,Oostende,22,2000,10.3,4,0,0,11,1,0,6,19,14,0,3,0,56,15,17,46.9,Matches
Nayel Mehssatou,cl CHI,"DF,MF",Kortrijk,20,2002,20.6,3,0,0,17,16,0,27,27,33,0,0,0,119,6,16,27.3,Matches

Bjorn Meijer,nl NED,DF,Club Brugge,19,2003,26.3,3,0,0,21,16,6,77,32,22,0,0,0,140,35,33,51.5,Matches
Filippo Melegoni,it ITA,"MF,DF",Standard Liège,23,1999,8.2,4,0,0,13,10,1,29,14,15,0,0,0,50,2,5,28.6,Matches
Hamza Mendyl,ma MAR,DF,OH Leuven,24,1997,22.9,8,1,0,22,15,1,36,43,30,0,3,0,114,11,9,55.0,Matches
Billel Messaoudi,dz ALG,"FW,MF",Kortrijk,24,1997,18.3,2,0,0,36,33,21,10,3,10,0,0,0,70,33,39,45.8,Matches
Senna Miangue,be BEL,DF,Cercle Brugge,25,1997,4.8,1,0,0,8,0,0,2,11,5,0,1,0,20,21,7,75.0,Matches
Simon Mignolet,be BEL,GK,Club Brugge,34,1988,34.0,0,0,0,0,4,0,0,0,0,0,0,0,70,6,1,85.7,Matches
Lucas Mineiro,br BRA,MF,Westerlo,26,1996,5.6,1,0,0,10,10,0,0,6,14,0,0,0,30,9,9,50.0,Matches
Koji Miyoshi,jp JPN,FW,Antwerp,25,1997,7.1,0,0,0,5,11,1,15,10,14,0,0,0,35,1,5,16.7,Matches
Ryota Morioka,jp JPN,MF,Charleroi,31,1991,11.1,2,0,0,20,15,0,36,15,19,0,0,0,94,11,10,52.4,Matches
Anthony Moris,lu LUX,GK,Union SG,32,1990,34.0,4,0,0,2,6,0,0,0,0,0,2,0,48,9,0,100.0,Matches
Lennart Moser,de GER,GK,Eupen,22,1999,30.5,0,0,0,2,4,0,0,0,0,0,1,0,39,4,3,57.1,Matches
Marius Mouandilmadji,td CHA,FW,R.F.C. Seraing,25,1997,21.5,4,0,0,28,17,21,0,3,5,1,0,0,41,77,113,40.5,Matches
Kerim Mrabti,se SWE,"MF,FW",Mechelen,28,1994,9.4,3,0,0,10,8,2,6,18,8,0,0,0,51,7,19,26.9,Matches
Arbnor Muja,al ALB,FW,Antwerp,23,1998,15.3,2,0,0,21,18,15,41,6,19,0,0,0,91,10,19,34.5,Matches
Ngal'Ayel Mukau,,"MF,FW",Mechelen,17,2004,1.1,1,0,0,3,3,0,0,1,4,0,0,0,13,4,2,66.7,Matches
Daniel Muñoz,co COL,DF,Genk,26,1996,29.0,9,0,0,43,24,6,39,52,46,2,0,0,157,29,17,63.0,Matches
Andy Musayev,be BEL,"FW,MF",Oostende,19,2003,2.3,2,0,0,3,7,0,4,1,2,0,0,0,12,2,5,28.6,Matches
Steve Mvoué,cm CMR,MF,R.F.C. Seraing,20,2002,12.8,2,1,1,18,13,0,7,14,19,0,1,0,91,23,20,53.5,Matches
Moussa N'Diaye,sn SEN,DF,Anderlecht,20,2002,9.6,1,1,0,9,29,0,5,9,20,0,0,0,68,10,7,58.8,Matches
Ignace N'Dri,ci CIV,"FW,MF",Eupen,21,2000,23.3,3,0,0,31,57,23,21,4,24,2,0,0,75,8,60,11.8,Matches
Stanley N'Soki,fr FRA,DF,Club Brugge,23,1999,1.7,0,0,0,3,1,0,0,3,1,0,0,0,8,1,2,33.3,Matches
Radja Nainggolan,be BEL,MF,Antwerp,34,1988,7.4,2,0,0,11,7,0,46,5,2,0,0,0,31,1,7,12.5,Matches
Paul Nardi,fr FRA,GK,Gent,28,1994,24.0,1,0,0,1,1,0,0,0,0,0,0,0,33,3,2,60.0,Matches
Théo Ndicka,fr FRA,"DF,MF",Oostende,22,2000,13.6,3,0,0,10,25,7,48,9,12,2,0,0,69,3,10,23.1,Matches
Alioune Ndour,sn SEN,"FW,DF",Zulte Waregem,24,1997,13.3,2,0,0,29,19,6,33,11,16,0,1,0,73,16,25,39.0,Matches

András Németh,hu HUN,FW,Genk,19,2002,4.1,0,0,0,6,9,2,0,1,1,1,0,0,14,12,12,50.0,Matches
Roman Neustädter,ru RUS,"DF,MF",Westerlo,34,1988,21.1,4,0,0,8,6,1,0,38,22,1,0,0,138,27,24,52.9,Matches
Michael Ngadeu-Ngadjui,cm CMR,DF,Gent,31,1990,29.6,6,1,0,28,11,3,1,46,25,0,0,0,194,61,27,69.3,Matches
Pierre-Yves Ngawa,be BEL,DF,OH Leuven,30,1992,0.2,0,0,0,0,1,0,0,0,1,0,0,0,1,0,1,0.0,Matches
Julien Ngoy,be BEL,FW,Mechelen,24,1997,17.2,2,0,0,25,14,10,5,1,11,0,0,0,33,8,28,22.2,Matches
Nathan Ngoy,be BEL,DF,Standard Liège,19,2003,3.4,2,0,0,3,1,0,1,5,6,0,0,0,16,0,5,0.0,Matches
Casper Nielsen,dk DEN,MF,Club Brugge,28,1994,26.8,4,0,0,41,36,8,132,40,38,0,0,0,138,27,37,42.2,Matches
Bart Nieuwkoop,nl NED,DF,Union SG,26,1996,24.3,9,0,0,34,13,2,61,46,43,0,0,1,120,34,25,57.6,Matches
Gustaf Nilsson,se SWE,FW,Union SG,25,1997,9.9,3,0,0,20,11,3,2,1,9,0,0,0,29,39,24,61.9,Matches
Ken Nkuba,be BEL,DF,Charleroi,20,2002,23.2,11,0,0,38,24,2,107,31,44,0,0,0,139,14,15,48.3,Matches
Casper de Norre,be BEL,MF,OH Leuven,25,1997,33.9,1,0,0,21,20,3,13,43,36,0,0,1,255,13,13,50.0,Matches
Lucas Noubi,be BEL,DF,Standard Liège,17,2005,3.8,0,0,0,1,3,0,0,4,8,0,0,0,19,5,5,50.0,Matches
Bruny Nsimba,be BEL,"FW,DF",Antwerp,22,2000,1.4,0,0,0,2,2,0,2,0,1,0,0,0,7,1,5,16.7,Matches
Nachon Nsingi,be BEL,FW,OH Leuven,21,2001,12.7,2,1,0,12,14,5,6,2,5,0,0,0,23,4,15,21.1,Matches
Isaac Nuhu,gh GHA,"FW,MF",Eupen,20,2002,11.9,2,0,0,21,32,8,27,6,9,0,0,0,47,5,13,27.8,Matches
Manaf Nurudeen,gh GHA,GK,Eupen,23,1999,3.5,0,0,0,0,0,0,0,1,0,0,0,0,14,0,1,0.0,Matches
Antonio Nusa,no NOR,FW,Club Brugge,17,2005,6.2,1,0,0,3,19,1,11,3,4,1,0,0,24,1,8,11.1,Matches
Vadis Odjidja-Ofoe,be BEL,MF,Gent,33,1989,14.8,2,0,0,15,14,0,17,16,17,0,1,0,106,13,10,56.5,Matches
Denis Odoi,gh GHA,"DF,MF",Club Brugge,34,1988,21.0,7,0,0,36,25,0,18,36,18,0,0,0,129,27,26,50.9,Matches
Lorenzo Offermann,be BEL,FW,Eupen,20,2002,0.1,0,0,0,0,0,1,0,0,1,0,0,0,2,0,1,0.0,Matches
Chinonso Offor,ng NGA,"FW,MF",Zulte Waregem,22,2000,5.2,4,0,0,16,6,4,2,2,3,0,0,0,15,32,25,56.1,Matches
Noah Ohio,nl NED,FW,Standard Liège,19,2003,10.2,2,0,0,20,11,8,2,0,4,1,0,0,28,13,19,40.6,Matches
Shinji Okazaki,jp JPN,"MF,FW",Sint-Truiden,36,1986,28.3,1,0,0,33,46,8,13,28,23,0,0,0,97,45,80,36.0,Matches
Joseph Okumu,ke KEN,DF,Gent,25,1997,26.1,1,1,0,13,22,0,9,65,27,0,0,0,210,42,28,60.0,Matches
Kristoffer Olsson,se SWE,MF,Anderlecht,27,1995,0.5,0,0,0,1,2,0,0,0,2,0,0,0,8,1,1,50.0,Matches

Paul Onuachu,ng NGA,FW,Genk,28,1994,13.1,3,0,0,31,32,4,0,0,5,0,0,0,28,34,35,49.3,Matches
Raphael Onyedika,ng NGA,MF,Club Brugge,21,2001,21.8,8,0,0,48,33,0,3,27,38,0,0,0,204,17,16,51.5,Matches
Daniel Opare,gh GHA,DF,R.F.C. Seraing,31,1990,18.4,3,1,0,12,18,1,25,27,15,0,0,0,131,17,24,41.5,Matches
Nathan Opoku,gh GHA,FW,OH Leuven,21,2001,3.7,0,0,0,3,4,3,3,3,2,0,0,0,19,7,15,31.8,Matches
Gift Orban,ng NGA,FW,Gent,20,2002,8.7,2,0,0,7,4,7,4,1,3,0,0,0,25,5,25,16.7,Matches
Manuel Osifo,be BEL,"MF,DF",Oostende,19,2003,2.5,0,0,0,3,1,0,0,6,4,0,0,0,12,2,0,100.0,Matches
Owen Otasowie,us USA,DF,Club Brugge,21,2001,0.7,0,0,0,0,0,0,0,2,2,0,0,0,9,1,0,100.0,Matches
Aziz Ouattara,ci CIV,"MF,DF",Genk,21,2001,4.6,2,0,0,8,1,0,1,3,9,0,1,0,36,14,7,66.7,Matches
Dylan Ouédraogo,bf BFA,DF,OH Leuven,24,1998,12.7,3,0,0,13,4,0,13,25,14,0,0,0,75,23,18,56.1,Matches
Samuel Oum Gouet,cm CMR,MF,Mechelen,24,1997,3.3,1,0,0,4,0,0,3,4,3,0,0,0,20,5,5,50.0,Matches
Elisha Owusu,gh GHA,MF,Gent,24,1997,5.1,2,0,0,15,11,0,2,12,6,0,1,0,54,3,4,42.9,Matches
Luca Oyen,be BEL,"FW,MF",Genk,19,2003,0.6,0,0,0,2,0,0,1,0,0,0,0,0,3,0,1,0.0,Matches
Valentine Ozornwafor,ng NGA,DF,Charleroi,23,1999,0.6,1,0,0,2,0,0,0,0,0,0,0,0,5,2,1,66.7,Matches
Willian Pacho,ec ECU,DF,Antwerp,20,2001,32.2,3,0,0,25,10,1,1,54,34,0,0,0,231,58,39,59.8,Matches
Rune Paeshuyse,be BEL,DF,Eupen,20,2002,24.1,3,0,0,16,7,0,2,42,20,0,2,0,107,35,27,56.5,Matches
Joseph Paintsil,gh GHA,FW,Genk,24,1998,26.1,8,0,0,30,55,23,54,13,23,1,1,0,136,4,14,22.2,Matches
Kevor Palumets,ee EST,MF,Zulte Waregem,19,2002,0.5,0,0,0,3,0,0,0,3,1,0,0,0,1,1,0,100.0,Matches
Louis Patris,be BEL,DF,OH Leuven,21,2001,30.9,5,0,0,49,15,5,42,76,78,2,1,0,159,43,38,53.1,Matches
Pierre Patron,fr FRA,GK,Charleroi,24,1997,6.0,0,0,0,0,3,0,0,0,0,0,0,0,10,0,0,,Matches
Damjan Pavlovic,rs SRB,DF,Standard Liège,21,2001,0.1,0,0,0,1,0,0,0,2,1,0,0,0,0,0,0,,Matches
Stef Peeters,be BEL,MF,Eupen,30,1992,29.9,12,1,1,47,29,1,187,16,37,0,1,0,218,13,36,26.5,Matches
Pietro Perdichizzi,be BEL,DF,Westerlo,29,1992,14.4,4,1,0,17,12,2,1,24,8,0,3,0,78,49,35,58.3,Matches
Stipe Perica,hr CRO,FW,Standard Liège,27,1995,11.5,3,0,0,13,10,13,1,1,3,0,0,0,21,13,49,21.0,Matches
Jens Petter Hauge,no NOR,"DF,MF",Gent,22,1999,3.8,1,0,0,5,6,0,7,3,2,0,0,0,28,2,0,100.0,Matches
Thibault Peyre,fr FRA,DF,Mechelen,29,1992,13.5,0,0,0,15,3,0,0,26,18,0,1,0,49,39,18,68.4,Matches

Dillon Phillips,eng ENG,GK,Oostende,27,1995,12.0,1,0,0,0,0,0,0,0,0,0,0,0,18,1,0,100.0,Matches
Kamil Piątkowski,pl POL,DF,Gent,22,2000,8.8,2,0,0,9,6,1,11,30,15,0,0,0,59,11,15,42.3,Matches
Ewoud Pletinckx,be BEL,DF,OH Leuven,21,2000,31.2,0,0,0,17,7,0,3,34,41,0,1,0,154,52,44,54.2,Matches
Morgan Poaty,cg CGO,"DF,MF",R.F.C. Seraing,25,1997,23.2,2,0,0,14,22,1,92,24,21,0,0,1,132,12,18,40.0,Matches
Boris Popović,rs SRB,DF,Cercle Brugge,22,2000,32.2,5,1,1,40,14,3,2,62,16,0,1,1,127,127,106,54.5,Matches
Ángelo Preciado,ec ECU,"DF,FW",Genk,24,1998,11.2,4,1,0,24,21,2,31,16,17,0,2,0,52,10,4,71.4,Matches
Smail Prevljak,ba BIH,FW,Eupen,27,1995,22.8,3,0,0,23,32,9,2,0,8,2,0,0,54,25,37,40.3,Matches
Cameron Puertas,ch SUI,MF,Union SG,23,1998,9.0,2,0,0,21,20,0,15,13,23,0,0,0,78,10,9,52.6,Matches
Aleksandar Radovanović,rs SRB,DF,Kortrijk,28,1993,9.7,2,0,0,9,7,0,1,15,12,0,1,0,39,28,16,63.6,Matches
Toon Raemaekers,be BEL,"DF,MF",Mechelen,21,2000,0.2,0,0,0,1,0,0,0,0,0,0,0,0,0,2,0,100.0,Matches
Benito Raman,be BEL,FW,Anderlecht,27,1994,9.0,2,1,1,6,1,7,10,3,9,0,0,0,29,2,15,11.8,Matches
Dani Ramírez,es ESP,"FW,MF",Zulte Waregem,30,1992,4.4,1,1,0,3,3,0,7,2,3,0,0,0,35,1,1,50.0,Matches
Nicolas Raskin,be BEL,MF,Standard Liège,21,2001,15.2,2,0,0,21,14,1,18,7,31,0,1,0,97,10,9,52.6,Matches
Christiaan Ravych,be BEL,DF,Cercle Brugge,20,2002,19.3,4,0,0,20,16,0,1,29,26,0,1,0,113,39,44,47.0,Matches
Lior Refaelov,il ISR,"MF,FW",Anderlecht,36,1986,15.1,4,0,0,21,27,6,100,8,17,1,0,0,61,4,7,36.4,Matches
Martin Regáli,sk SVK,FW,Kortrijk,28,1993,5.2,1,0,0,5,2,4,5,1,3,0,0,0,12,2,4,33.3,Matches
Rocco Reitz,de GER,MF,Sint-Truiden,20,2002,9.0,0,0,0,13,3,0,22,22,26,0,0,0,59,3,9,25.0,Matches
Bryan Reynolds,us USA,DF,Westerlo,21,2001,23.1,4,0,0,19,30,0,40,32,27,2,0,0,167,16,24,40.0,Matches
Federico Ricca,uy URU,DF,OH Leuven,27,1994,28.0,8,0,0,29,23,0,1,45,23,1,1,0,176,58,43,57.4,Matches
Mats Rits,be BEL,"MF,FW",Club Brugge,29,1993,7.9,0,0,0,6,3,1,16,9,3,0,0,0,28,5,11,31.3,Matches
Milan Robberechts,be BEL,"DF,MF",Mechelen,18,2004,0.6,0,0,0,1,3,0,1,0,3,0,0,0,3,0,1,0.0,Matches
Kenny Rocha Santos,cv CPV,MF,Oostende,22,2000,13.9,7,0,0,15,13,1,50,13,22,0,0,0,111,13,9,59.1,Matches
Matej Rodin,hr CRO,DF,Oostende,26,1996,16.0,4,0,0,28,20,2,1,31,23,0,0,0,115,59,29,67.0,Matches
José Rodríguez,es ESP,MF,Union SG,27,1994,3.4,2,0,0,5,2,0,1,2,7,0,0,0,30,1,1,50.0,Matches
Davy Roef,be BEL,GK,Gent,28,1994,10.0,0,0,0,0,1,0,0,0,0,0,0,0,7,0,0,,Matches

Nicolas Rommens,be BEL,MF,Zulte Waregem,27,1994,26.6,6,0,0,30,24,0,108,40,32,1,0,0,158,37,33,52.9,Matches
Kyriani Sabbe,be BEL,"DF,MF",Club Brugge,17,2005,0.5,0,0,0,0,0,0,3,2,0,0,0,0,3,0,0,,Matches
Mujaid Sadick,es ESP,DF,Genk,22,2000,5.6,1,0,0,5,2,1,0,8,12,0,0,0,35,10,11,47.6,Matches
Noah Sadiki,cd COD,"DF,MF",Anderlecht,17,2004,4.5,2,0,0,9,8,2,3,5,8,0,0,0,17,4,9,30.8,Matches
Richie Sagrado,be BEL,DF,OH Leuven,18,2004,0.8,0,0,0,1,2,0,0,2,2,0,0,0,2,1,1,50.0,Matches
Tatsuhiro Sakamoto,jp JPN,"MF,DF",Oostende,25,1996,29.1,3,0,0,32,50,0,135,22,44,0,2,0,151,29,28,50.9,Matches
Ibrahim Salah,ma MAR,FW,Gent,20,2001,9.0,1,0,0,13,7,4,13,2,8,0,0,0,50,6,12,33.3,Matches
Mo Salah,be BEL,FW,Union SG,18,2004,0.4,0,0,0,0,1,0,1,0,0,0,0,0,1,0,0,,Matches
Mbwana Samatta,tz TAN,FW,Genk,29,1992,13.3,2,0,0,22,26,8,10,4,9,0,0,0,44,32,52,38.1,Matches
Marsoni Sambu,ao ANG,"DF,MF",R.F.C. Seraing,26,1996,22.7,6,0,0,24,20,4,41,51,38,0,0,0,183,20,10,66.7,Matches
Matisse Samoise,be BEL,"DF,MF",Gent,20,2001,21.8,2,0,0,30,38,1,56,35,38,0,0,0,148,15,14,51.7,Matches
Aske Sampers,be BEL,"FW,MF",Cercle Brugge,21,2001,0.2,0,0,0,1,1,0,0,0,1,0,0,0,4,1,1,50.0,Matches
Cisse Sandra,be BEL,"MF,FW",Club Brugge,18,2003,0.5,0,0,0,0,1,0,3,1,1,0,0,0,6,0,1,0.0,Matches
Mamadou Sangare,ml MLI,"FW,MF",Zulte Waregem,20,2002,4.3,2,0,0,7,7,0,4,5,2,0,0,0,17,6,13,31.6,Matches
Killian Sardella,be BEL,DF,Anderlecht,20,2002,12.5,3,0,0,13,11,0,17,15,20,0,0,1,92,20,21,48.8,Matches
Joël Schingtienne,be BEL,MF,OH Leuven,19,2002,0.0,0,0,0,0,0,0,0,0,0,0,0,0,1,0,0,,Matches
Daniel Schmidt,jp JPN,GK,Sint-Truiden,30,1992,30.9,0,0,0,0,6,0,0,1,0,0,0,0,36,14,1,93.3,Matches
Rob Schoofs,be BEL,MF,Mechelen,28,1994,25.2,5,1,0,17,40,5,42,34,18,1,0,0,178,13,18,41.9,Matches
Siebe Schrijvers,be BEL,"MF,FW",OH Leuven,26,1996,12.2,3,0,0,17,18,3,66,23,19,1,0,0,85,12,17,41.4,Matches
Christopher Scott,de GER,"FW,MF",Antwerp,20,2002,3.1,1,0,0,4,5,2,7,3,1,1,0,0,13,3,10,23.1,Matches
Rubin Seigers,be BEL,DF,Westerlo,24,1998,18.4,1,0,0,14,1,0,1,29,20,0,1,0,96,22,20,52.4,Matches
Faïz Selemani,km COM,"MF,FW",Kortrijk,28,1993,22.8,3,0,0,17,66,2,110,25,23,1,0,0,157,19,34,35.8,Matches
Noah Serwy,be BEL,"MF,FW",R.F.C. Seraing,19,2003,0.1,0,0,0,1,0,0,1,0,0,0,0,0,0,0,0,,Matches
Eden Shamir,il ISR,"DF,MF",Standard Liège,27,1995,1.0,0,0,0,0,1,0,1,0,1,0,0,0,8,2,1,66.7,Matches
Maryan Shved,ua UKR,"MF,FW",Mechelen,25,1997,2.4,1,0,0,5,1,0,9,3,3,0,0,0,11,3,2,60.0,Matches

Fábio Silva,pt POR,FW,Anderlecht,20,2002,16.9,3,0,0,27,21,4,10,0,13,1,0,0,43,20,39,33.9,Matches
João Silva,pt POR,DF,Kortrijk,23,1999,17.4,6,0,0,23,17,0,3,27,22,0,0,0,104,40,30,57.1,Matches
Leonardo da Silva Lopes,pt POR,MF,Cercle Brugge,23,1998,21.9,8,1,1,41,24,1,17,29,36,2,2,0,156,48,28,63.2,Matches
Hugo Siquet,be BEL,"DF,MF",Cercle Brugge,20,2002,12.0,2,0,0,13,14,0,119,20,25,0,1,0,90,17,14,54.8,Matches
Abdoulaye Sissako,fr FRA,MF,Zulte Waregem,24,1998,26.2,6,1,1,25,26,2,17,34,38,0,0,0,193,31,33,48.4,Matches
Sambou Sissoko,ml MLI,MF,Kortrijk,22,2000,2.9,1,0,0,6,2,0,0,4,4,0,1,0,9,2,6,25.0,Matches
Sambou Sissoko,fr FRA,"MF,DF",R.F.C. Seraing,23,1999,25.9,10,1,1,52,41,2,36,34,43,0,1,0,129,20,29,40.8,Matches
Andreas Skov Olsen,dk DEN,"FW,DF",Club Brugge,22,1999,15.5,3,0,0,11,26,6,108,13,7,0,0,0,70,3,7,30.0,Matches
Islam Slimani,dz ALG,FW,Anderlecht,34,1988,7.0,2,0,0,10,12,7,1,2,3,0,0,0,11,30,8,78.9,Matches
Matte Smets,be BEL,DF,Sint-Truiden,18,2004,11.9,0,0,0,7,7,0,1,33,25,0,0,0,75,30,22,57.7,Matches
Milan Smits,be BEL,MF,Antwerp,17,2004,0.0,0,0,0,0,0,0,0,0,0,0,0,0,0,0,0,,Matches
Eduard Sobol,ua UKR,DF,Club Brugge,27,1995,5.1,0,0,0,1,11,0,22,10,11,0,0,0,26,6,3,66.7,Matches
Frederic Soelle Soelle,be BEL,FW,Mechelen,16,2005,2.1,2,0,0,6,2,4,0,0,1,0,0,0,6,2,9,18.2,Matches
Noah Solheid,be BEL,DF,R.F.C. Seraing,19,2003,2.5,0,0,0,0,1,0,0,4,6,0,0,0,7,2,1,66.7,Matches
Thibo Somers,be BEL,"DF,FW",Cercle Brugge,23,1999,29.1,5,0,0,40,37,4,66,37,49,0,1,0,132,102,104,49.5,Matches
Yira Sor,ng NGA,"FW,MF",Genk,22,2000,3.9,0,0,0,4,5,1,2,2,3,0,0,0,20,3,5,37.5,Matches
Sambou Soumano,sn SEN,FW,Eupen,21,2001,2.0,0,0,0,5,1,1,0,0,0,0,0,0,7,5,12,29.4,Matches
Kamal Sowah,gh GHA,"FW,MF",Club Brugge,22,2000,14.3,2,0,0,25,5,11,22,6,14,0,0,0,69,6,11,35.3,Matches
Elias Spago,be BEL,DF,R.F.C. Seraing,20,2001,0.1,0,0,0,0,0,0,0,1,0,0,0,0,0,0,0,,Matches
Jorne Spileers,be BEL,DF,Club Brugge,17,2005,8.0,0,0,0,2,0,0,1,10,6,0,0,0,62,2,1,66.7,Matches
Lucas Stassin,be BEL,FW,Anderlecht,17,2004,1.2,0,0,0,1,3,0,0,1,2,0,0,0,4,0,1,0.0,Matches
Calvin Stengs,nl NED,"MF,FW",Antwerp,23,1998,18.6,5,1,0,34,17,2,85,11,18,0,0,0,103,5,13,27.8,Matches
Nikola Storm,be BEL,"FW,MF",Mechelen,27,1994,28.4,0,0,0,5,22,16,83,12,13,0,0,0,125,1,14,6.7,Matches
Mario Stroeykens,be BEL,"FW,MF",Anderlecht,17,2004,12.8,3,0,0,26,12,6,6,1,11,0,0,0,51,4,11,26.7,Matches
Nikola Štulić,rs SRB,FW,Charleroi,20,2001,3.5,1,0,0,6,6,2,0,1,3,1,0,0,10,10,19,34.5,Matches

Iebe Swers,be BEL,DF,Mechelen,25,1996,1.5,1,0,0,3,2,0,3,2,3,0,0,0,12,0,2,0.0,Matches
Oleksii Sych,ua UKR,DF,Kortrijk,21,2001,13.4,3,0,0,16,15,1,26,23,21,0,1,0,86,13,11,54.2,Matches
Ross Sykes,eng ENG,DF,Union SG,23,1999,12.1,1,0,0,12,6,0,6,18,4,0,0,0,51,32,11,74.4,Matches
Abakar Sylla,ci CIV,DF,Club Brugge,19,2002,14.2,7,2,1,23,12,2,1,26,14,0,0,0,129,30,27,52.6,Matches
Abdoulaye Sylla,gn GUI,DF,R.F.C. Seraing,22,2000,18.2,7,1,0,23,9,0,10,36,23,0,0,0,113,17,16,51.5,Matches
Youssuf Sylla,be BEL,DF,Zulte Waregem,19,2002,0.1,0,0,0,0,0,0,0,0,0,0,0,0,0,0,0,,Matches
Bent Sørmo,no NOR,DF,Zulte Waregem,25,1996,4.6,0,1,0,4,4,0,3,6,10,0,0,0,29,4,1,80.0,Matches
Musa Al-Taamari,jo JOR,"MF,FW",OH Leuven,25,1997,30.8,4,0,0,18,61,8,66,23,22,4,1,0,188,5,12,29.4,Matches
Ravil Tagir,tr TUR,DF,Westerlo,19,2003,21.7,2,0,0,16,6,1,2,56,16,0,2,0,92,29,26,52.7,Matches
Chemsdine Talbi,be BEL,"FW,DF",Club Brugge,17,2005,0.5,0,0,0,1,0,0,2,0,0,0,0,0,1,0,0,,Matches
Modou Tambedou,sn SEN,"DF,MF",Zulte Waregem,19,2003,15.7,5,0,0,20,22,1,3,17,14,0,2,1,101,18,25,41.9,Matches
Satoshi Tanaka,jp JPN,MF,Kortrijk,19,2002,10.4,2,0,0,15,29,0,0,14,20,0,1,0,55,6,9,40.0,Matches
Anton Tanghe,be BEL,DF,Oostende,23,1999,27.5,5,1,0,29,7,0,1,67,22,0,1,0,152,46,46,50.0,Matches
Abdoul-Fessal Tapsoba,bf BFA,FW,Standard Liège,20,2001,0.9,0,0,0,1,0,0,1,0,1,0,0,0,1,1,2,33.3,Matches
Jackson Tchatchoua,cm CMR,"DF,MF",Charleroi,20,2001,17.3,2,0,0,19,9,5,58,17,23,0,1,1,64,13,14,48.1,Matches
Jorge Teixeira,pt POR,DF,Sint-Truiden,35,1986,10.2,1,0,0,9,3,1,1,23,13,0,1,0,53,17,16,51.5,Matches
Casper Terho,fi FIN,"DF,FW",Union SG,19,2003,1.3,0,0,0,4,2,0,0,1,2,0,0,0,9,0,2,0.0,Matches
Teddy Teuma,mt MLT,MF,Union SG,28,1993,29.5,9,0,0,41,34,4,175,29,46,0,0,0,192,11,15,42.3,Matches
Cheik Thiam,gn GUI,DF,Zulte Waregem,18,2003,0.3,0,0,0,1,0,0,0,0,0,0,0,0,1,1,0,100.0,Matches
Jean Thierry Lazare,ci CIV,MF,Union SG,24,1998,23.8,7,1,0,34,68,4,24,15,29,3,2,1,164,7,9,43.8,Matches
Yannick Thoelen,be BEL,GK,Mechelen,32,1990,5.1,0,0,0,0,1,0,0,0,0,0,0,1,6,3,0,100.0,Matches
Tarik Tissoudali,ma MAR,"FW,MF",Gent,29,1993,2.7,0,0,0,1,0,4,0,0,1,0,0,0,9,1,1,50.0,Matches
Emmanuel Toku,gh GHA,"FW,DF",OH Leuven,22,2000,0.5,0,0,0,1,0,0,0,0,1,0,0,0,2,0,0,,Matches
Louis Torres,fr FRA,DF,Cercle Brugge,21,2001,6.9,0,0,0,5,8,0,17,17,13,0,1,0,44,7,13,35.0,Matches
Jordan Torunarigha,de GER,DF,Gent,24,1997,24.1,1,0,0,21,18,1,4,49,22,0,2,0,163,50,22,69.4,Matches

Mai Traore,gn GUI,FW,OH Leuven,22,1999,0.0,0,0,0,0,0,0,1,0,0,0,0,0,0,1,0,100.0,Matches
Adrien Trebel,fr FRA,MF,Anderlecht,31,1991,6.4,3,0,0,10,4,0,15,13,7,0,0,0,45,9,6,60.0,Matches
Sandro Tremoulet,mg MAD,DF,R.F.C. Seraing,22,1999,11.9,4,0,0,18,11,0,7,18,18,0,1,0,39,22,13,62.9,Matches
Mike Trésor,be BEL,"FW,MF",Genk,23,1999,31.9,1,0,0,37,33,3,240,24,17,0,0,0,172,8,18,30.8,Matches
Marvin Tshibuabua,fr FRA,DF,R.F.C. Seraing,20,2002,16.5,4,2,0,19,8,1,0,25,8,0,1,0,95,18,20,47.4,Matches
Ravy Tsouka,cg CGO,"DF,MF",Zulte Waregem,27,1994,7.0,2,1,0,11,4,0,7,15,8,0,0,0,43,3,9,25.0,Matches
Ayase Ueda,jp JPN,"FW,MF",Cercle Brugge,23,1998,30.2,1,0,0,36,35,26,22,4,10,0,0,0,79,100,114,46.7,Matches
Osaze Urhoghide,nl NED,DF,Oostende,22,2000,23.5,7,2,1,41,23,0,6,66,41,0,1,0,170,60,28,68.2,Matches
Edgaras Utkus,lt LTU,"DF,MF",Cercle Brugge,22,2000,1.0,1,0,0,1,2,0,0,2,0,0,0,0,6,6,4,60.0,Matches
Kyan Vaesen,be BEL,"FW,MF",Westerlo,21,2001,15.0,2,0,0,18,18,13,4,5,12,0,0,0,43,33,49,40.2,Matches
Anthony Valencia,ec ECU,FW,Antwerp,19,2003,2.7,0,0,0,1,8,0,9,2,4,0,0,0,16,1,7,12.5,Matches
Jules Van Cleemput,be BEL,DF,Charleroi,25,1997,4.9,1,0,0,4,3,0,26,11,11,0,0,0,21,12,13,48.0,Matches
Hendrik Van Crombrugge,be BEL,GK,Anderlecht,29,1993,17.0,1,0,0,0,1,0,0,0,0,0,0,0,28,2,2,50.0,Matches
Cederick Van Daele,be BEL,DF,Gent,21,2000,0.1,0,0,0,0,0,0,0,0,0,0,0,0,0,0,0,,Matches
Rune Van Den Bergh,be BEL,MF,Gent,19,2003,0.1,0,0,0,0,1,0,0,0,0,0,0,0,0,1,0,100.0,Matches
Zeno Van den Bosch,be BEL,DF,Antwerp,19,2003,3.0,0,0,0,2,0,0,0,3,0,0,0,0,22,4,10,28.6,Matches
Thomas Van den Keybus,be BEL,"MF,FW",Westerlo,21,2001,17.8,5,0,0,27,20,5,38,13,19,2,0,0,74,5,12,29.4,Matches
Hannes Van der Bruggen,be BEL,MF,Cercle Brugge,29,1993,9.3,4,0,0,9,14,0,8,11,11,1,0,0,80,13,11,54.2,Matches
Siebe Van Der Heyden,be BEL,DF,Union SG,24,1998,26.1,10,0,0,37,18,0,12,50,29,0,1,0,144,53,34,60.9,Matches
Stan Van Dessel,be BEL,"DF,MF",Sint-Truiden,21,2001,4.7,2,0,0,5,8,1,39,3,2,0,0,0,23,2,3,40.0,Matches
Lukas Van Eenoo,be BEL,MF,Westerlo,31,1991,19.4,2,0,0,19,14,0,35,13,24,0,0,0,133,19,26,42.2,Matches
Yentl Van Genechten,be BEL,DF,Eupen,21,2000,26.3,1,0,0,24,7,2,43,37,27,0,0,0,117,18,17,51.4,Matches
Jannes Van Hecke,be BEL,"DF,MF",Mechelen,20,2002,17.5,5,0,0,27,8,0,12,16,30,0,0,0,91,10,19,34.5,Matches
Alec Van Hoorenbeeck,be BEL,DF,Mechelen,23,1998,20.4,3,0,0,22,8,1,18,33,23,0,0,0,105,44,27,62.0,Matches
Hans Vanaken,be BEL,MF,Club Brugge,29,1992,33.7,4,0,0,15,22,0,10,30,21,0,0,0,175,109,47,69.9,Matches

Tom Vandenberghe,be BEL,GK,Kortrijk,29,1992,17.0,0,0,0,0,4,0,0,0,0,0,0,1,21,5,0,100.0,Matches
Kévin Vandendriessche,fr FRA,MF,Kortrijk,32,1989,6.0,6,1,1,11,9,1,1,5,6,0,0,0,46,2,4,33.3,Matches
Gerard Vandeplas,be BEL,FW,Antwerp,16,2006,0.0,0,0,0,0,0,0,0,0,0,0,0,0,1,0,0,,Matches
Maarten Vandevoordt,be BEL,GK,Genk,20,2002,34.0,1,0,0,0,5,1,0,2,0,0,0,0,43,6,0,100.0,Matches
Charles Vanhoutte,be BEL,MF,Cercle Brugge,23,1998,19.3,9,0,0,37,13,1,63,24,41,0,0,0,210,24,26,48.0,Matches
Jordi Vanlerberghe,be BEL,"DF,MF",Mechelen,26,1996,16.7,3,0,0,16,11,1,9,31,28,1,2,0,79,37,25,59.7,Matches
Dante Vanzeir,be BEL,FW,Union SG,24,1998,17.9,1,0,0,12,11,14,45,4,4,0,1,0,36,8,16,33.3,Matches
Dimitar Velkovski,bg BUL,DF,Cercle Brugge,27,1995,1.5,0,0,0,1,1,0,8,3,2,0,1,0,6,0,1,0.0,Matches
Bart Verbruggen,nl NED,GK,Anderlecht,19,2002,17.0,0,0,0,0,1,0,0,0,0,0,0,0,35,1,0,100.0,Matches
Romeo Vermant,be BEL,"FW,MF",Club Brugge,18,2004,1.0,0,0,0,3,2,0,1,1,1,0,0,0,3,1,3,25.0,Matches
Arthur Vermeeren,be BEL,MF,Antwerp,17,2005,18.1,1,0,0,16,9,0,6,28,46,0,0,0,127,11,19,36.7,Matches
Yari Verschaeren,be BEL,"MF,FW",Anderlecht,21,2001,25.0,2,0,0,16,37,3,65,15,32,0,0,0,149,7,14,33.3,Matches
Birger Verstraete,be BEL,MF,Mechelen,28,1994,18.8,6,1,0,25,30,0,11,41,27,0,2,0,121,19,20,48.7,Matches
Birger Verstraete,be BEL,MF,Antwerp,28,1994,0.3,0,0,0,0,1,0,1,1,0,0,0,0,2,1,0,100.0,Matches
Yorbe Vertessen,be BEL,FW,Union SG,21,2001,4.7,1,0,0,5,2,0,2,1,3,0,0,0,7,0,10,0.0,Matches
Jan Vertonghen,be BEL,DF,Anderlecht,35,1987,23.4,3,0,0,16,18,1,7,27,18,0,0,0,155,75,30,71.4,Matches
Igor Vetokele,ao ANG,"FW,MF",Westerlo,30,1992,10.2,0,0,0,5,18,7,5,5,12,0,0,0,25,21,54,28.0,Matches
Lasse Vigen Christensen,dk DEN,MF,Zulte Waregem,27,1994,5.8,3,0,0,6,3,2,1,9,10,0,0,0,37,3,5,37.5,Matches
Sam Vines,us USA,DF,Antwerp,23,1999,14.0,1,0,0,5,10,0,20,3,14,0,0,0,40,7,13,35.0,Matches
Thibault Vlietinck,be BEL,"FW,MF",OH Leuven,24,1997,3.4,0,0,0,2,9,0,14,1,0,1,1,0,14,4,6,40.0,Matches
Ruud Vormer,nl NED,MF,Zulte Waregem,34,1988,8.1,0,0,0,7,6,0,38,3,6,1,0,0,45,2,4,33.3,Matches
Ruud Vormer,nl NED,MF,Club Brugge,34,1988,0.7,0,0,0,1,1,0,5,0,2,0,0,0,2,0,1,0.0,Matches
Jelle Vossen,be BEL,"FW,MF",Zulte Waregem,33,1989,25.9,4,0,0,28,23,11,23,11,9,0,0,0,87,42,62,40.4,Matches
Wakaso,gh GHA,MF,Eupen,32,1990,5.8,6,1,1,8,14,0,4,16,12,0,0,0,47,10,10,50.0,Matches
Sandy Walsh,id IDN,DF,Mechelen,27,1995,24.2,5,0,0,24,12,4,55,26,22,0,0,0,98,26,25,51.0,Matches

Warleson,br BRA,GK,Cercle Brugge,25,1996,6.5,0,0,0,0,0,0,0,0,0,0,0,0,14,3,0,100.0,Matches
Martin Wasinski,be BEL,DF,Charleroi,18,2004,4.2,0,0,0,4,0,0,2,8,7,0,1,0,20,2,3,40.0,Matches
Martin Wasinski,be BEL,"DF,MF",Kortrijk,18,2004,11.9,2,0,0,11,11,0,4,15,28,0,0,0,91,18,21,46.2,Matches
Tsuyoshi Watanabe,jp JPN,DF,Kortrijk,25,1997,34.0,3,0,0,29,18,1,0,60,45,0,0,2,209,122,70,63.5,Matches
Teun Wilke,mx MEX,"FW,MF",Cercle Brugge,20,2002,0.1,0,0,0,0,0,0,0,0,0,0,0,0,1,2,4,33.3,Matches
Lukas Willen,be BEL,DF,Zulte Waregem,19,2003,15.8,3,0,0,7,8,0,1,25,17,0,0,0,105,20,29,40.8,Matches
Dries Wouters,be BEL,DF,Mechelen,25,1997,11.4,1,0,0,10,5,0,0,15,8,0,2,0,72,17,14,54.8,Matches
Siebe Wylin,be BEL,"MF,DF",Oostende,19,2003,3.4,0,0,0,3,1,0,5,9,5,0,0,0,28,1,2,33.3,Matches
Tarick Ximines,jm JAM,FW,Cercle Brugge,17,2004,0.2,0,0,0,0,0,0,0,0,0,0,0,0,0,2,1,66.7,Matches
Roman Yaremchuk,ua UKR,FW,Club Brugge,26,1995,9.8,2,0,0,4,4,6,1,1,2,1,0,0,26,14,16,46.7,Matches
Alhassan Yusuf,ng NGA,MF,Antwerp,22,2000,17.4,3,0,0,38,26,0,10,44,34,1,0,0,164,18,11,62.1,Matches
Anass Zaroury,ma MAR,FW,Charleroi,21,2000,2.6,0,0,0,0,3,1,6,2,0,0,0,0,10,2,1,66.7,Matches
Ilyes Ziani,ma MAR,FW,Union SG,19,2003,1.3,1,0,0,2,3,0,1,0,0,0,0,0,3,0,2,0.0,Matches
Philip Zinckernagel,dk DEN,"FW,MF",Standard Liège,27,1994,21.9,5,2,1,42,48,6,93,4,20,2,0,0,91,13,20,39.4,Matches
Adem Zorgane,dz ALG,MF,Charleroi,22,2000,30.8,4,1,0,42,18,4,72,35,44,0,0,1,274,22,28,44.0,Matches
