Player,Nation,Position,Squad,Age,Year of birth,90s Played,Goals,Shots Total,Shots on Target,Shots on Target %,Shots Total/90,Shots on target/90,Goals/Shot,Goals/Shot on Target,Average Shot Distance,Penalty Kicks Made,Penalty Kicks Attempted,Matches


Mads Aaquist,dk DEN,MF,Viborg,26,1994,1.1,0,0,0,,0.00,0.00,,,,0,0,Matches
Jonas Abbew,dk DEN,DF,Nordsjælland,19,2002,3.9,0,1,0,0.0,0.26,0.00,0.00,,,0,0,Matches
Wessam Abou Ali,ps PLE,FW,Silkeborg,22,1999,0.6,0,1,1,100.0,1.55,1.55,0.00,0.00,,0,0,Matches
Francis Abu,gh GHA,MF,Nordsjælland,20,2001,11.3,0,23,7,30.4,2.04,0.62,0.00,0.00,,0,0,Matches
Simon Adingra,ci CIV,"FW,MF",Nordsjælland,19,2002,20.1,9,75,34,45.3,3.73,1.69,0.12,0.26,,0,0,Matches
Ali Adnan Kadhim,iq IRQ,"DF,MF",Vejle BK,27,1993,0.4,0,0,0,,0.00,0.00,,,,0,0,Matches
Mel Agnero,ci CIV,FW,Nordsjælland,18,2003,0.4,0,0,0,,0.00,0.00,,,,0,0,Matches
Jakob Ahlmann Nielsen,dk DEN,"MF,DF",Aalborg,30,1991,15.3,1,14,2,14.3,0.92,0.13,0.07,0.50,,0,0,Matches
Raúl Albentosa,es ESP,DF,Vejle BK,32,1988,12.4,2,13,2,15.4,1.05,0.16,0.15,1.00,,0,0,Matches
Miiko Albornoz,cl CHI,"MF,DF",Vejle BK,30,1990,10.9,1,8,1,12.5,0.73,0.09,0.13,1.00,,0,0,Matches
Mads Albæk,dk DEN,MF,SønderjyskE,31,1990,26.9,0,27,4,14.8,1.00,0.15,0.00,0.00,,0,0,Matches
Alexander Ammitzbøll,dk DEN,FW,AGF,22,1999,0.8,0,2,1,50.0,2.61,1.30,0.00,0.00,,0,0,Matches
Akinkunmi Amoo,ng NGA,MF,FC Copenhagen,19,2002,0.7,1,3,1,33.3,4.29,1.43,0.33,1.00,,0,0,Matches
Daniel Andersen,dk DEN,GK,AGF,20,2001,1.0,0,0,0,,0.00,0.00,,,,0,0,Matches
Lucas Andersen,dk DEN,MF,Aalborg,26,1994,4.6,0,6,3,50.0,1.30,0.65,0.00,0.00,,0,0,Matches
Mikkel Andersen,dk DEN,GK,Viborg,32,1988,6.0,0,0,0,,0.00,0.00,,,,0,0,Matches
Mikael Anderson,is ISL,MF,Midtjylland,23,1998,1.4,0,3,1,33.3,2.13,0.71,0.00,0.00,,0,0,Matches
Mikael Anderson,is ISL,MF,AGF,23,1998,17.3,5,41,14,34.1,2.37,0.81,0.12,0.36,,0,0,Matches
Hugo Andersson,se SWE,DF,Randers,22,1999,4.6,0,2,1,50.0,0.43,0.22,0.00,0.00,,0,0,Matches
Joel Andersson,se SWE,MF,Midtjylland,24,1996,28.4,1,11,3,27.3,0.39,0.11,0.09,0.33,,0,0,Matches
Mattias Andersson,se SWE,DF,Randers,23,1998,1.0,0,0,0,,0.00,0.00,,,,0,0,Matches
Aske Andresen,dk DEN,GK,Silkeborg,16,2005,1.0,0,0,0,,0.00,0.00,,,,0,0,Matches
Jakob Ankersen,dk DEN,"MF,FW",Randers,30,1990,16.0,2,45,15,33.3,2.81,0.94,0.04,0.13,,0,0,Matches
Peter Ankersen,dk DEN,DF,FC Copenhagen,30,1990,22.2,1,18,4,22.2,0.81,0.18,0.06,0.25,,0,0,Matches
Oliver Antman,fi FIN,"FW,MF",Nordsjælland,19,2001,16.4,5,35,14,40.0,2.13,0.85,0.11,0.29,,1,1,Matches

Daniel Anyembe,ke KEN,DF,Viborg,23,1998,14.6,0,2,1,50.0,0.14,0.07,0.00,0.00,,0,0,Matches
Hákon Arnar Haraldsson,is ISL,"MF,FW",FC Copenhagen,18,2003,6.0,4,10,6,60.0,1.68,1.01,0.40,0.67,,0,0,Matches
Rocco Ascone,fr FRA,FW,Nordsjælland,17,2003,0.0,0,0,0,,0.00,0.00,,,,0,0,Matches
Yann Aurel Bisseck,de GER,DF,AGF,20,2000,23.5,1,17,6,35.3,0.72,0.26,0.06,0.17,,0,0,Matches
Khouma Babacar,sn SEN,FW,FC Copenhagen,28,1993,6.3,3,26,11,42.3,4.14,1.75,0.12,0.27,,0,0,Matches
Edgar Babayan,am ARM,"MF,FW",Vejle BK,25,1995,7.6,0,15,7,46.7,1.98,0.92,0.00,0.00,,0,0,Matches
Younes Bakiz,dk DEN,FW,Viborg,22,1999,21.8,3,51,12,23.5,2.33,0.55,0.06,0.25,,0,1,Matches
Roony Bardghji,se SWE,"MF,FW",FC Copenhagen,15,2005,8.2,2,24,10,41.7,2.91,1.21,0.08,0.20,,0,0,Matches
Atli Barkarson,is ISL,"MF,DF",SønderjyskE,20,2001,4.9,0,2,0,0.0,0.41,0.00,0.00,,,0,0,Matches
Tobias Bech,dk DEN,FW,Viborg,19,2002,19.5,3,63,21,33.3,3.23,1.08,0.05,0.14,,0,0,Matches
Asker Beck,dk DEN,MF,AGF,18,2003,0.0,0,0,0,,0.00,0.00,,,,0,0,Matches
Joe Bell,nz NZL,MF,Brøndby,22,1999,12.2,0,7,0,0.0,0.58,0.00,0.00,,,0,0,Matches
Anis Ben Slimane,tn TUN,"MF,FW",Brøndby,20,2001,27.6,2,52,18,34.6,1.89,0.65,0.04,0.11,,0,0,Matches
Pierre Bengtsson,se SWE,"DF,MF",FC Copenhagen,33,1988,0.4,0,0,0,,0.00,0.00,,,,0,0,Matches
Lasse Berg Johnsen,no NOR,MF,Randers,21,1999,30.1,2,15,3,20.0,0.50,0.10,0.00,0.00,,2,2,Matches
Sofus Berger Brix,dk DEN,MF,Viborg,18,2003,4.3,0,4,3,75.0,0.93,0.69,0.00,0.00,,0,0,Matches
Emil Berggreen,dk DEN,FW,SønderjyskE,28,1993,4.0,4,15,8,53.3,3.73,1.99,0.27,0.50,,0,0,Matches
Victor Bernth Kristiansen,dk DEN,DF,FC Copenhagen,18,2002,18.4,0,7,2,28.6,0.38,0.11,0.00,0.00,,0,0,Matches
Mads Bidstrup,dk DEN,MF,Nordsjælland,20,2001,11.5,0,8,1,12.5,0.69,0.09,0.00,0.00,,0,0,Matches
Pep Biel,es ESP,"MF,FW",FC Copenhagen,24,1996,28.9,11,91,51,56.0,3.15,1.76,0.12,0.22,,0,0,Matches
Carl Björk,se SWE,FW,Brøndby,21,2000,3.6,0,11,6,54.5,3.05,1.66,0.00,0.00,,0,0,Matches
Peter Bjur,dk DEN,MF,Brøndby,21,2000,0.3,0,1,0,0.0,3.33,0.00,0.00,,,0,0,Matches
Nicolai Boilesen,dk DEN,DF,FC Copenhagen,29,1992,24.1,0,3,0,0.0,0.12,0.00,0.00,,,0,1,Matches
Jakob Bonde,dk DEN,MF,Viborg,27,1993,27.8,6,47,12,25.5,1.69,0.43,0.06,0.25,,3,4,Matches
Frederik Brandhof,dk DEN,MF,AGF,25,1996,19.1,1,17,6,35.3,0.89,0.31,0.06,0.17,,0,0,Matches

Mathias Brems,dk DEN,DF,Odense,19,2002,0.2,0,0,0,,0.00,0.00,,,,0,0,Matches
Jakob Breum,dk DEN,"MF,FW",Odense,17,2003,9.3,4,28,14,50.0,3.00,1.50,0.14,0.29,,0,0,Matches
Mark Brink,dk DEN,MF,Silkeborg,23,1998,29.7,1,16,4,25.0,0.54,0.13,0.06,0.25,,0,0,Matches
Nicolai Brock-Madsen,dk DEN,FW,Randers,28,1993,6.3,1,7,4,57.1,1.11,0.63,0.14,0.25,,0,0,Matches
Júnior Brumado,br BRA,"FW,MF",Midtjylland,22,1999,15.5,8,41,18,43.9,2.65,1.16,0.17,0.39,,1,1,Matches
Alexander Brunst,de GER,GK,Vejle BK,26,1995,21.0,0,0,0,,0.00,0.00,,,,0,0,Matches
Andreas Bruus,dk DEN,"MF,DF",Brøndby,22,1999,25.0,3,27,10,37.0,1.08,0.40,0.11,0.30,,0,0,Matches
Filip Bundgaard,dk DEN,FW,Randers,17,2004,2.9,0,8,4,50.0,2.72,1.36,0.00,0.00,,0,0,Matches
Oliver Bundgaard,dk DEN,DF,Randers,20,2001,20.2,0,13,3,23.1,0.64,0.15,0.00,0.00,,0,0,Matches
Mustapha Bundu,sl SLE,"FW,MF",AGF,24,1997,16.7,3,18,6,33.3,1.08,0.36,0.17,0.50,,0,0,Matches
Nicolas Bürgy,ch SUI,DF,Viborg,25,1995,14.0,2,5,2,40.0,0.36,0.14,0.40,1.00,,0,0,Matches
Alexander Busch,dk DEN,DF,Silkeborg,18,2003,1.1,0,0,0,,0.00,0.00,,,,0,0,Matches
Tobias Børkeeiet,no NOR,"DF,MF",Brøndby,22,1999,4.6,1,4,1,25.0,0.87,0.22,0.25,1.00,,0,0,Matches
Frederik Børsting,dk DEN,"MF,DF",Aalborg,26,1995,9.2,0,13,2,15.4,1.41,0.22,0.00,0.00,,0,0,Matches
Jens Cajuste,se SWE,MF,Midtjylland,21,1999,2.7,0,3,1,33.3,1.11,0.37,0.00,0.00,,0,0,Matches
André Calisir,am ARM,DF,Silkeborg,31,1990,15.2,0,1,0,0.0,0.07,0.00,0.00,,,0,0,Matches
Christian Cappis,us USA,MF,Brøndby,21,1999,11.8,4,19,9,47.4,1.62,0.77,0.21,0.44,,0,0,Matches
Patrik Carlgren,se SWE,GK,Randers,29,1992,32.0,0,0,0,,0.00,0.00,,,,0,0,Matches
Frederik Carstensen,dk DEN,FW,Silkeborg,19,2002,0.3,1,2,1,50.0,6.00,3.00,0.50,1.00,,0,0,Matches
Rasmus Carstensen,dk DEN,DF,Silkeborg,20,2000,30.2,1,33,8,24.2,1.09,0.27,0.03,0.13,,0,0,Matches
Edward Chilufya,zm ZAM,"FW,MF",Midtjylland,21,1999,7.5,3,14,7,50.0,1.86,0.93,0.21,0.43,,0,0,Matches
Frederik Christensen,dk DEN,FW,Viborg,26,1995,0.0,0,0,0,,0.00,0.00,,,,0,0,Matches
Jacob Christensen,dk DEN,MF,Nordsjælland,20,2001,16.0,0,5,0,0.0,0.31,0.00,0.00,,,0,0,Matches
Magnus Christensen,dk DEN,MF,Aalborg,23,1997,9.2,0,8,1,12.5,0.87,0.11,0.00,0.00,,0,0,Matches
Oliver Christensen,dk DEN,GK,Odense,22,1999,6.0,0,0,0,,0.00,0.00,,,,0,0,Matches

Hans Christian Bernat,dk DEN,GK,Odense,20,2000,26.0,0,0,0,,0.00,0.00,,,,0,0,Matches
Peter Christiansen,dk DEN,FW,SønderjyskE,21,1999,11.5,3,17,6,35.3,1.48,0.52,0.18,0.50,,0,0,Matches
Viktor Claesson,se SWE,"FW,MF",FC Copenhagen,29,1992,8.2,1,14,4,28.6,1.71,0.49,0.07,0.25,,0,0,Matches
Dion Cools,my MAS,"DF,MF",Midtjylland,25,1996,4.6,0,2,1,50.0,0.43,0.22,0.00,0.00,,0,0,Matches
Rezan Corlu,dk DEN,MF,Brøndby,23,1997,1.1,0,0,0,,0.00,0.00,,,,0,0,Matches
Lasso Coulibaly,gh GHA,"FW,MF",Nordsjælland,18,2002,13.7,0,19,8,42.1,1.38,0.58,0.00,0.00,,0,0,Matches
Kevin Custovic,se SWE,MF,Vejle BK,21,2000,3.4,0,3,2,66.7,0.87,0.58,0.00,0.00,,0,0,Matches
Anthony D'Alberto,be BEL,"DF,MF",AGF,26,1994,13.9,0,10,2,20.0,0.72,0.14,0.00,0.00,,0,0,Matches
Adam Daghim,dk DEN,MF,AGF,15,2005,0.7,0,0,0,,0.00,0.00,,,,0,0,Matches
Jón Dagur Þorsteinsson,is ISL,"FW,MF",AGF,22,1998,18.4,3,38,12,31.6,2.07,0.65,0.08,0.25,,0,0,Matches
Gustav Dahl,dk DEN,DF,Silkeborg,25,1996,9.9,0,4,1,25.0,0.41,0.10,0.00,0.00,,0,0,Matches
Robin Dahl Østrøm,no NOR,DF,Odense,18,2002,7.3,0,2,0,0.0,0.28,0.00,0.00,,,0,0,Matches
Marc Dal Hende,dk DEN,"DF,MF",SønderjyskE,30,1990,29.1,1,18,6,33.3,0.62,0.21,0.06,0.17,,0,0,Matches
Eskild Dall,dk DEN,FW,AGF,18,2003,0.0,0,0,0,,0.00,0.00,,,,0,0,Matches
Henrik Dalsgaard,dk DEN,DF,Midtjylland,32,1989,26.9,2,13,3,23.1,0.48,0.11,0.15,0.67,,0,0,Matches
Mohammed Daramy,dk DEN,"MF,FW",FC Copenhagen,19,2002,4.8,2,16,7,43.8,3.33,1.45,0.13,0.29,,0,0,Matches
Viljormur Davidsen,fo FRO,DF,Vejle BK,30,1991,9.6,0,1,0,0.0,0.10,0.00,0.00,,,0,0,Matches
Kellian van der Kaap,nl NED,DF,Viborg,22,1998,0.4,0,0,0,,0.00,0.00,,,,0,0,Matches
Frans Dhia Putros,iq IRQ,DF,Viborg,28,1993,17.3,0,5,1,20.0,0.29,0.06,0.00,0.00,,0,0,Matches
Kevin Diks,nl NED,DF,FC Copenhagen,24,1996,21.7,2,22,6,27.3,1.02,0.28,0.09,0.33,,0,0,Matches
Mohamed Diomandé,ci CIV,MF,Nordsjælland,19,2001,16.7,3,30,6,20.0,1.80,0.36,0.10,0.50,,0,0,Matches
Marko Divkovic,hr CRO,FW,Brøndby,22,1999,14.6,1,36,10,27.8,2.47,0.69,0.03,0.10,,0,0,Matches
Dominic,br BRA,FW,Vejle BK,26,1995,0.1,0,0,0,,0.00,0.00,,,,0,0,Matches
Mouhamadou Drammeh,fr FRA,MF,Vejle BK,22,1999,14.8,1,37,7,18.9,2.51,0.47,0.03,0.14,,0,0,Matches
Anders Dreyer,dk DEN,FW,Midtjylland,23,1998,15.1,8,47,25,53.2,3.11,1.65,0.17,0.32,,0,0,Matches

Zach Duncan,au AUS,MF,AGF,21,2000,2.1,0,0,0,,0.00,0.00,,,,0,0,Matches
Nikolas Dyhr,dk DEN,MF,Midtjylland,20,2001,15.2,1,13,5,38.5,0.86,0.33,0.08,0.20,,0,0,Matches
Mads Døhr Thychosen,dk DEN,DF,Nordsjælland,24,1997,15.7,1,7,4,57.1,0.45,0.25,0.14,0.25,,0,0,Matches
Mads Døhr Thychosen,dk DEN,"DF,MF",Midtjylland,24,1997,10.3,2,7,2,28.6,0.68,0.19,0.29,1.00,,0,0,Matches
Marvin Egho,at AUT,FW,Randers,27,1994,5.8,1,11,4,36.4,1.88,0.68,0.09,0.25,,0,0,Matches
Anosike Ementa,dk DEN,FW,Aalborg,19,2002,1.3,0,3,0,0.0,2.31,0.00,0.00,,,0,0,Matches
Dimitrios Emmanouilidis,gr GRE,"FW,MF",Vejle BK,20,2000,10.8,3,15,9,60.0,1.39,0.83,0.20,0.33,,0,0,Matches
Lukas Engel,dk DEN,DF,Silkeborg,22,1998,13.8,2,11,4,36.4,0.80,0.29,0.18,0.50,,0,0,Matches
Lukas Engel,dk DEN,"MF,FW",Vejle BK,22,1998,9.6,2,12,4,33.3,1.25,0.42,0.17,0.50,,0,0,Matches
Mads Enggaard,dk DEN,MF,Randers,17,2004,1.6,0,0,0,,0.00,0.00,,,,0,0,Matches
Julius Eskesen,dk DEN,"MF,FW",SønderjyskE,22,1999,6.5,0,6,0,0.0,0.92,0.00,0.00,,,0,0,Matches
Evander,br BRA,MF,Midtjylland,23,1998,26.0,12,80,36,45.0,3.07,1.38,0.10,0.22,,4,4,Matches
Saeid Ezatolahi,ir IRN,MF,Vejle BK,24,1996,10.0,1,14,1,7.1,1.40,0.10,0.07,1.00,,0,0,Matches
Wahid Faghir,dk DEN,FW,Vejle BK,18,2003,7.0,2,20,8,40.0,2.86,1.14,0.10,0.25,,0,0,Matches
Rasmus Falk,dk DEN,MF,FC Copenhagen,29,1992,20.2,0,9,3,33.3,0.45,0.15,0.00,0.00,,0,0,Matches
Oskar Fallenius,se SWE,MF,Brøndby,19,2001,0.3,0,0,0,,0.00,0.00,,,,0,0,Matches
Andri Fannar Baldursson,is ISL,MF,FC Copenhagen,19,2002,0.5,0,0,0,,0.00,0.00,,,,0,0,Matches
Joel Felix,dk DEN,DF,Silkeborg,23,1998,15.8,0,4,0,0.0,0.25,0.00,0.00,,,0,0,Matches
Max Fenger,dk DEN,"FW,MF",Odense,19,2001,18.2,6,25,12,48.0,1.38,0.66,0.24,0.50,,0,0,Matches
Pedro Ferreira,pt POR,MF,Aalborg,23,1998,13.3,2,13,2,15.4,0.98,0.15,0.15,1.00,,0,0,Matches
Bård Finne,no NOR,"FW,MF",SønderjyskE,26,1995,0.0,0,0,0,,0.00,0.00,,,,0,0,Matches
Nicolai Flø,dk DEN,GK,SønderjyskE,25,1995,8.0,0,0,0,,0.00,0.00,,,,0,0,Matches
Adama Fofana,ci CIV,MF,Vejle BK,20,2001,0.0,0,0,0,,0.00,0.00,,,,0,0,Matches
Iver Fossum,no NOR,MF,Aalborg,25,1996,28.7,8,46,25,54.3,1.60,0.87,0.15,0.28,,1,1,Matches
Oscar Fraulo,dk DEN,MF,Midtjylland,17,2003,0.2,0,1,0,0.0,4.50,0.00,0.00,,,0,0,Matches

Emil Frederiksen,dk DEN,"FW,MF",SønderjyskE,20,2000,15.0,3,38,11,28.9,2.53,0.73,0.08,0.27,,0,0,Matches
Morten Frendrup,dk DEN,MF,Brøndby,20,2001,13.4,2,13,5,38.5,0.97,0.37,0.15,0.40,,0,0,Matches
Martin Frese,dk DEN,"DF,MF",Nordsjælland,23,1998,22.3,1,26,9,34.6,1.16,0.40,0.04,0.11,,0,0,Matches
Christian Friedrich,dk DEN,DF,Brøndby,18,2003,0.0,0,0,0,,0.00,0.00,,,,0,0,Matches
Mads Frøkjær-Jensen,dk DEN,MF,Odense,22,1999,17.8,6,49,19,38.8,2.75,1.07,0.12,0.32,,0,0,Matches
Anton Gaaei,dk DEN,FW,Viborg,18,2002,2.1,0,4,1,25.0,1.89,0.47,0.00,0.00,,0,0,Matches
Ruben Gabrielsen,no NOR,DF,FC Copenhagen,29,1992,2.4,0,0,0,,0.00,0.00,,,,0,0,Matches
Jose Gallegos,us USA,"MF,FW",SønderjyskE,19,2001,6.9,1,14,7,50.0,2.03,1.01,0.07,0.14,,0,0,Matches
Christian Gammelgaard,dk DEN,FW,Vejle BK,18,2003,0.3,0,1,0,0.0,3.10,0.00,0.00,,,0,0,Matches
Stefan Gartenmann,dk DEN,DF,SønderjyskE,24,1997,31.0,2,14,3,21.4,0.45,0.10,0.14,0.67,,0,0,Matches
Alex Gersbach,au AUS,"DF,MF",AGF,24,1997,0.4,0,0,0,,0.00,0.00,,,,0,0,Matches
Robert Gojani,se SWE,MF,Silkeborg,28,1992,16.2,0,20,5,25.0,1.24,0.31,0.00,0.00,,0,0,Matches
Lorenzo Gordinho,za RSA,DF,Viborg,27,1994,2.9,0,1,0,0.0,0.35,0.00,0.00,,,0,0,Matches
Kamil Grabara,pl POL,GK,FC Copenhagen,22,1999,32.0,0,0,0,,0.00,0.00,,,,0,0,Matches
Daniel Granli,no NOR,"DF,MF",Aalborg,27,1994,24.1,1,10,2,20.0,0.42,0.08,0.10,0.50,,0,0,Matches
Simon Graves Jensen,dk DEN,DF,Randers,22,1999,18.6,0,6,1,16.7,0.32,0.05,0.00,0.00,,0,0,Matches
Mads Greve,dk DEN,DF,Vejle BK,31,1989,1.9,0,1,1,100.0,0.53,0.53,0.00,0.00,,0,0,Matches
Mathias Greve,dk DEN,"MF,FW",Brøndby,26,1995,10.3,1,11,4,36.4,1.07,0.39,0.09,0.25,,0,0,Matches
Mathias Greve,dk DEN,MF,Randers,26,1995,2.7,1,4,1,25.0,1.46,0.36,0.25,1.00,,0,0,Matches
Jay-Roy Grot,nl NED,FW,Viborg,23,1998,17.7,5,44,18,40.9,2.49,1.02,0.11,0.28,,0,0,Matches
Sten Grytebust,no NOR,GK,Vejle BK,31,1989,10.0,0,1,0,0.0,0.10,0.00,0.00,,,0,0,Matches
Albert Grønbaek,dk DEN,"MF,FW",AGF,20,2001,21.9,3,40,10,25.0,1.83,0.46,0.08,0.30,,0,0,Matches
Jeppe Grønning,dk DEN,MF,Viborg,30,1991,25.1,1,11,2,18.2,0.44,0.08,0.09,0.50,,0,0,Matches
Sebastian Grønning,dk DEN,FW,Viborg,24,1997,15.7,6,54,20,37.0,3.44,1.27,0.11,0.30,,0,0,Matches
Thomas Gundelund,dk DEN,"DF,MF",Vejle BK,19,2001,5.1,0,2,0,0.0,0.39,0.00,0.00,,,0,0,Matches

Eduardo Dos Santos Haesler,de GER,GK,Nordsjælland,22,1999,5.0,0,0,0,,0.00,0.00,,,,0,0,Matches
Anders Hagelskjær,dk DEN,DF,Aalborg,24,1997,20.7,1,3,1,33.3,0.14,0.05,0.33,1.00,,0,0,Matches
Lucas Hägg-Johansson,se SWE,GK,Vejle BK,27,1994,1.0,0,0,0,,0.00,0.00,,,,0,0,Matches
Vito Hammershøy-Mistrati,dk DEN,"MF,FW",Randers,29,1992,27.3,7,54,23,42.6,1.98,0.84,0.11,0.26,,1,2,Matches
Marcus Hannesbo,dk DEN,MF,Aalborg,19,2002,2.1,0,1,1,100.0,0.48,0.48,0.00,0.00,,0,0,Matches
Andreas Hansen,dk DEN,GK,Nordsjælland,25,1995,15.0,0,0,0,,0.00,0.00,,,,0,0,Matches
Casper Hansen,dk DEN,FW,Aalborg,19,2002,1.4,0,1,1,100.0,0.74,0.74,0.00,0.00,,0,0,Matches
Jesper Hansen,dk DEN,GK,AGF,36,1985,31.0,0,0,0,,0.00,0.00,,,,0,0,Matches
Kian Hansen,dk DEN,DF,Nordsjælland,32,1989,22.2,2,10,3,30.0,0.45,0.14,0.20,0.67,,0,0,Matches
Mads Hansen,dk DEN,"FW,MF",Nordsjælland,19,2002,11.6,2,27,7,25.9,2.34,0.61,0.07,0.29,,0,0,Matches
Mads Hansen,dk DEN,FW,Midtjylland,19,2002,0.8,1,2,1,50.0,2.43,1.22,0.50,1.00,,0,0,Matches
Mads Hansen,dk DEN,MF,SønderjyskE,20,2001,0.3,0,0,0,,0.00,0.00,,,,0,0,Matches
Hallur Hansson,fo FRO,"MF,FW",Vejle BK,29,1992,6.0,1,3,1,33.3,0.50,0.17,0.33,1.00,,0,0,Matches
Sebastian Hausner,dk DEN,DF,AGF,21,2000,20.6,0,6,1,16.7,0.29,0.05,0.00,0.00,,0,0,Matches
Simon Hedlund,se SWE,"FW,MF",Brøndby,28,1993,23.9,4,47,19,40.4,1.96,0.79,0.06,0.16,,1,1,Matches
Henrik Heggheim,no NOR,DF,Brøndby,20,2001,11.4,1,2,1,50.0,0.17,0.09,0.50,1.00,,0,0,Matches
Nicklas Helenius,dk DEN,FW,Silkeborg,30,1991,28.0,17,76,38,50.0,2.72,1.36,0.20,0.39,,2,2,Matches
Mads Hermansen,dk DEN,GK,Brøndby,21,2000,29.0,0,0,0,,0.00,0.00,,,,0,0,Matches
Heron,br BRA,"DF,MF",Vejle BK,20,2000,9.9,0,5,1,20.0,0.51,0.10,0.00,0.00,,0,0,Matches
Lundrim Hetemi,dk DEN,MF,Vejle BK,21,2000,11.5,0,3,1,33.3,0.26,0.09,0.00,0.00,,0,0,Matches
Malthe Hojholt,dk DEN,MF,Aalborg,20,2001,25.5,0,12,2,16.7,0.47,0.08,0.00,0.00,,0,0,Matches
Emil Holm,se SWE,"DF,MF",SønderjyskE,21,2000,23.7,3,29,8,27.6,1.23,0.34,0.07,0.25,,1,1,Matches
Martin Huldahl,dk DEN,FW,Viborg,16,2004,0.1,0,0,0,,0.00,0.00,,,,0,0,Matches
Daniel Høegh,dk DEN,DF,Midtjylland,30,1991,16.8,0,14,5,35.7,0.83,0.30,0.00,0.00,,0,0,Matches
Rasmus Højlund,dk DEN,FW,FC Copenhagen,18,2003,3.4,0,8,2,25.0,2.35,0.59,0.00,0.00,,0,0,Matches

Hans Høllsberg,dk DEN,MF,Vejle BK,19,2002,8.0,0,2,0,0.0,0.25,0.00,0.00,,,0,0,Matches
Tarik Ibrahimagic,dk DEN,MF,Odense,20,2001,0.4,0,0,0,,0.00,0.00,,,,0,0,Matches
Frederik Ibsen,dk DEN,DF,Brøndby,21,1999,0.5,0,0,0,,0.00,0.00,,,,0,0,Matches
Frederik Ihler,dk DEN,FW,AGF,18,2003,0.8,1,1,1,100.0,1.30,1.30,1.00,1.00,,0,0,Matches
Gustav Isaksen,dk DEN,"FW,MF",Midtjylland,20,2001,21.5,5,60,31,51.7,2.80,1.44,0.08,0.16,,0,0,Matches
Mihajlo Ivančević,rs SRB,DF,Odense,22,1999,7.1,0,1,0,0.0,0.14,0.00,0.00,,,0,0,Matches
Jens Jakob Thomasen,dk DEN,MF,Odense,25,1996,24.4,2,24,5,20.8,0.98,0.20,0.08,0.40,,0,0,Matches
Manjrekar James,ca CAN,DF,Vejle BK,27,1993,11.6,0,3,1,33.3,0.26,0.09,0.00,0.00,,0,0,Matches
Alassana Jatta,gm GAM,FW,Viborg,22,1999,6.4,3,18,6,33.3,2.81,0.94,0.17,0.50,,0,0,Matches
Issam Jebali,tn TUN,"MF,FW",Odense,29,1991,20.8,10,67,25,37.3,3.22,1.20,0.10,0.28,,3,5,Matches
Elias Jelert,dk DEN,DF,FC Copenhagen,18,2003,4.9,0,3,0,0.0,0.62,0.00,0.00,,,0,0,Matches
Isak Jensen,dk DEN,"FW,MF",SønderjyskE,17,2003,6.5,0,9,2,22.2,1.39,0.31,0.00,0.00,,0,0,Matches
Lucas Jensen,dk DEN,FW,Vejle BK,26,1994,1.2,0,0,0,,0.00,0.00,,,,0,0,Matches
Oliver Jensen,dk DEN,MF,Midtjylland,19,2002,0.5,0,0,0,,0.00,0.00,,,,0,0,Matches
Victor Jensen,dk DEN,DF,Midtjylland,17,2003,0.5,0,0,0,,0.00,0.00,,,,0,0,Matches
Milan Jevtović,rs SRB,"FW,MF",AGF,28,1993,0.0,0,0,0,,0.00,0.00,,,,0,0,Matches
Ísak Jóhannesson,is ISL,"MF,FW",FC Copenhagen,18,2003,5.9,4,8,7,87.5,1.36,1.19,0.50,0.57,,0,0,Matches
Alexander Juel Andersen,dk DEN,DF,Odense,30,1991,14.8,1,5,1,20.0,0.34,0.07,0.20,1.00,,0,0,Matches
Jesper Juelsgård,dk DEN,DF,AGF,32,1989,0.8,0,0,0,,0.00,0.00,,,,0,0,Matches
Juninho,br BRA,DF,Midtjylland,25,1995,13.8,1,11,1,9.1,0.79,0.07,0.09,1.00,,0,0,Matches
Nicolai Jørgensen,dk DEN,FW,FC Copenhagen,30,1991,3.8,1,6,2,33.3,1.58,0.53,0.17,0.50,,0,0,Matches
Sebastian Jørgensen,dk DEN,"FW,MF",Silkeborg,21,2000,26.4,11,69,29,42.0,2.62,1.10,0.16,0.38,,0,0,Matches
Anders K. Jacobsen,dk DEN,FW,SønderjyskE,31,1989,4.8,0,9,5,55.6,1.87,1.04,0.00,0.00,,0,0,Matches
Mads Kaalund,dk DEN,MF,Silkeborg,24,1996,4.8,0,8,4,50.0,1.67,0.84,0.00,0.00,,0,0,Matches
Joel Kabongo,dk DEN,DF,Randers,23,1998,0.1,0,0,0,,0.00,0.00,,,,0,0,Matches

Bashkim Kadrii,dk DEN,FW,Odense,30,1991,15.9,1,45,11,24.4,2.83,0.69,0.02,0.09,,0,0,Matches
Eric Kahl,se SWE,"DF,MF",AGF,19,2001,20.9,2,14,6,42.9,0.67,0.29,0.14,0.33,,0,0,Matches
Mikkel Kallesøe,dk DEN,DF,Randers,24,1997,14.1,1,7,2,28.6,0.50,0.14,0.14,0.50,,0,0,Matches
Alhaji Kamara,sl SLE,FW,Randers,27,1994,8.3,6,30,10,33.3,3.63,1.21,0.20,0.60,,0,0,Matches
Pierre Kanstrup,dk DEN,DF,SønderjyskE,32,1989,1.3,0,0,0,,0.00,0.00,,,,0,0,Matches
Mamoudou Karamoko,fr FRA,MF,FC Copenhagen,21,1999,0.3,0,0,0,,0.00,0.00,,,,0,0,Matches
Tosin Kehinde,ng NGA,"MF,FW",Randers,23,1998,23.3,5,48,17,35.4,2.06,0.73,0.10,0.29,,0,0,Matches
Davit Khocholava,ge GEO,DF,FC Copenhagen,28,1993,20.2,1,7,3,42.9,0.35,0.15,0.14,0.33,,0,0,Matches
Joel King,au AUS,DF,Odense,20,2000,10.3,0,5,0,0.0,0.49,0.00,0.00,,,0,0,Matches
Anders Klynge,dk DEN,"MF,FW",Silkeborg,20,2000,20.6,2,15,7,46.7,0.73,0.34,0.13,0.29,,0,0,Matches
Tobias Klysner,dk DEN,"MF,DF",Randers,20,2001,9.3,0,16,6,37.5,1.72,0.65,0.00,0.00,,0,0,Matches
Troels Kløve,dk DEN,"MF,FW",Odense,30,1990,10.9,1,8,5,62.5,0.73,0.46,0.13,0.20,,0,0,Matches
Magnus Kofod Andersen,dk DEN,MF,Nordsjælland,22,1999,26.7,1,31,7,22.6,1.16,0.26,0.03,0.14,,0,0,Matches
Marius Kolind,dk DEN,FW,Vejle BK,19,2002,0.5,1,3,3,100.0,5.87,5.87,0.33,0.33,,0,0,Matches
Denis Kolinger,hr CRO,DF,Vejle BK,27,1994,28.4,1,19,4,21.1,0.67,0.14,0.05,0.25,,0,0,Matches
Björn Kopplin,de GER,DF,Randers,32,1989,27.1,0,23,10,43.5,0.85,0.37,0.00,0.00,,0,0,Matches
Emil Kornvig,dk DEN,MF,SønderjyskE,21,2000,15.2,2,33,10,30.3,2.18,0.66,0.06,0.20,,0,0,Matches
Lars Kramer,nl NED,DF,Viborg,22,1999,20.3,4,16,7,43.8,0.79,0.35,0.25,0.57,,0,0,Matches
Thomas Kristensen,dk DEN,DF,AGF,19,2002,8.1,0,7,0,0.0,0.86,0.00,0.00,,,0,0,Matches
Kristófer Kristinsson,is ISL,FW,SønderjyskE,22,1999,7.4,0,14,4,28.6,1.90,0.54,0.00,0.00,,0,0,Matches
Willy Kumado,gh GHA,MF,Nordsjælland,18,2002,0.5,0,0,0,,0.00,0.00,,,,0,0,Matches
Dawid Kurminowski,pl POL,FW,AGF,22,1999,10.7,2,25,13,52.0,2.33,1.21,0.08,0.15,,0,0,Matches
Kasper Kusk,dk DEN,"MF,FW",Aalborg,29,1991,14.1,4,21,7,33.3,1.49,0.50,0.19,0.57,,0,0,Matches
Mathias Kvistgaarden,dk DEN,FW,Brøndby,19,2002,8.4,5,30,12,40.0,3.56,1.42,0.17,0.42,,0,0,Matches
Kasper Larsen,dk DEN,DF,Odense,28,1993,21.3,0,3,0,0.0,0.14,0.00,0.00,,,0,0,Matches

Nicolai Larsen,dk DEN,GK,Silkeborg,30,1991,31.0,0,0,0,,0.00,0.00,,,,0,0,Matches
Frederik Lauenborg,dk DEN,MF,Randers,24,1997,19.7,0,20,7,35.0,1.01,0.36,0.00,0.00,,0,0,Matches
Jesper Lauridsen,dk DEN,DF,Randers,30,1991,4.8,0,1,0,0.0,0.21,0.00,0.00,,,0,0,Matches
Mads Lauritsen,dk DEN,DF,Viborg,28,1993,26.1,2,25,6,24.0,0.96,0.23,0.08,0.33,,0,0,Matches
Ryan Laursen,dk DEN,"DF,MF",Odense,29,1992,0.5,0,0,0,,0.00,0.00,,,,0,0,Matches
Clint Leemans,nl NED,MF,Viborg,25,1995,12.5,3,22,7,31.8,1.76,0.56,0.09,0.29,,1,1,Matches
Lukas Lerager,dk DEN,MF,FC Copenhagen,28,1993,23.2,6,33,14,42.4,1.42,0.60,0.18,0.43,,0,0,Matches
Mart Lieder,nl NED,FW,Odense,31,1990,3.6,2,13,5,38.5,3.57,1.37,0.15,0.40,,0,0,Matches
Alexander Lind Rasmussen,dk DEN,FW,Silkeborg,19,2002,2.6,1,5,3,60.0,1.96,1.17,0.20,0.33,,0,0,Matches
Victor Lind,dk DEN,FW,Midtjylland,18,2003,5.7,3,14,8,57.1,2.47,1.41,0.21,0.38,,0,0,Matches
Gift Links,za RSA,"FW,MF",AGF,22,1998,10.4,1,14,3,21.4,1.34,0.29,0.07,0.33,,0,0,Matches
Justin Lonwijk,sr SUR,MF,Viborg,21,1999,23.7,3,45,12,26.7,1.90,0.51,0.07,0.25,,0,0,Matches
Jonas Lössl,dk DEN,GK,Midtjylland,32,1989,8.0,0,0,0,,0.00,0.00,,,,0,0,Matches
Vágner Love,br BRA,FW,Midtjylland,37,1984,1.2,1,6,3,50.0,5.09,2.55,0.17,0.33,,0,0,Matches
Oliver Lund,dk DEN,"DF,MF",AGF,30,1990,17.7,0,15,3,20.0,0.85,0.17,0.00,0.00,,0,0,Matches
Lucas Lund Pedersen,dk DEN,GK,Viborg,21,2000,26.0,0,0,0,,0.00,0.00,,,,0,0,Matches
Valdemar Lund,dk DEN,DF,FC Copenhagen,18,2003,0.2,0,0,0,,0.00,0.00,,,,0,0,Matches
Lucas Lykkegaard,dk DEN,DF,Nordsjælland,19,2002,0.3,0,0,0,,0.00,0.00,,,,0,0,Matches
Awer Mabil,au AUS,FW,Midtjylland,25,1995,3.3,1,11,3,27.3,3.36,0.92,0.09,0.33,,0,0,Matches
Nicolas Madsen,dk DEN,MF,Midtjylland,21,2000,1.8,0,1,0,0.0,0.56,0.00,0.00,,,0,0,Matches
Milan Makarić,rs SRB,FW,Aalborg,25,1995,20.4,8,35,18,51.4,1.71,0.88,0.23,0.44,,0,0,Matches
Foday Manneh,gm GAM,FW,Vejle BK,21,2000,0.1,0,0,0,,0.00,0.00,,,,0,0,Matches
Gustav Marcussen,dk DEN,MF,Silkeborg,23,1998,0.3,0,3,1,33.3,9.31,3.10,0.00,0.00,,0,0,Matches
Marrony,br BRA,FW,Midtjylland,22,1999,2.3,0,3,1,33.3,1.30,0.43,0.00,0.00,,0,0,Matches
Jens Martin Gammelby,dk DEN,MF,Brøndby,26,1995,3.2,0,7,1,14.3,2.22,0.32,0.00,0.00,,0,0,Matches

Erik Marxen,dk DEN,DF,Nordsjælland,30,1990,6.8,0,2,0,0.0,0.29,0.00,0.00,,,0,0,Matches
Erik Marxen,dk DEN,DF,Randers,30,1990,9.8,0,5,2,40.0,0.51,0.20,0.00,0.00,,0,0,Matches
Pelle Mattsson,dk DEN,MF,Silkeborg,19,2001,2.2,0,2,0,0.0,0.92,0.00,0.00,,,0,0,Matches
Andreas Maxsø,dk DEN,DF,Brøndby,27,1994,26.1,1,11,3,27.3,0.42,0.12,0.00,0.00,,1,1,Matches
Oscar Meedom,dk DEN,FW,Aalborg,15,2005,0.0,0,0,0,,0.00,0.00,,,,0,0,Matches
Jeff Mensah,dk DEN,FW,Viborg,28,1992,2.1,0,7,2,28.6,3.35,0.96,0.00,0.00,,0,0,Matches
Kevin Mensah,dk DEN,"MF,DF",Brøndby,30,1991,19.4,1,16,3,18.8,0.82,0.15,0.06,0.33,,0,0,Matches
Max Meyer,de GER,MF,Midtjylland,25,1995,2.8,0,2,0,0.0,0.71,0.00,0.00,,,0,0,Matches
Nicholas Mickelson,th THA,DF,Odense,22,1999,22.9,0,6,0,0.0,0.26,0.00,0.00,,,0,0,Matches
Thomas Mikkelsen,dk DEN,GK,Brøndby,37,1983,3.0,0,0,0,,0.00,0.00,,,,0,0,Matches
Patrick Mortensen,dk DEN,FW,AGF,32,1989,22.8,6,50,18,36.0,2.19,0.79,0.08,0.22,,2,2,Matches
Victor Mpindi,cm CMR,MF,SønderjyskE,24,1997,14.6,1,24,7,29.2,1.65,0.48,0.04,0.14,,0,0,Matches
Arbnor Mucolli,al ALB,"MF,FW",Vejle BK,21,1999,23.0,5,41,16,39.0,1.78,0.69,0.12,0.31,,0,0,Matches
Paul Mukairu,ng NGA,"MF,FW",FC Copenhagen,21,2000,6.9,0,10,3,30.0,1.45,0.44,0.00,0.00,,0,0,Matches
Alexander Munksgaard,dk DEN,DF,AGF,23,1997,12.4,0,2,1,50.0,0.16,0.08,0.00,0.00,,0,0,Matches
Tobias Mølgaard,dk DEN,"MF,DF",Vejle BK,25,1996,21.8,1,9,5,55.6,0.41,0.23,0.11,0.20,,0,0,Matches
Adamo Nagalo,bf BFA,DF,Nordsjælland,18,2002,22.5,1,11,4,36.4,0.49,0.18,0.09,0.25,,0,0,Matches
Marokhy Ndione,se SWE,FW,Viborg,21,1999,0.6,0,0,0,,0.00,0.00,,,,0,0,Matches
Victor Nelsson,dk DEN,DF,FC Copenhagen,22,1998,1.0,0,0,0,,0.00,0.00,,,,0,0,Matches
Rasmus Nicolaisen,dk DEN,DF,Midtjylland,24,1997,1.3,0,2,0,0.0,1.50,0.00,0.00,,,0,0,Matches
Oliver Nielsen,dk DEN,DF,Vejle BK,18,2003,3.5,0,6,0,0.0,1.71,0.00,0.00,,,0,0,Matches
Emeka Nnamani,dk DEN,FW,Nordsjælland,19,2001,0.4,0,1,0,0.0,2.65,0.00,0.00,,,0,0,Matches
Anders Noshe,dk DEN,FW,Aalborg,15,2006,0.0,0,0,0,,0.00,0.00,,,,0,0,Matches
Ernest Nuamah,gh GHA,FW,Nordsjælland,17,2003,2.2,1,3,1,33.3,1.34,0.45,0.33,1.00,,0,0,Matches
Benjamin Nygren,se SWE,"FW,MF",Nordsjælland,20,2001,7.1,1,17,6,35.3,2.41,0.85,0.06,0.17,,0,0,Matches

Stephen Odey,ng NGA,FW,Randers,23,1998,20.2,7,63,29,46.0,3.12,1.44,0.10,0.21,,1,2,Matches
Ebenezer Ofori,gh GHA,MF,Vejle BK,26,1995,10.6,0,3,0,0.0,0.28,0.00,0.00,,,0,0,Matches
Andreas Oggesen,dk DEN,MF,Silkeborg,27,1994,8.4,0,13,3,23.1,1.55,0.36,0.00,0.00,,0,0,Matches
Emmanuel Ogura,gh GHA,GK,Nordsjælland,19,2002,7.0,0,0,0,,0.00,0.00,,,,0,0,Matches
Marios Oikonomou,gr GRE,DF,FC Copenhagen,28,1992,1.2,0,1,0,0.0,0.83,0.00,0.00,,,0,0,Matches
Rilwan Olanrewaju Hassan,ng NGA,"FW,MF",SønderjyskE,30,1991,12.7,1,21,6,28.6,1.65,0.47,0.05,0.17,,0,0,Matches
Patrick Olsen,dk DEN,"MF,FW",AGF,27,1994,9.7,0,12,1,8.3,1.24,0.10,0.00,0.00,,0,0,Matches
Vincent Onovo,ng NGA,MF,Randers,25,1995,2.7,0,3,1,33.3,1.12,0.37,0.00,0.00,,0,0,Matches
Raphael Onyedika,ng NGA,MF,Midtjylland,20,2001,28.2,2,31,6,19.4,1.10,0.21,0.06,0.33,,0,0,Matches
Jerome Opoku,gh GHA,DF,Vejle BK,22,1998,17.0,0,5,1,20.0,0.29,0.06,0.00,0.00,,0,0,Matches
Moses Opondo,ug UGA,"MF,FW",Odense,23,1997,4.2,1,4,3,75.0,0.95,0.72,0.25,0.33,,0,0,Matches
David Ousted,dk DEN,GK,Midtjylland,36,1985,10.1,0,0,0,,0.00,0.00,,,,0,0,Matches
Kristoffer Pallesen,dk DEN,"MF,DF",Aalborg,31,1990,28.5,0,15,4,26.7,0.53,0.14,0.00,0.00,,0,0,Matches
Paulinho,br BRA,"MF,DF",Midtjylland,26,1995,16.9,1,15,3,20.0,0.89,0.18,0.07,0.33,,0,0,Matches
Andrija Pavlović,rs SRB,FW,Brøndby,27,1993,5.3,0,15,6,40.0,2.81,1.12,0.00,0.00,,0,0,Matches
Andreas Pedersen,dk DEN,FW,Nordsjælland,18,2003,1.6,0,2,2,100.0,1.24,1.24,0.00,0.00,,0,0,Matches
Faris Pemi Moumbagna,cm CMR,FW,SønderjyskE,21,2000,3.7,0,6,1,16.7,1.62,0.27,0.00,0.00,,0,0,Matches
Brandon Pierrick,eng ENG,MF,Vejle BK,19,2001,0.4,0,0,0,,0.00,0.00,,,,0,0,Matches
Simon Piesinger,at AUT,DF,Randers,29,1992,29.1,1,16,5,31.3,0.55,0.17,0.06,0.20,,0,0,Matches
Andrés Ponce,ve VEN,FW,Vejle BK,24,1996,13.2,1,31,7,22.6,2.36,0.53,0.03,0.14,,0,0,Matches
Nicolai Poulsen,dk DEN,MF,AGF,27,1993,24.7,1,9,1,11.1,0.36,0.04,0.11,1.00,,0,0,Matches
Tim Prica,se SWE,FW,Aalborg,19,2002,5.4,1,12,4,33.3,2.24,0.75,0.08,0.25,,0,0,Matches
Vladimir Prijović,rs SRB,DF,Aalborg,19,2002,0.3,0,2,0,0.0,7.83,0.00,0.00,,,0,0,Matches
Louka Prip,dk DEN,"MF,FW",Aalborg,24,1997,27.7,14,77,36,46.8,2.78,1.30,0.14,0.31,,3,3,Matches
Dániel Prosser,hu HUN,"FW,MF",SønderjyskE,27,1994,6.3,2,17,6,35.3,2.71,0.96,0.12,0.33,,0,0,Matches

Andreas Pyndt Andersen,dk DEN,MF,Brøndby,20,2001,0.2,0,0,0,,0.00,0.00,,,,0,0,Matches
Josip Radošević,hr CRO,MF,Brøndby,27,1994,23.0,1,20,5,25.0,0.87,0.22,0.05,0.20,,0,0,Matches
Elías Rafn Ólafsson,is ISL,GK,Midtjylland,21,2000,13.9,0,0,0,,0.00,0.00,,,,0,0,Matches
Søren Reese,dk DEN,DF,SønderjyskE,28,1993,5.6,0,3,1,33.3,0.53,0.18,0.00,0.00,,0,0,Matches
Charles Rigon Matos,br BRA,"MF,FW",Midtjylland,25,1996,10.2,1,11,8,72.7,1.08,0.79,0.09,0.13,,0,0,Matches
Jacob Rinne,se SWE,GK,Aalborg,28,1993,32.0,0,0,0,,0.00,0.00,,,,0,0,Matches
Blas Riveros,py PAR,"DF,MF",Brøndby,23,1998,14.6,0,16,2,12.5,1.10,0.14,0.00,0.00,,0,0,Matches
Oliver Rose-Villadsen,dk DEN,"DF,MF",Nordsjælland,19,2001,29.5,5,17,12,70.6,0.58,0.41,0.29,0.42,,0,0,Matches
Mathias Ross,dk DEN,DF,Aalborg,20,2001,21.8,1,11,1,9.1,0.51,0.05,0.09,1.00,,0,0,Matches
Oliver Ross,dk DEN,MF,Aalborg,16,2004,3.2,0,5,2,40.0,1.57,0.63,0.00,0.00,,0,0,Matches
Sigurd Rosted,no NOR,DF,Brøndby,27,1994,23.5,1,18,4,22.2,0.77,0.17,0.06,0.25,,0,0,Matches
Rufo,es ESP,"MF,FW",Aalborg,28,1993,1.8,0,2,0,0.0,1.11,0.00,0.00,,,0,0,Matches
Nicklas Røjkjær,dk DEN,DF,Silkeborg,23,1998,2.3,1,11,4,36.4,4.85,1.76,0.09,0.25,,0,0,Matches
Emmanuel Sabbi,us USA,MF,Odense,23,1997,24.0,3,70,20,28.6,2.91,0.83,0.03,0.10,,1,1,Matches
Ibrahim Sadiq,gh GHA,"MF,FW",Nordsjælland,21,2000,2.0,0,9,3,33.3,4.43,1.48,0.00,0.00,,0,0,Matches
Valdemar Sadrifar,,FW,Vejle BK,20,2001,0.1,0,0,0,,0.00,0.00,,,,0,0,Matches
Ibrahim Said,ng NGA,FW,Viborg,19,2002,5.8,1,12,3,25.0,2.05,0.51,0.08,0.33,,0,0,Matches
Yousef Salech,dk DEN,FW,Brøndby,19,2002,0.3,0,1,0,0.0,3.91,0.00,0.00,,,0,0,Matches
Tobias Salquist,dk DEN,DF,Silkeborg,26,1995,31.9,3,15,6,40.0,0.47,0.19,0.20,0.50,,0,0,Matches
Bubacarr Sanneh,gm GAM,DF,SønderjyskE,26,1994,6.1,0,6,1,16.7,0.98,0.16,0.00,0.00,,0,0,Matches
Andreas Schjelderup,no NOR,"FW,MF",Nordsjælland,17,2004,15.1,4,26,10,38.5,1.72,0.66,0.08,0.20,,2,2,Matches
Philipp Schmiedl,at AUT,DF,SønderjyskE,24,1997,0.2,0,1,0,0.0,5.00,0.00,0.00,,,0,0,Matches
Jacob Schoop,dk DEN,MF,Vejle BK,32,1988,8.0,0,13,4,30.8,1.62,0.50,0.00,0.00,,0,0,Matches
Robin Schouten,nl NED,MF,SønderjyskE,23,1998,1.0,0,2,1,50.0,1.94,0.97,0.00,0.00,,0,0,Matches
Alexander Simmelhack,dk DEN,FW,Randers,15,2005,0.3,0,1,0,0.0,3.91,0.00,0.00,,,0,0,Matches

Ayo Simon Okosun,dk DEN,MF,Odense,28,1993,12.3,1,10,3,30.0,0.82,0.24,0.10,0.33,,0,0,Matches
Jeppe Simonsen,ht HAI,"FW,DF",SønderjyskE,25,1995,8.9,1,9,3,33.3,1.01,0.34,0.11,0.33,,0,0,Matches
Doguhan Simsir,dk DEN,MF,Midtjylland,19,2002,0.2,0,0,0,,0.00,0.00,,,,0,0,Matches
Luther Singh,za RSA,"FW,MF",FC Copenhagen,23,1997,0.7,0,2,0,0.0,2.86,0.00,0.00,,,0,0,Matches
Jagvir Singh Sidhu,dk DEN,FW,Brøndby,20,2001,0.4,0,1,0,0.0,2.37,0.00,0.00,,,0,0,Matches
Pione Sisto,dk DEN,"FW,MF",Midtjylland,26,1995,15.8,2,36,11,30.6,2.28,0.70,0.06,0.18,,0,0,Matches
Anton Skipper,dk DEN,"DF,MF",Brøndby,21,2000,3.3,0,1,0,0.0,0.31,0.00,0.00,,,0,0,Matches
Jørgen Skjelvik,no NOR,DF,Odense,30,1991,24.0,3,13,7,53.8,0.54,0.29,0.23,0.43,,0,0,Matches
Tobias Slotsager,dk DEN,DF,Odense,15,2006,0.1,0,0,0,,0.00,0.00,,,,0,0,Matches
Oliver Sonne,pe PER,DF,Silkeborg,20,2000,8.5,0,9,3,33.3,1.06,0.35,0.00,0.00,,0,0,Matches
Maxime Soulas,fr FRA,DF,SønderjyskE,22,1999,9.6,0,6,1,16.7,0.63,0.10,0.00,0.00,,0,0,Matches
Allan Sousa,br BRA,"FW,MF",Vejle BK,24,1997,24.4,2,51,20,39.2,2.09,0.82,0.00,0.00,,2,2,Matches
Jens Stage,dk DEN,MF,FC Copenhagen,24,1996,19.0,5,23,8,34.8,1.21,0.42,0.22,0.63,,0,0,Matches
Orri Steinn Óskarsson,is ISL,FW,FC Copenhagen,16,2004,0.2,0,1,0,0.0,4.74,0.00,0.00,,,0,0,Matches
Sander Svendsen,no NOR,MF,Odense,23,1997,7.4,4,21,9,42.9,2.82,1.21,0.19,0.44,,0,0,Matches
Daniel Svensson,se SWE,"DF,MF",Nordsjælland,19,2002,11.4,1,8,3,37.5,0.70,0.26,0.13,0.33,,0,0,Matches
Erik Sviatchenko,dk DEN,DF,Midtjylland,29,1991,21.0,4,27,10,37.0,1.28,0.48,0.15,0.40,,0,0,Matches
Mads Søndergaard,dk DEN,MF,Viborg,18,2002,1.1,0,2,1,50.0,1.75,0.87,0.00,0.00,,0,0,Matches
Christian Sørensen,dk DEN,DF,Viborg,28,1992,32.0,2,34,8,23.5,1.06,0.25,0.06,0.25,,0,0,Matches
Abdulrahman Taiwo,ng NGA,FW,SønderjyskE,22,1998,10.2,1,20,9,45.0,1.96,0.88,0.05,0.11,,0,0,Matches
Duplexe Tchamba,cm CMR,DF,SønderjyskE,23,1998,21.2,2,18,7,38.9,0.85,0.33,0.11,0.29,,0,0,Matches
Søren Tengstedt,dk DEN,MF,AGF,21,2000,0.2,0,0,0,,0.00,0.00,,,,0,0,Matches
Søren Tengstedt,dk DEN,FW,Silkeborg,21,2000,3.5,2,9,4,44.4,2.60,1.15,0.22,0.50,,0,0,Matches
Rasmus Thelander,dk DEN,DF,Aalborg,30,1991,27.0,3,17,6,35.3,0.63,0.22,0.18,0.50,,0,0,Matches
Lawrence Thomas,au AUS,GK,SønderjyskE,29,1992,24.0,0,0,0,,0.00,0.00,,,,0,0,Matches

Nicolaj Thomsen,dk DEN,MF,SønderjyskE,28,1993,10.4,1,6,1,16.7,0.58,0.10,0.17,1.00,,0,0,Matches
Simon Tibbling,se SWE,MF,Randers,26,1994,13.0,0,12,2,16.7,0.92,0.15,0.00,0.00,,0,0,Matches
Frederik Tingager,dk DEN,DF,AGF,28,1993,17.5,2,14,6,42.9,0.80,0.34,0.14,0.33,,0,0,Matches
Victor Torp,dk DEN,MF,Midtjylland,22,1999,0.1,0,0,0,,0.00,0.00,,,,0,0,Matches
Aleksandar Trajkovski,mk MKD,FW,Aalborg,28,1992,3.1,0,4,1,25.0,1.29,0.32,0.00,0.00,,0,0,Matches
Kevin Tshiembe,dk DEN,DF,Brøndby,24,1997,16.5,0,11,3,27.3,0.67,0.18,0.00,0.00,,0,0,Matches
Jeppe Tverskov,dk DEN,"DF,MF",Odense,28,1993,25.0,0,10,5,50.0,0.40,0.20,0.00,0.00,,0,0,Matches
Mikael Uhre,dk DEN,FW,Brøndby,26,1994,13.3,11,34,15,44.1,2.56,1.13,0.32,0.73,,0,0,Matches
Nicolai Vallys,dk DEN,"FW,MF",Silkeborg,24,1996,31.0,10,94,39,41.5,3.04,1.26,0.11,0.26,,0,0,Matches
Denis Vavro,sk SVK,DF,FC Copenhagen,25,1996,14.0,1,17,3,17.6,1.22,0.21,0.06,0.33,,0,0,Matches
William Vick,dk DEN,"MF,FW",FC Copenhagen,18,2003,14.1,2,20,5,25.0,1.42,0.36,0.10,0.40,,0,0,Matches
Peter Vindahl Jensen,dk DEN,GK,Nordsjælland,23,1998,5.0,0,0,0,,0.00,0.00,,,,0,0,Matches
Rasmus Vinderslev,dk DEN,"MF,DF",SønderjyskE,23,1997,13.9,0,11,4,36.4,0.79,0.29,0.00,0.00,,0,0,Matches
Kasper Waarst Høgh,dk DEN,"FW,MF",Aalborg,20,2000,6.5,3,19,8,42.1,2.94,1.24,0.16,0.38,,0,0,Matches
Leo Walta,fi FIN,MF,Nordsjælland,18,2003,4.4,0,3,1,33.3,0.68,0.23,0.00,0.00,,0,0,Matches
Rasmus Wikström,se SWE,DF,Brøndby,20,2001,0.1,0,0,0,,0.00,0.00,,,,0,0,Matches
Kamil Wilczek,pl POL,FW,FC Copenhagen,33,1988,3.2,1,9,2,22.2,2.81,0.62,0.11,0.50,,0,0,Matches
Jack Wilshere,eng ENG,MF,AGF,29,1992,7.8,0,3,1,33.3,0.38,0.13,0.00,0.00,,0,0,Matches
Jonas Wind,dk DEN,FW,FC Copenhagen,22,1999,14.4,6,50,22,44.0,3.48,1.53,0.10,0.23,,1,1,Matches
Maxwell Woledzi,gh GHA,DF,Nordsjælland,20,2001,6.2,0,1,1,100.0,0.16,0.16,0.00,0.00,,0,0,Matches
Arthur Yamga,fr FRA,DF,Vejle BK,24,1996,5.6,0,3,1,33.3,0.54,0.18,0.00,0.00,,0,0,Matches
Jan Žambůrek,cz CZE,MF,Viborg,20,2001,3.9,0,6,1,16.7,1.52,0.25,0.00,0.00,,0,0,Matches
Zeca,gr GRE,MF,FC Copenhagen,32,1988,10.1,1,6,2,33.3,0.59,0.20,0.17,0.50,,0,0,Matches
Guðmundur Þórarinsson,is ISL,"MF,DF",Aalborg,29,1992,4.0,0,4,1,25.0,1.01,0.25,0.00,0.00,,0,0,Matches
Stefán Þórðarson,is ISL,MF,Silkeborg,22,1998,17.0,2,38,8,21.1,2.24,0.47,0.05,0.25,,0,0,Matches

Aron Þrándarson,is ISL,MF,Odense,26,1994,17.3,0,15,3,20.0,0.87,0.17,0.00,0.00,,0,0,Matches
Luka Đorđević,me MNE,FW,Vejle BK,27,1994,11.0,5,27,11,40.7,2.45,1.00,0.19,0.45,,0,0,Matches
