Player,Nation,Position,Squad,Age,Year of birth,90s Played,Goals,Shots Total,Shots on Target,Shots on Target %,Shots Total/90,Shots on target/90,Goals/Shot,Goals/Shot on Target,Average Shot Distance,Shots from Free Kicks,Penalty Kicks Made,Penalty Kicks Attempted,xG: Expected Goals,npxG: Non-Penalty xG,npxG/Shot,Goals - xG,Non-Penalty Goals - npxG,Matches


Tammy Abraham,eng ENG,FW,Roma,25,1997,2.7,1,4,2,50.0,1.49,0.74,0.25,0.50,11.9,0,0,0,0.6,0.6,0.15,+0.4,+0.4,Matches
Francesco Acerbi,it ITA,DF,Inter,35,1988,26.5,3,15,6,40.0,0.57,0.23,0.20,0.50,12.0,0,0,0,1.6,1.6,0.11,+1.4,+1.4,Matches
Yacine Adli,fr FRA,MF,Milan,23,2000,15.6,1,4,1,25.0,0.26,0.06,0.25,1.00,19.8,0,0,0,0.3,0.3,0.07,+0.7,+0.7,Matches
Michel Aebischer,ch SUI,MF,Bologna,26,1997,24.8,0,18,5,27.8,0.73,0.20,0.00,0.00,22.4,0,0,0,1.1,1.1,0.06,-1.1,-1.1,Matches
Lucien Agoume,fr FRA,MF,Inter,21,2002,0.1,0,0,0,,0.00,0.00,,,,0,0,0,0.0,0.0,,0.0,0.0,Matches
Marley Aké,fr FRA,FW,Udinese,22,2001,0.1,0,0,0,,0.00,0.00,,,,0,0,0,0.0,0.0,,0.0,0.0,Matches
Ebenezer Akinsanmiro,ng NGA,MF,Inter,18,2004,0.2,0,0,0,,0.00,0.00,,,,0,0,0,0.0,0.0,,0.0,0.0,Matches
Jean-Daniel Akpa-Akpro,ci CIV,MF,Monza,30,1992,7.8,0,7,3,42.9,0.89,0.38,0.00,0.00,26.6,0,0,0,0.5,0.5,0.08,-0.5,-0.5,Matches
David Akpan Ankeye,ng NGA,FW,Genoa,21,2002,0.6,0,0,0,,0.00,0.00,,,,0,0,0,0.0,0.0,,0.0,0.0,Matches
Luis Alberto,es ESP,MF,Lazio,30,1992,25.7,5,56,15,26.8,2.18,0.58,0.09,0.33,22.0,4,0,0,4.7,4.7,0.08,+0.3,+0.3,Matches
Carlos Alcaraz,ar ARG,MF,Juventus,20,2002,4.2,0,11,2,18.2,2.61,0.47,0.00,0.00,24.0,2,0,0,0.4,0.4,0.03,-0.4,-0.4,Matches
Pontus Almqvist,se SWE,"FW,MF",Lecce,24,1999,23.4,2,40,15,37.5,1.71,0.64,0.05,0.13,19.7,0,0,0,2.3,2.3,0.06,-0.3,-0.3,Matches
Lorenzo Amatucci,it ITA,MF,Fiorentina,19,2004,0.2,0,1,0,0.0,4.09,0.00,0.00,,29.5,0,0,0,0.0,0.0,0.01,0.0,0.0,Matches
Bruno Amione,ar ARG,DF,Hellas Verona,21,2002,6.4,0,5,3,60.0,0.78,0.47,0.00,0.00,9.3,0,0,0,0.3,0.3,0.06,-0.3,-0.3,Matches
Felipe Anderson,br BRA,"FW,MF",Lazio,30,1993,30.8,5,43,11,25.6,1.40,0.36,0.12,0.45,17.3,1,0,0,4.4,4.4,0.10,+0.6,+0.6,Matches
Angeliño,es ESP,DF,Roma,26,1997,12.7,0,8,2,25.0,0.63,0.16,0.00,0.00,24.1,0,0,0,0.2,0.2,0.02,-0.2,-0.2,Matches
Houssem Aouar,dz ALG,"MF,FW",Roma,25,1998,8.4,4,12,7,58.3,1.43,0.83,0.33,0.57,13.3,0,0,0,2.3,2.3,0.19,+1.7,+1.7,Matches
Simone Aresti,it ITA,GK,Cagliari,37,1986,0.0,0,0,0,,0.00,0.00,,,,0,0,0,0.0,0.0,,0.0,0.0,Matches
Marko Arnautović,at AUT,FW,Inter,34,1989,8.9,5,17,9,52.9,1.91,1.01,0.29,0.56,11.5,0,0,0,5.0,5.0,0.29,0.0,0.0,Matches
Kristjan Asllani,al ALB,MF,Inter,21,2002,8.7,1,15,4,26.7,1.72,0.46,0.07,0.25,27.1,1,0,0,0.6,0.6,0.04,+0.4,+0.4,Matches
Emil Audero,it ITA,GK,Inter,26,1997,3.7,0,0,0,,0.00,0.00,,,,0,0,0,0.0,0.0,,0.0,0.0,Matches
Tommaso Augello,it ITA,DF,Cagliari,28,1994,26.9,1,10,3,30.0,0.37,0.11,0.10,0.33,24.1,1,0,0,0.5,0.5,0.05,+0.5,+0.5,Matches
Carlos Augusto,br BRA,DF,Inter,24,1999,19.2,0,22,6,27.3,1.15,0.31,0.00,0.00,17.1,0,0,0,1.0,1.0,0.05,-1.0,-1.0,Matches
Yann Aurel Bisseck,de GER,DF,Inter,22,2000,10.0,2,12,4,33.3,1.19,0.40,0.17,0.50,12.7,0,0,0,0.9,0.9,0.07,+1.1,+1.1,Matches
Sardar Azmoun,ir IRN,"FW,MF",Roma,28,1995,6.5,3,16,7,43.8,2.46,1.08,0.19,0.43,13.1,0,0,0,2.9,2.9,0.20,+0.1,+0.1,Matches

Paulo Azzi,br BRA,"DF,MF",Cagliari,29,1994,10.6,0,21,2,9.5,1.99,0.19,0.00,0.00,20.0,0,0,0,1.2,1.2,0.06,-1.2,-1.2,Matches
Oussama El Azzouzi,ma MAR,MF,Bologna,22,2001,6.1,2,2,2,100.0,0.33,0.33,1.00,1.00,9.5,0,0,0,0.5,0.5,0.24,+1.5,+1.5,Matches
Milan Badelj,hr CRO,MF,Genoa,34,1989,28.2,1,21,4,19.0,0.75,0.14,0.05,0.25,19.1,0,0,0,1.4,1.4,0.07,-0.4,-0.4,Matches
Jaime Báez,uy URU,"FW,MF",Frosinone,28,1995,5.6,1,9,2,22.2,1.62,0.36,0.11,0.50,23.5,1,0,0,0.5,0.5,0.05,+0.5,+0.5,Matches
Nicola Bagnolini,it ITA,GK,Bologna,19,2004,0.1,0,0,0,,0.00,0.00,,,,0,0,0,0.0,0.0,,0.0,0.0,Matches
Nedim Bajrami,al ALB,"MF,FW",Sassuolo,24,1999,14.6,2,32,9,28.1,2.20,0.62,0.06,0.22,21.8,3,0,0,2.5,2.5,0.08,-0.5,-0.5,Matches
Mitchel Bakker,nl NED,DF,Atalanta,23,2000,4.2,1,5,1,20.0,1.18,0.24,0.20,1.00,14.8,0,0,0,0.2,0.2,0.04,+0.8,+0.8,Matches
Tommaso Baldanzi,it ITA,"MF,FW",Empoli,20,2003,8.3,2,14,6,42.9,1.69,0.72,0.14,0.33,20.0,0,0,0,2.1,2.1,0.15,-0.1,-0.1,Matches
Tommaso Baldanzi,it ITA,"FW,MF",Roma,20,2003,5.8,0,15,3,20.0,2.61,0.52,0.00,0.00,18.0,0,0,0,0.9,0.9,0.06,-0.9,-0.9,Matches
Lameck Banda,zm ZAM,FW,Lecce,22,2001,15.0,2,50,23,46.0,3.33,1.53,0.04,0.09,19.8,1,0,0,3.6,3.6,0.07,-1.6,-1.6,Matches
Daniel Bandeira,pt POR,MF,Hellas Verona,23,2000,5.0,0,3,0,0.0,0.61,0.00,0.00,,28.5,0,0,0,0.1,0.1,0.02,-0.1,-0.1,Matches
Mattia Bani,it ITA,DF,Genoa,29,1993,25.6,2,9,5,55.6,0.35,0.20,0.22,0.40,9.1,0,0,0,1.2,1.2,0.14,+0.8,+0.8,Matches
Antonín Barák,cz CZE,"MF,FW",Fiorentina,28,1994,9.0,2,20,8,40.0,2.23,0.89,0.10,0.25,16.9,1,0,0,1.5,1.5,0.08,+0.5,+0.5,Matches
Nicolò Barella,it ITA,MF,Inter,26,1997,31.6,2,40,12,30.0,1.26,0.38,0.05,0.17,18.2,0,0,0,5.1,5.1,0.13,-3.1,-3.1,Matches
Enzo Barrenechea,ar ARG,MF,Frosinone,22,2001,31.2,0,20,3,15.0,0.64,0.10,0.00,0.00,22.8,2,0,0,0.6,0.6,0.03,-0.6,-0.6,Matches
Davide Bartesaghi,it ITA,"DF,MF",Milan,17,2005,0.9,0,0,0,,0.00,0.00,,,,0,0,0,0.0,0.0,,0.0,0.0,Matches
Federico Baschirotto,it ITA,DF,Lecce,26,1996,36.6,0,17,6,35.3,0.46,0.16,0.00,0.00,10.8,0,0,0,1.7,1.5,0.09,-1.7,-1.5,Matches
Toma Bašić,hr CRO,MF,Salernitana,26,1996,12.9,0,12,1,8.3,0.93,0.08,0.00,0.00,27.0,1,0,0,0.6,0.6,0.05,-0.6,-0.6,Matches
Alessandro Bastoni,it ITA,DF,Inter,24,1999,25.2,1,15,6,40.0,0.60,0.24,0.07,0.17,13.3,0,0,0,1.2,1.2,0.08,-0.2,-0.2,Matches
Simone Bastoni,it ITA,"MF,DF",Empoli,26,1996,8.3,1,7,1,14.3,0.85,0.12,0.14,1.00,21.9,2,0,0,0.4,0.4,0.06,+0.6,+0.6,Matches
Reda Belahyane,fr FRA,MF,Hellas Verona,19,2004,1.0,0,1,1,100.0,1.00,1.00,0.00,0.00,26.6,0,0,0,0.0,0.0,0.03,0.0,0.0,Matches
Raoul Bellanova,it ITA,DF,Torino,23,2000,33.8,1,32,3,9.4,0.95,0.09,0.03,0.33,16.6,0,0,0,2.0,2.0,0.06,-1.0,-1.0,Matches
Andrea Belotti,it ITA,FW,Fiorentina,29,1993,10.5,3,33,9,27.3,3.13,0.85,0.09,0.33,13.9,0,0,0,3.7,3.7,0.11,-0.7,-0.7,Matches
Andrea Belotti,it ITA,FW,Roma,29,1993,7.5,3,15,8,53.3,1.99,1.06,0.20,0.38,13.9,0,0,0,2.4,2.4,0.16,+0.6,+0.6,Matches
Lucas Beltrán,ar ARG,"FW,MF",Fiorentina,22,2001,18.8,6,30,7,23.3,1.60,0.37,0.17,0.71,15.5,0,1,1,3.8,3.0,0.10,+2.2,+2.0,Matches

Ismaël Bennacer,dz ALG,MF,Milan,25,1997,12.8,2,11,1,9.1,0.86,0.08,0.09,1.00,21.6,1,1,1,1.7,0.9,0.08,+0.3,+0.1,Matches
Domenico Berardi,it ITA,FW,Sassuolo,28,1994,15.9,9,46,19,41.3,2.89,1.19,0.09,0.21,23.3,2,5,5,6.5,2.6,0.06,+2.5,+1.4,Matches
Bartosz Bereszyński,pl POL,DF,Empoli,31,1992,19.6,0,3,1,33.3,0.15,0.05,0.00,0.00,27.8,0,0,0,0.1,0.1,0.02,-0.1,-0.1,Matches
Etrit Berisha,al ALB,GK,Empoli,34,1989,14.0,0,0,0,,0.00,0.00,,,,0,0,0,0.0,0.0,,0.0,0.0,Matches
Medon Berisha,al ALB,"FW,MF",Lecce,19,2003,2.3,0,2,0,0.0,0.88,0.00,0.00,,17.6,0,0,0,0.2,0.2,0.09,-0.2,-0.2,Matches
Victor Bernth Kristiansen,dk DEN,DF,Bologna,20,2002,25.6,0,6,2,33.3,0.23,0.08,0.00,0.00,18.8,0,0,0,0.3,0.3,0.04,-0.3,-0.3,Matches
Beto,gw GNB,FW,Udinese,25,1998,0.8,0,0,0,,0.00,0.00,,,,0,0,0,0.0,0.0,,0.0,0.0,Matches
Davide Bettella,it ITA,MF,Monza,23,2000,0.0,0,0,0,,0.00,0.00,,,,0,0,0,0.0,0.0,,0.0,0.0,Matches
Sam Beukema,nl NED,DF,Bologna,24,1998,28.3,1,12,4,33.3,0.42,0.14,0.08,0.25,9.7,0,0,0,1.9,1.9,0.16,-0.9,-0.9,Matches
Jaka Bijol,si SVN,DF,Udinese,24,1999,23.2,0,15,2,13.3,0.65,0.09,0.00,0.00,9.1,0,0,0,1.9,1.9,0.13,-1.9,-1.9,Matches
El Bilal Touré,ml MLI,FW,Atalanta,21,2001,4.4,2,12,4,33.3,2.74,0.91,0.17,0.50,15.2,0,0,0,1.2,1.2,0.10,+0.8,+0.8,Matches
Cristiano Biraghi,it ITA,DF,Fiorentina,30,1992,26.2,2,16,5,31.3,0.61,0.19,0.13,0.40,28.1,7,0,1,1.6,0.8,0.05,+0.4,+1.2,Matches
Davide Biraschi,it ITA,DF,Genoa,29,1994,1.0,1,1,1,100.0,1.00,1.00,1.00,1.00,9.6,0,0,0,0.1,0.1,0.10,+0.9,+0.9,Matches
Samuele Birindelli,it ITA,DF,Monza,24,1999,22.4,0,25,9,36.0,1.12,0.40,0.00,0.00,18.1,0,0,0,1.1,1.1,0.04,-1.1,-1.1,Matches
Alexis Blin,fr FRA,MF,Lecce,26,1996,18.2,0,13,2,15.4,0.71,0.11,0.00,0.00,13.9,0,0,0,1.1,1.1,0.08,-1.1,-1.1,Matches
Jérôme Boateng,de GER,DF,Salernitana,34,1988,2.6,0,0,0,,0.00,0.00,,,,0,0,0,0.0,0.0,,0.0,0.0,Matches
Emil Bohinen,no NOR,MF,Genoa,24,1999,0.6,0,0,0,,0.00,0.00,,,,0,0,0,0.0,0.0,,0.0,0.0,Matches
Emil Bohinen,no NOR,MF,Salernitana,24,1999,5.9,0,4,0,0.0,0.67,0.00,0.00,,24.3,0,0,0,0.1,0.1,0.02,-0.1,-0.1,Matches
Daniel Boloca,ro ROU,MF,Sassuolo,24,1998,22.5,1,13,4,30.8,0.58,0.18,0.08,0.25,26.3,0,0,0,0.5,0.5,0.04,+0.5,+0.5,Matches
Giacomo Bonaventura,it ITA,MF,Fiorentina,33,1989,25.3,8,51,13,25.5,2.02,0.51,0.16,0.62,20.2,1,0,1,5.7,4.4,0.09,+2.3,+3.6,Matches
Federico Bonazzoli,it ITA,"FW,MF",Hellas Verona,26,1997,11.3,3,27,13,48.1,2.39,1.15,0.11,0.23,18.6,0,0,0,2.9,2.9,0.11,+0.1,+0.1,Matches
Warren Bondo,fr FRA,MF,Monza,19,2003,16.4,1,17,4,23.5,1.04,0.24,0.06,0.25,20.8,0,0,0,0.9,0.9,0.06,+0.1,+0.1,Matches
Giovanni Bonfanti,it ITA,DF,Atalanta,20,2003,1.0,0,1,0,0.0,1.01,0.00,0.00,,5.9,0,0,0,0.1,0.1,0.09,-0.1,-0.1,Matches
Kevin Bonifazi,it ITA,DF,Bologna,27,1996,1.0,0,0,0,,0.00,0.00,,,,0,0,0,0.0,0.0,,0.0,0.0,Matches
Kevin Bonifazi,it ITA,DF,Frosinone,27,1996,3.4,0,0,0,,0.00,0.00,,,,0,0,0,0.0,0.0,,0.0,0.0,Matches

Gennaro Borrelli,it ITA,FW,Frosinone,23,2000,0.3,0,0,0,,0.00,0.00,,,,0,0,0,0.0,0.0,,0.0,0.0,Matches
Erik Botheim,no NOR,"FW,MF",Salernitana,23,2000,3.5,0,1,0,0.0,0.28,0.00,0.00,,15.8,0,0,0,0.1,0.1,0.11,-0.1,-0.1,Matches
Mehdi Bourabia,ma MAR,MF,Frosinone,31,1991,2.2,0,2,0,0.0,0.90,0.00,0.00,,17.9,0,0,0,0.1,0.1,0.05,-0.1,-0.1,Matches
Edoardo Bove,it ITA,MF,Roma,21,2002,19.8,0,19,6,31.6,0.96,0.30,0.00,0.00,17.8,0,0,0,2.0,2.0,0.10,-2.0,-2.0,Matches
Domagoj Bradarić,hr CRO,DF,Salernitana,23,1999,30.5,0,19,4,21.1,0.62,0.13,0.00,0.00,22.3,0,0,0,0.8,0.8,0.04,-0.8,-0.8,Matches
Josip Brekalo,hr CRO,FW,Fiorentina,25,1998,7.2,1,9,4,44.4,1.24,0.55,0.11,0.25,19.3,0,0,0,0.4,0.4,0.04,+0.6,+0.6,Matches
Gleison Bremer,br BRA,DF,Juventus,26,1997,35.9,3,18,4,22.2,0.50,0.11,0.17,0.75,13.4,0,0,0,1.4,1.4,0.08,+1.6,+1.6,Matches
Brenner,br BRA,"MF,FW",Udinese,23,2000,2.1,0,4,2,50.0,1.90,0.95,0.00,0.00,15.9,0,0,0,0.4,0.4,0.10,-0.4,-0.4,Matches
Marco Brescianini,it ITA,MF,Frosinone,23,2000,25.8,4,31,10,32.3,1.20,0.39,0.13,0.40,19.9,2,0,0,2.3,2.3,0.07,+1.7,+1.7,Matches
Dylan Bronn,tn TUN,"DF,MF",Salernitana,28,1995,0.6,0,1,0,0.0,1.73,0.00,0.00,,13.2,0,0,0,0.0,0.0,0.03,0.0,0.0,Matches
Tajon Buchanan,ca CAN,DF,Inter,24,1999,1.8,1,4,1,25.0,2.24,0.56,0.25,1.00,18.9,0,0,0,0.2,0.2,0.05,+0.8,+0.8,Matches
Alessandro Buongiorno,it ITA,DF,Torino,24,1999,28.1,3,13,6,46.2,0.46,0.21,0.23,0.50,9.5,0,0,0,1.6,1.6,0.12,+1.4,+1.4,Matches
Rareș-Cătălin Burnete,ro ROU,FW,Lecce,19,2004,0.1,0,0,0,,0.00,0.00,,,,0,0,0,0.0,0.0,,0.0,0.0,Matches
Jovane Cabral,cv CPV,"MF,FW",Salernitana,25,1998,7.5,1,25,9,36.0,3.32,1.19,0.04,0.11,20.2,0,0,0,1.2,1.2,0.05,-0.2,-0.2,Matches
Liberato Cacace,nz NZL,DF,Empoli,22,2000,21.2,0,13,2,15.4,0.61,0.09,0.00,0.00,24.6,0,0,0,0.4,0.4,0.03,-0.4,-0.4,Matches
Jens Cajuste,se SWE,MF,Napoli,23,1999,11.3,0,16,3,18.8,1.42,0.27,0.00,0.00,16.5,0,0,0,1.5,1.5,0.09,-1.5,-1.5,Matches
Davide Calabria,it ITA,DF,Milan,26,1996,24.3,1,21,8,38.1,0.86,0.33,0.05,0.13,18.3,0,0,0,1.3,1.3,0.06,-0.3,-0.3,Matches
Riccardo Calafiori,it ITA,DF,Bologna,21,2002,26.1,2,17,6,35.3,0.65,0.23,0.12,0.33,17.9,0,0,0,1.4,1.4,0.08,+0.6,+0.6,Matches
Mattia Caldara,it ITA,DF,Milan,29,1994,0.4,0,1,0,0.0,2.73,0.00,0.00,,5.4,0,0,0,0.2,0.2,0.21,-0.2,-0.2,Matches
Luca Caldirola,it ITA,DF,Monza,32,1991,23.8,1,9,2,22.2,0.38,0.08,0.11,0.50,10.8,0,0,0,0.5,0.5,0.05,+0.5,+0.5,Matches
Hakan Çalhanoğlu,tr TUR,MF,Inter,29,1994,28.4,13,52,13,25.0,1.83,0.46,0.06,0.23,29.5,12,10,10,10.1,2.3,0.04,+2.9,+0.7,Matches
Francesco Camarda,it ITA,FW,Milan,15,2008,0.2,0,0,0,,0.00,0.00,,,,0,0,0,0.0,0.0,,0.0,0.0,Matches
Nicolò Cambiaghi,it ITA,"FW,MF",Empoli,22,2000,28.4,1,71,17,23.9,2.50,0.60,0.01,0.06,19.8,0,0,0,3.9,3.9,0.05,-2.9,-2.9,Matches
Andrea Cambiaso,it ITA,"DF,FW",Juventus,23,2000,26.4,2,29,8,27.6,1.10,0.30,0.07,0.25,18.6,0,0,0,2.2,2.2,0.08,-0.2,-0.2,Matches
Matteo Cancellieri,it ITA,"FW,MF",Empoli,21,2002,19.9,4,40,12,30.0,2.01,0.60,0.10,0.33,16.6,1,0,0,4.7,4.7,0.12,-0.7,-0.7,Matches

Antonio Candreva,it ITA,"MF,FW",Salernitana,36,1987,30.6,6,64,20,31.3,2.09,0.65,0.08,0.25,21.2,3,1,1,4.9,4.1,0.06,+1.1,+0.9,Matches
Luigi Canotto,it ITA,FW,Frosinone,29,1994,0.2,0,0,0,,0.00,0.00,,,,0,0,0,0.0,0.0,,0.0,0.0,Matches
Gianluca Caprari,it ITA,"MF,FW",Monza,30,1993,3.2,0,8,0,0.0,2.53,0.00,0.00,,19.6,1,0,0,0.7,0.7,0.09,-0.7,-0.7,Matches
Elia Caprile,it ITA,GK,Empoli,21,2001,23.0,0,0,0,,0.00,0.00,,,,0,0,0,0.0,0.0,,0.0,0.0,Matches
Francesco Caputo,it ITA,FW,Empoli,35,1987,14.1,3,22,9,40.9,1.56,0.64,0.09,0.22,11.7,0,1,1,3.4,2.6,0.12,-0.4,-0.6,Matches
Andrea Carboni,it ITA,DF,Monza,22,2001,16.5,1,18,4,22.2,1.09,0.24,0.06,0.25,15.4,0,0,0,1.2,1.2,0.07,-0.2,-0.2,Matches
Valentin Carboni,ar ARG,"MF,FW",Monza,18,2005,13.0,2,23,7,30.4,1.77,0.54,0.09,0.29,18.3,0,0,0,2.3,2.3,0.10,-0.3,-0.3,Matches
Marco Carnesecchi,it ITA,GK,Atalanta,23,2000,26.9,0,0,0,,0.00,0.00,,,,0,0,0,0.0,0.0,,0.0,0.0,Matches
Nicolò Casale,it ITA,DF,Lazio,25,1998,17.3,0,7,1,14.3,0.40,0.06,0.00,0.00,16.4,0,0,0,0.9,0.9,0.12,-0.9,-0.9,Matches
Giuseppe Caso,it ITA,"FW,MF",Frosinone,24,1998,4.6,0,7,4,57.1,1.51,0.86,0.00,0.00,19.4,0,0,0,0.3,0.3,0.04,-0.3,-0.3,Matches
Valentín Castellanos,ar ARG,FW,Lazio,24,1998,18.7,4,54,19,35.2,2.89,1.02,0.07,0.21,13.3,1,0,0,7.3,7.3,0.14,-3.3,-3.3,Matches
Samu Castillejo,es ESP,"FW,MF",Sassuolo,28,1995,6.0,0,6,2,33.3,1.01,0.34,0.00,0.00,16.6,0,0,0,0.3,0.3,0.04,-0.3,-0.3,Matches
Santiago Castro,ar ARG,FW,Bologna,18,2004,2.7,1,7,3,42.9,2.60,1.12,0.14,0.33,19.6,0,0,0,1.0,1.0,0.14,0.0,0.0,Matches
Gaetano Castrovilli,it ITA,"FW,MF",Fiorentina,26,1997,4.1,1,5,2,40.0,1.23,0.49,0.20,0.50,14.9,0,0,0,0.3,0.3,0.07,+0.7,+0.7,Matches
Danilo Cataldi,it ITA,MF,Lazio,28,1994,15.1,1,12,2,16.7,0.79,0.13,0.08,0.50,27.8,0,0,0,0.4,0.4,0.03,+0.6,+0.6,Matches
Emil Ceide,no NOR,"FW,MF",Sassuolo,21,2001,2.0,0,2,0,0.0,1.02,0.00,0.00,,20.3,0,0,0,0.1,0.1,0.05,-0.1,-0.1,Matches
Zeki Çelik,tr TUR,DF,Roma,26,1997,7.5,0,2,1,50.0,0.27,0.13,0.00,0.00,11.1,0,0,0,0.2,0.2,0.08,-0.2,-0.2,Matches
Fabien Centonze,fr FRA,DF,Hellas Verona,27,1996,7.5,0,1,0,0.0,0.13,0.00,0.00,,33.3,0,0,0,0.0,0.0,0.02,0.0,0.0,Matches
Michele Cerofolini,it ITA,GK,Frosinone,24,1999,7.5,0,0,0,,0.00,0.00,,,,0,0,0,0.0,0.0,,0.0,0.0,Matches
Alberto Cerri,it ITA,FW,Empoli,27,1996,6.1,1,10,3,30.0,1.65,0.50,0.10,0.33,10.8,0,0,0,1.2,1.2,0.12,-0.2,-0.2,Matches
Leonardo Cerri,it ITA,DF,Juventus,20,2003,0.1,0,0,0,,0.00,0.00,,,,0,0,0,0.0,0.0,,0.0,0.0,Matches
Charlys,br BRA,MF,Hellas Verona,19,2004,0.3,0,0,0,,0.00,0.00,,,,0,0,0,0.0,0.0,,0.0,0.0,Matches
Walid Cheddira,ma MAR,FW,Frosinone,25,1998,23.6,7,59,26,44.1,2.50,1.10,0.10,0.23,14.1,0,1,1,9.0,8.2,0.14,-2.0,-2.2,Matches
Federico Chiesa,it ITA,FW,Juventus,25,1997,24.4,9,74,25,33.8,3.03,1.02,0.11,0.32,19.2,5,1,1,6.4,5.6,0.08,+2.6,+2.4,Matches
Oliver Christensen,dk DEN,GK,Fiorentina,24,1999,4.0,0,0,0,,0.00,0.00,,,,0,0,0,0.0,0.0,,0.0,0.0,Matches

Samuel Chukwueze,ng NGA,FW,Milan,24,1999,11.3,1,28,8,28.6,2.48,0.71,0.04,0.13,17.7,0,0,0,1.7,1.7,0.06,-0.7,-0.7,Matches
Alphadjo Cissè,it ITA,FW,Hellas Verona,16,2006,0.1,0,0,0,,0.00,0.00,,,,0,0,0,0.0,0.0,,0.0,0.0,Matches
Giorgio Cittadini,it ITA,DF,Monza,21,2002,0.2,0,0,0,,0.00,0.00,,,,0,0,0,0.0,0.0,,0.0,0.0,Matches
Giorgio Cittadini,it ITA,DF,Genoa,21,2002,1.2,0,0,0,,0.00,0.00,,,,0,0,0,0.0,0.0,,0.0,0.0,Matches
Patrick Ciurria,it ITA,"DF,MF",Monza,28,1995,17.8,0,28,7,25.0,1.58,0.39,0.00,0.00,22.6,0,0,0,1.5,1.5,0.05,-1.5,-1.5,Matches
Lorenzo Colombo,it ITA,FW,Monza,21,2002,15.1,4,37,10,27.0,2.45,0.66,0.11,0.40,17.2,0,0,0,3.6,3.6,0.10,+0.4,+0.4,Matches
Andrea Colpani,it ITA,"MF,FW",Monza,24,1999,29.5,8,65,19,29.2,2.20,0.64,0.12,0.42,19.9,9,0,0,4.8,4.8,0.07,+3.2,+3.2,Matches
Pietro Comuzzo,it ITA,"DF,FW",Fiorentina,18,2005,0.5,0,0,0,,0.00,0.00,,,,0,0,0,0.0,0.0,,0.0,0.0,Matches
Andrea Consigli,it ITA,GK,Sassuolo,36,1987,35.0,0,0,0,,0.00,0.00,,,,0,0,0,0.0,0.0,,0.0,0.0,Matches
Nikita Contini Baranovsky,it ITA,GK,Napoli,27,1996,0.2,0,0,0,,0.00,0.00,,,,0,0,0,0.0,0.0,,0.0,0.0,Matches
Diego Coppola,it ITA,DF,Hellas Verona,19,2003,18.2,2,13,3,23.1,0.72,0.17,0.15,0.67,8.3,0,0,0,1.2,1.2,0.09,+0.8,+0.8,Matches
Tommaso Corazza,it ITA,DF,Bologna,19,2004,2.2,0,1,0,0.0,0.46,0.00,0.00,,12.8,0,0,0,0.1,0.1,0.10,-0.1,-0.1,Matches
Jeppe Corfitzen,dk DEN,FW,Lecce,18,2004,0.1,0,0,0,,0.00,0.00,,,,0,0,0,0.0,0.0,,0.0,0.0,Matches
Giacomo Corona,it ITA,FW,Empoli,19,2004,0.1,0,0,0,,0.00,0.00,,,,0,0,0,0.0,0.0,,0.0,0.0,Matches
João Costa,br BRA,"MF,FW",Roma,18,2005,0.2,0,0,0,,0.00,0.00,,,,0,0,0,0.0,0.0,,0.0,0.0,Matches
Benoît Costil,fr FRA,GK,Salernitana,36,1987,13.0,0,0,0,,0.00,0.00,,,,0,0,0,0.0,0.0,,0.0,0.0,Matches
Lassana Coulibaly,ml MLI,MF,Salernitana,27,1996,23.1,0,13,3,23.1,0.56,0.13,0.00,0.00,20.5,0,0,0,0.6,0.6,0.05,-0.6,-0.6,Matches
Mamadou Coulibaly,sn SEN,DF,Salernitana,24,1999,0.0,0,0,0,,0.00,0.00,,,,0,0,0,0.0,0.0,,0.0,0.0,Matches
Alessio Cragno,it ITA,GK,Sassuolo,29,1994,3.0,0,0,0,,0.00,0.00,,,,0,0,0,0.0,0.0,,0.0,0.0,Matches
Bryan Cristante,it ITA,"MF,DF",Roma,28,1995,36.5,3,54,8,14.8,1.48,0.22,0.06,0.38,17.2,0,0,0,4.0,4.0,0.07,-1.0,-1.0,Matches
Juan Cruz,ar ARG,"FW,MF",Hellas Verona,24,1999,1.2,0,1,0,0.0,0.83,0.00,0.00,,26.3,0,0,0,0.0,0.0,0.04,0.0,0.0,Matches
Juan Cuadrado,co COL,DF,Inter,35,1988,3.0,0,5,0,0.0,1.69,0.00,0.00,,19.7,0,0,0,0.2,0.2,0.04,-0.2,-0.2,Matches
Marvin Cuni,al ALB,FW,Frosinone,22,2001,5.9,1,10,2,20.0,1.69,0.34,0.10,0.50,14.3,1,0,0,1.3,1.3,0.13,-0.3,-0.3,Matches
Danilo D'Ambrosio,it ITA,DF,Monza,34,1988,17.1,0,14,4,28.6,0.82,0.23,0.00,0.00,15.0,0,0,0,0.7,0.7,0.05,-0.7,-0.7,Matches
Flavius Daniliuc,at AUT,DF,Salernitana,22,2001,8.3,0,2,0,0.0,0.24,0.00,0.00,,15.4,0,0,0,0.2,0.2,0.12,-0.2,-0.2,Matches

Danilo,br BRA,DF,Juventus,32,1991,27.2,1,17,2,11.8,0.62,0.07,0.06,0.50,19.1,0,0,0,1.3,1.3,0.08,-0.3,-0.3,Matches
Matteo Darmian,it ITA,DF,Inter,33,1989,26.7,2,10,5,50.0,0.37,0.19,0.20,0.40,15.7,0,0,0,1.2,1.2,0.12,+0.8,+0.8,Matches
Juan David Cabal,co COL,DF,Hellas Verona,22,2001,16.6,0,12,3,25.0,0.72,0.18,0.00,0.00,17.2,0,0,0,0.5,0.5,0.04,-0.5,-0.5,Matches
Keinan Davis,eng ENG,"FW,MF",Udinese,25,1998,2.1,1,6,3,50.0,2.90,1.45,0.17,0.33,14.9,0,0,0,0.5,0.5,0.08,+0.5,+0.5,Matches
Paweł Dawidowicz,pl POL,DF,Hellas Verona,28,1995,23.8,0,9,1,11.1,0.38,0.04,0.00,0.00,11.5,0,0,0,0.5,0.5,0.06,-0.5,-0.5,Matches
Charles De Ketelaere,be BEL,"FW,MF",Atalanta,22,2001,22.5,10,44,24,54.5,1.95,1.07,0.20,0.38,14.2,0,1,1,7.1,6.3,0.14,+2.9,+2.7,Matches
Mattia De Sciglio,it ITA,DF,Juventus,30,1992,0.5,0,0,0,,0.00,0.00,,,,0,0,0,0.0,0.0,,0.0,0.0,Matches
Lorenzo De Silvestri,it ITA,DF,Bologna,35,1988,7.5,2,4,2,50.0,0.53,0.27,0.50,1.00,17.8,0,0,0,0.2,0.2,0.05,+1.8,+1.8,Matches
Koni De Winter,be BEL,DF,Genoa,21,2002,26.4,0,11,1,9.1,0.42,0.04,0.00,0.00,9.9,0,0,0,0.8,0.8,0.07,-0.8,-0.8,Matches
Grégoire Defrel,mq MTQ,"FW,MF",Sassuolo,32,1991,8.4,1,12,3,25.0,1.43,0.36,0.08,0.33,21.5,0,0,0,1.0,1.0,0.08,0.0,0.0,Matches
Alessandro Deiola,it ITA,MF,Cagliari,27,1995,17.9,1,25,6,24.0,1.40,0.34,0.04,0.17,17.2,2,0,0,2.5,2.5,0.10,-1.5,-1.5,Matches
Alessandro Dellavalle,it ITA,DF,Torino,19,2004,0.2,0,0,0,,0.00,0.00,,,,0,0,0,0.0,0.0,,0.0,0.0,Matches
Diego Demme,de GER,MF,Napoli,31,1991,0.8,0,0,0,,0.00,0.00,,,,0,0,0,0.0,0.0,,0.0,0.0,Matches
Leander Dendoncker,be BEL,MF,Napoli,28,1995,0.3,0,1,0,0.0,3.75,0.00,0.00,,28.2,0,0,0,0.0,0.0,0.03,0.0,0.0,Matches
Mattia Destro,it ITA,"FW,MF",Empoli,32,1991,4.1,0,11,4,36.4,2.70,0.98,0.00,0.00,15.0,0,0,0,1.2,1.2,0.11,-1.2,-1.2,Matches
Federico Di Francesco,it ITA,"FW,MF",Lecce,29,1994,0.2,1,2,1,50.0,12.00,6.00,0.50,1.00,31.9,0,0,0,0.1,0.1,0.04,+0.9,+0.9,Matches
Raffaele Di Gennaro,it ITA,GK,Inter,29,1993,0.3,0,0,0,,0.00,0.00,,,,0,0,0,0.0,0.0,,0.0,0.0,Matches
Michele Di Gregorio,it ITA,GK,Monza,26,1997,31.9,0,0,0,,0.00,0.00,,,,0,0,0,0.0,0.0,,0.0,0.0,Matches
Giovanni Di Lorenzo,it ITA,DF,Napoli,29,1993,35.9,1,37,6,16.2,1.03,0.17,0.03,0.17,13.4,0,0,0,3.1,3.1,0.08,-2.1,-2.1,Matches
Alessandro Di Pardo,it ITA,"DF,MF",Cagliari,24,1999,4.0,0,3,0,0.0,0.75,0.00,0.00,,24.1,0,0,0,0.1,0.1,0.03,-0.1,-0.1,Matches
Boulaye Dia,sn SEN,"FW,MF",Salernitana,26,1996,12.7,4,28,9,32.1,2.20,0.71,0.11,0.33,16.0,0,1,1,3.9,3.1,0.11,+0.1,-0.1,Matches
Federico Dimarco,it ITA,DF,Inter,25,1997,23.1,5,51,19,37.3,2.21,0.82,0.10,0.26,21.0,3,0,0,2.9,2.7,0.05,+2.1,+2.3,Matches
Tiago Djaló,pt POR,DF,Juventus,23,2000,0.2,0,0,0,,0.00,0.00,,,,0,0,0,0.0,0.0,,0.0,0.0,Matches
Koffi Djidji,ci CIV,DF,Torino,30,1992,8.4,0,2,0,0.0,0.24,0.00,0.00,,23.0,0,0,0,0.1,0.1,0.03,-0.1,-0.1,Matches
Berat Djimsiti,al ALB,DF,Atalanta,30,1993,31.5,0,13,0,0.0,0.41,0.00,0.00,,10.6,0,0,0,0.8,0.8,0.06,-0.8,-0.8,Matches

Dodô,br BRA,DF,Fiorentina,24,1998,5.8,0,2,1,50.0,0.34,0.17,0.00,0.00,19.9,0,0,0,0.1,0.1,0.04,-0.1,-0.1,Matches
Josh Doig,sct SCO,DF,Hellas Verona,21,2002,9.2,0,5,1,20.0,0.54,0.11,0.00,0.00,19.8,0,0,0,0.2,0.2,0.04,-0.2,-0.2,Matches
Josh Doig,sct SCO,DF,Sassuolo,21,2002,14.9,0,8,2,25.0,0.54,0.13,0.00,0.00,20.9,0,0,0,0.2,0.2,0.02,-0.2,-0.2,Matches
Nicolás Domínguez,ar ARG,MF,Bologna,25,1998,1.1,0,0,0,,0.00,0.00,,,,0,0,0,0.0,0.0,,0.0,0.0,Matches
Giulio Donati,it ITA,DF,Monza,33,1990,0.4,0,1,1,100.0,2.50,2.50,0.00,0.00,27.3,0,0,0,0.0,0.0,0.02,0.0,0.0,Matches
Patrick Dorgu,dk DEN,"DF,MF",Lecce,18,2004,17.4,2,18,7,38.9,1.04,0.40,0.11,0.29,17.8,0,0,0,2.0,2.0,0.11,0.0,0.0,Matches
Alberto Dossena,it ITA,DF,Cagliari,24,1998,33.1,2,24,6,25.0,0.73,0.18,0.08,0.33,11.3,0,0,0,2.2,2.2,0.09,-0.2,-0.2,Matches
Radu Drăgușin,ro ROU,DF,Genoa,21,2002,19.0,2,17,4,23.5,0.89,0.21,0.12,0.50,12.5,0,0,0,1.0,1.0,0.06,+1.0,+1.0,Matches
Ondrej Duda,sk SVK,MF,Hellas Verona,28,1994,27.3,1,23,6,26.1,0.84,0.22,0.04,0.17,23.5,3,0,1,2.2,1.4,0.06,-1.2,-0.4,Matches
Denzel Dumfries,nl NED,DF,Inter,27,1996,18.2,4,24,6,25.0,1.32,0.33,0.17,0.67,11.8,0,0,0,2.3,2.3,0.09,+1.7,+1.7,Matches
Alfred Duncan,gh GHA,MF,Fiorentina,30,1993,21.0,2,23,6,26.1,1.10,0.29,0.09,0.33,23.4,0,0,0,1.5,1.5,0.06,+0.5,+0.5,Matches
Paulo Dybala,ar ARG,"FW,MF",Roma,29,1993,21.8,13,52,16,30.8,2.39,0.74,0.12,0.38,21.2,5,7,7,10.6,5.1,0.10,+2.4,+0.9,Matches
Festy Ebosele,ie IRL,DF,Udinese,20,2002,18.9,0,16,5,31.3,0.85,0.26,0.00,0.00,21.1,0,0,0,0.8,0.8,0.05,-0.8,-0.8,Matches
Enzo Ebosse,cm CMR,DF,Udinese,24,1999,0.1,0,0,0,,0.00,0.00,,,,0,0,0,0.0,0.0,,0.0,0.0,Matches
Tyronne Ebuehi,ng NGA,DF,Empoli,27,1995,12.2,0,5,1,20.0,0.41,0.08,0.00,0.00,15.6,0,0,0,0.3,0.3,0.05,-0.3,-0.3,Matches
Éderson,br BRA,MF,Atalanta,24,1999,31.9,6,38,11,28.9,1.19,0.35,0.16,0.55,18.1,0,0,0,3.5,3.5,0.09,+2.5,+2.5,Matches
Kingsley Ehizibue,nl NED,DF,Udinese,28,1995,10.6,0,18,3,16.7,1.70,0.28,0.00,0.00,18.5,0,0,0,1.3,1.3,0.07,-1.3,-1.3,Matches
Emmanuel Ekong,se SWE,FW,Empoli,21,2002,0.1,0,0,0,,0.00,0.00,,,,0,0,0,0.0,0.0,,0.0,0.0,Matches
Caleb Ekuban,gh GHA,FW,Genoa,29,1994,12.6,4,27,12,44.4,2.15,0.95,0.15,0.33,14.7,0,0,0,2.9,2.9,0.11,+1.1,+1.1,Matches
Elif Elmas,mk MKD,"FW,MF",Napoli,23,1999,3.8,2,6,6,100.0,1.59,1.59,0.33,0.33,19.1,0,0,0,0.5,0.5,0.08,+1.5,+1.5,Matches
Martin Erlic,hr CRO,DF,Sassuolo,25,1998,29.1,1,8,3,37.5,0.28,0.10,0.13,0.33,10.2,0,0,0,1.0,1.0,0.12,0.0,0.0,Matches
Giovanni Fabbian,it ITA,"MF,FW",Bologna,20,2003,11.7,5,28,10,35.7,2.38,0.85,0.18,0.50,14.5,0,0,0,4.2,4.2,0.15,+0.8,+0.8,Matches
Nicolò Fagioli,it ITA,MF,Juventus,22,2001,4.9,0,6,2,33.3,1.24,0.41,0.00,0.00,20.1,1,0,0,0.4,0.4,0.06,-0.4,-0.4,Matches
Wladimiro Falcone,it ITA,GK,Lecce,28,1995,38.0,0,0,0,,0.00,0.00,,,,0,0,0,0.0,0.0,,0.0,0.0,Matches
Davide Faraoni,it ITA,DF,Hellas Verona,31,1991,6.7,0,7,1,14.3,1.05,0.15,0.00,0.00,17.0,0,0,0,0.4,0.4,0.06,-0.4,-0.4,Matches

Davide Faraoni,it ITA,DF,Fiorentina,31,1991,4.4,0,3,1,33.3,0.69,0.23,0.00,0.00,18.5,0,0,0,0.1,0.1,0.03,-0.1,-0.1,Matches
Federico Fazio,ar ARG,DF,Salernitana,36,1987,15.1,1,8,2,25.0,0.53,0.13,0.13,0.50,11.5,0,0,0,0.4,0.4,0.05,+0.6,+0.6,Matches
Jacopo Fazzini,it ITA,MF,Empoli,20,2003,13.7,1,23,4,17.4,1.68,0.29,0.04,0.25,19.8,2,0,0,1.2,1.2,0.05,-0.2,-0.2,Matches
Lewis Ferguson,sct SCO,MF,Bologna,23,1999,30.1,6,60,20,33.3,1.99,0.66,0.10,0.30,16.0,0,0,0,5.4,5.4,0.09,+0.6,+0.6,Matches
Andrea Ferraris,it ITA,MF,Monza,20,2003,0.1,0,0,0,,0.00,0.00,,,,0,0,0,0.0,0.0,,0.0,0.0,Matches
João Ferreira,pt POR,DF,Udinese,22,2001,20.2,0,3,0,0.0,0.15,0.00,0.00,,17.1,0,0,0,0.1,0.1,0.04,-0.1,-0.1,Matches
Seydou Fini,it ITA,"DF,FW",Genoa,17,2006,0.4,0,2,0,0.0,5.14,0.00,0.00,,18.3,0,0,0,0.1,0.1,0.07,-0.1,-0.1,Matches
Vincenzo Fiorillo,it ITA,GK,Salernitana,33,1990,4.0,0,0,0,,0.00,0.00,,,,0,0,0,0.0,0.0,,0.0,0.0,Matches
Alessandro Florenzi,it ITA,DF,Milan,32,1991,19.2,1,32,10,31.3,1.66,0.52,0.03,0.10,25.4,4,0,0,1.7,1.7,0.05,-0.7,-0.7,Matches
Michael Folorunsho,it ITA,"MF,FW",Hellas Verona,25,1998,30.9,5,47,14,29.8,1.52,0.45,0.11,0.36,19.8,0,0,0,4.0,3.9,0.08,+1.0,+1.1,Matches
Davide Frattesi,it ITA,MF,Inter,23,1999,10.6,6,32,13,40.6,3.02,1.23,0.19,0.46,11.4,0,0,0,7.1,7.1,0.22,-1.1,-1.1,Matches
Morten Frendrup,dk DEN,MF,Genoa,22,2001,34.9,2,30,4,13.3,0.86,0.11,0.07,0.50,20.5,0,0,0,1.7,1.7,0.06,+0.3,+0.3,Matches
Remo Freuler,ch SUI,MF,Bologna,31,1992,29.2,1,14,4,28.6,0.48,0.14,0.07,0.25,17.4,0,0,0,1.2,1.2,0.09,-0.2,-0.2,Matches
Gerardo Fusco,it ITA,FW,Salernitana,18,2005,0.2,0,0,0,,0.00,0.00,,,,0,0,0,0.0,0.0,,0.0,0.0,Matches
Matteo Gabbia,it ITA,DF,Milan,23,1999,14.2,2,11,5,45.5,0.78,0.35,0.18,0.40,12.4,0,0,0,1.6,1.6,0.14,+0.4,+0.4,Matches
Gianluca Gaetano,it ITA,"FW,MF",Cagliari,23,2000,8.3,4,13,5,38.5,1.57,0.60,0.23,0.60,22.5,0,1,1,1.3,0.5,0.04,+2.7,+2.5,Matches
Gianluca Gaetano,it ITA,MF,Napoli,23,2000,1.8,1,9,4,44.4,5.03,2.24,0.11,0.25,22.2,0,0,0,0.6,0.6,0.07,+0.4,+0.4,Matches
Roberto Gagliardini,it ITA,"MF,DF",Monza,29,1994,26.2,1,36,9,25.0,1.37,0.34,0.03,0.11,17.8,1,0,0,2.9,2.9,0.08,-1.9,-1.9,Matches
Pablo Galdames Millán,cl CHI,"MF,DF",Genoa,26,1996,0.1,0,1,1,100.0,8.18,8.18,0.00,0.00,14.1,0,0,0,0.0,0.0,0.03,0.0,0.0,Matches
Antonino Gallo,it ITA,DF,Lecce,23,2000,27.7,0,15,3,20.0,0.54,0.11,0.00,0.00,22.0,0,0,0,0.5,0.5,0.04,-0.5,-0.5,Matches
Luca Garritano,it ITA,"MF,DF",Frosinone,29,1994,5.4,0,12,3,25.0,2.23,0.56,0.00,0.00,18.9,1,0,0,0.7,0.7,0.06,-0.7,-0.7,Matches
Federico Gatti,it ITA,DF,Juventus,25,1998,29.3,4,35,7,20.0,1.19,0.24,0.11,0.57,14.3,0,0,0,5.5,5.5,0.16,-1.5,-1.5,Matches
Francesco Gelli,it ITA,"MF,DF",Frosinone,26,1996,17.3,0,10,3,30.0,0.58,0.17,0.00,0.00,18.3,0,0,0,0.7,0.7,0.07,-0.7,-0.7,Matches
Luca Gemello,it ITA,GK,Torino,23,2000,2.0,0,0,0,,0.00,0.00,,,,0,0,0,0.0,0.0,,0.0,0.0,Matches
Valentin Gendrey,fr FRA,DF,Lecce,23,2000,33.8,2,18,5,27.8,0.53,0.15,0.11,0.40,12.6,0,0,0,1.6,1.6,0.09,+0.4,+0.4,Matches

Farés Ghedjemis,fr FRA,"FW,MF",Frosinone,20,2002,2.0,0,3,2,66.7,1.48,0.99,0.00,0.00,17.5,0,0,0,0.1,0.1,0.04,-0.1,-0.1,Matches
Lautaro Gianetti,ar ARG,DF,Udinese,29,1993,7.0,1,3,2,66.7,0.43,0.29,0.33,0.50,9.7,0,0,0,0.4,0.4,0.13,+0.6,+0.6,Matches
Mario Gila,es ESP,DF,Lazio,22,2000,20.1,0,8,2,25.0,0.40,0.10,0.00,0.00,16.2,0,0,0,0.5,0.5,0.07,-0.5,-0.5,Matches
Gvidas Gineitis,lt LTU,MF,Torino,19,2004,6.0,0,9,2,22.2,1.51,0.33,0.00,0.00,26.8,3,0,0,0.4,0.4,0.05,-0.4,-0.4,Matches
Olivier Giroud,fr FRA,FW,Milan,36,1986,26.3,15,72,29,40.3,2.74,1.10,0.15,0.38,12.6,2,4,5,14.2,10.2,0.14,+0.8,+0.8,Matches
Edoardo Goldaniga,it ITA,DF,Cagliari,29,1993,11.2,0,4,3,75.0,0.36,0.27,0.00,0.00,7.9,0,0,0,0.5,0.5,0.14,-0.5,-0.5,Matches
Pierluigi Gollini,it ITA,GK,Napoli,28,1995,7.0,0,1,0,0.0,0.14,0.00,0.00,,12.9,0,0,0,0.0,0.0,0.02,0.0,0.0,Matches
Papu Gómez,ar ARG,"MF,FW",Monza,35,1988,0.5,0,0,0,,0.00,0.00,,,,0,0,0,0.0,0.0,,0.0,0.0,Matches
Iron Gomis,fr FRA,MF,Salernitana,23,1999,1.5,0,3,1,33.3,2.01,0.67,0.00,0.00,17.1,0,0,0,0.6,0.6,0.19,-0.6,-0.6,Matches
Joan Gonzàlez,es ESP,MF,Lecce,21,2002,14.3,1,13,5,38.5,0.91,0.35,0.08,0.20,18.3,0,0,0,1.2,1.2,0.09,-0.2,-0.2,Matches
Nicolás González,ar ARG,FW,Fiorentina,25,1998,21.3,12,84,33,39.3,3.95,1.55,0.13,0.33,16.6,2,1,3,10.4,8.0,0.10,+1.6,+3.0,Matches
Alberto Grassi,it ITA,MF,Empoli,28,1995,20.1,0,23,5,21.7,1.15,0.25,0.00,0.00,20.0,1,0,0,1.1,1.1,0.05,-1.1,-1.1,Matches
Mattéo Guendouzi,fr FRA,MF,Lazio,24,1999,26.3,2,26,6,23.1,0.99,0.23,0.08,0.33,19.2,0,0,0,1.6,1.6,0.06,+0.4,+0.4,Matches
Axel Guessand,fr FRA,DF,Udinese,18,2004,0.5,0,1,0,0.0,2.00,0.00,0.00,,12.5,0,0,0,0.0,0.0,0.01,0.0,0.0,Matches
Albert Guðmundsson,is ISL,"FW,MF",Genoa,26,1997,33.5,14,52,19,36.5,1.55,0.57,0.19,0.53,20.8,8,4,5,9.9,5.8,0.11,+4.1,+4.2,Matches
Emmanuel Gyasi,gh GHA,"DF,FW",Empoli,29,1994,20.9,1,16,6,37.5,0.77,0.29,0.06,0.17,10.5,0,0,0,3.5,3.5,0.22,-2.5,-2.5,Matches
Norbert Gyömbér,sk SVK,DF,Salernitana,31,1992,19.6,0,4,0,0.0,0.20,0.00,0.00,,13.7,0,0,0,0.2,0.2,0.04,-0.2,-0.2,Matches
Nicolas Haas,ch SUI,MF,Empoli,27,1996,1.0,0,1,1,100.0,1.00,1.00,0.00,0.00,14.5,0,0,0,0.1,0.1,0.10,-0.1,-0.1,Matches
Ridgeciano Haps,sr SUR,DF,Genoa,30,1993,8.6,0,4,0,0.0,0.47,0.00,0.00,,18.6,0,0,0,0.1,0.1,0.03,-0.1,-0.1,Matches
Abdou Harroui,nl NED,"MF,FW",Frosinone,25,1998,11.3,3,32,11,34.4,2.83,0.97,0.06,0.18,21.1,0,1,1,3.1,2.3,0.07,-0.1,-0.3,Matches
Hans Hateboer,nl NED,DF,Atalanta,29,1994,12.4,0,11,3,27.3,0.89,0.24,0.00,0.00,18.1,0,0,0,0.3,0.3,0.03,-0.3,-0.3,Matches
Pantelis Hatzidiakos,gr GRE,DF,Cagliari,26,1997,9.5,0,4,1,25.0,0.42,0.11,0.00,0.00,14.0,0,0,0,0.4,0.4,0.10,-0.4,-0.4,Matches
Silvan Hefti,ch SUI,"MF,DF",Genoa,25,1997,1.3,0,0,0,,0.00,0.00,,,,0,0,0,0.0,0.0,,0.0,0.0,Matches
Liam Henderson,sct SCO,MF,Empoli,27,1996,0.1,0,0,0,,0.00,0.00,,,,0,0,0,0.0,0.0,,0.0,0.0,Matches
Matheus Henrique,br BRA,MF,Sassuolo,25,1997,27.8,2,19,7,36.8,0.68,0.25,0.11,0.29,20.7,0,0,0,2.3,2.3,0.12,-0.3,-0.3,Matches

Thomas Henry,fr FRA,FW,Hellas Verona,28,1994,3.7,3,13,7,53.8,3.50,1.89,0.23,0.43,13.9,0,0,1,3.3,2.5,0.19,-0.3,+0.5,Matches
Theo Hernández,fr FRA,DF,Milan,25,1997,31.0,5,55,16,29.1,1.77,0.52,0.07,0.25,20.7,2,1,2,4.9,3.4,0.06,+0.1,+0.6,Matches
Isak Hien,se SWE,DF,Hellas Verona,24,1999,9.6,0,4,1,25.0,0.42,0.10,0.00,0.00,9.0,0,0,0,0.4,0.4,0.11,-0.4,-0.4,Matches
Isak Hien,se SWE,DF,Atalanta,24,1999,10.4,0,4,2,50.0,0.38,0.19,0.00,0.00,9.1,0,0,0,0.2,0.2,0.05,-0.2,-0.2,Matches
Emil Holm,se SWE,DF,Atalanta,23,2000,10.5,1,26,8,30.8,2.47,0.76,0.04,0.13,11.9,0,0,0,2.7,2.7,0.11,-1.7,-1.7,Matches
Martin Hongla,cm CMR,MF,Hellas Verona,25,1998,12.0,0,3,0,0.0,0.25,0.00,0.00,,23.6,0,0,0,0.1,0.1,0.05,-0.1,-0.1,Matches
Sydney van Hooijdonk,nl NED,FW,Bologna,23,2000,2.4,0,5,1,20.0,2.12,0.42,0.00,0.00,18.1,1,0,0,0.6,0.6,0.12,-0.6,-0.6,Matches
Dean Huijsen,es ESP,DF,Roma,18,2005,5.7,2,6,2,33.3,1.06,0.35,0.33,1.00,11.0,0,0,0,0.4,0.4,0.07,+1.6,+1.6,Matches
Dean Huijsen,es ESP,DF,Juventus,18,2005,0.1,0,0,0,,0.00,0.00,,,,0,0,0,0.0,0.0,,0.0,0.0,Matches
Elseid Hysaj,al ALB,DF,Lazio,29,1994,13.3,0,2,1,50.0,0.15,0.08,0.00,0.00,18.1,0,0,0,0.2,0.2,0.12,-0.2,-0.2,Matches
Arijon Ibrahimović,de GER,"FW,DF",Frosinone,17,2005,5.3,1,12,4,33.3,2.28,0.76,0.08,0.25,20.7,0,0,0,0.8,0.8,0.07,+0.2,+0.2,Matches
Jonathan Ikone,fr FRA,FW,Fiorentina,25,1998,18.7,3,39,15,38.5,2.09,0.80,0.08,0.20,16.1,0,0,0,4.6,4.6,0.12,-1.6,-1.6,Matches
Chukwubuikem Ikwuemesi,ng NGA,FW,Salernitana,21,2001,11.8,1,22,8,36.4,1.87,0.68,0.05,0.13,16.1,0,0,0,2.4,2.4,0.11,-1.4,-1.4,Matches
Ivan Ilić,rs SRB,MF,Torino,22,2001,23.3,3,27,11,40.7,1.16,0.47,0.11,0.27,22.4,6,0,0,2.1,2.1,0.08,+0.9,+0.9,Matches
Samuel Iling-Junior,eng ENG,"DF,MF",Juventus,19,2003,9.0,1,9,4,44.4,1.00,0.44,0.11,0.25,15.5,0,0,0,0.7,0.7,0.08,+0.3,+0.3,Matches
Ciro Immobile,it ITA,FW,Lazio,33,1990,18.4,7,45,19,42.2,2.45,1.04,0.07,0.16,13.5,0,4,4,9.7,6.6,0.15,-2.7,-3.6,Matches
Gino Infantino,ar ARG,MF,Fiorentina,20,2003,1.1,0,1,0,0.0,0.94,0.00,0.00,,29.3,0,0,0,0.0,0.0,0.02,0.0,0.0,Matches
Gustav Isaksen,dk DEN,FW,Lazio,22,2001,11.9,3,23,9,39.1,1.93,0.75,0.13,0.33,20.0,3,0,0,1.6,1.6,0.07,+1.4,+1.4,Matches
Ardian Ismajli,al ALB,DF,Empoli,26,1996,22.7,0,5,0,0.0,0.22,0.00,0.00,,10.0,0,0,0,0.3,0.3,0.06,-0.3,-0.3,Matches
Armando Izzo,it ITA,DF,Monza,31,1992,18.3,0,5,3,60.0,0.27,0.16,0.00,0.00,12.1,0,0,0,0.7,0.7,0.14,-0.7,-0.7,Matches
Filip Jagiełło,pl POL,MF,Genoa,25,1997,0.4,0,0,0,,0.00,0.00,,,,0,0,0,0.0,0.0,,0.0,0.0,Matches
Jakub Jankto,cz CZE,"MF,FW",Cagliari,27,1996,9.7,1,12,5,41.7,1.24,0.52,0.08,0.20,13.4,0,0,0,1.5,1.5,0.12,-0.5,-0.5,Matches
Juan Jesus,br BRA,DF,Napoli,32,1991,23.5,1,8,2,25.0,0.34,0.09,0.13,0.50,8.9,0,0,0,1.3,1.3,0.16,-0.3,-0.3,Matches
Alejandro Jiménez,es ESP,DF,Milan,18,2005,0.8,0,0,0,,0.00,0.00,,,,0,0,0,0.0,0.0,,0.0,0.0,Matches
Kaio Jorge,br BRA,FW,Frosinone,21,2002,9.0,3,25,12,48.0,2.77,1.33,0.08,0.17,14.9,1,1,2,5.4,3.8,0.16,-2.4,-1.8,Matches

Luka Jović,rs SRB,FW,Milan,25,1997,9.7,6,22,12,54.5,2.26,1.23,0.27,0.50,11.3,0,0,0,4.9,4.9,0.23,+1.1,+1.1,Matches
Hamed Junior Traorè,ci CIV,MF,Napoli,23,2000,4.2,0,10,3,30.0,2.36,0.71,0.00,0.00,22.6,0,0,0,0.9,0.9,0.09,-0.9,-0.9,Matches
Mohamed Kaba,fr FRA,MF,Lecce,21,2001,15.3,0,14,6,42.9,0.91,0.39,0.00,0.00,18.4,0,0,0,1.2,1.2,0.08,-1.2,-1.2,Matches
Christian Kabasele,be BEL,DF,Udinese,32,1991,9.6,1,7,2,28.6,0.73,0.21,0.14,0.50,9.0,0,0,0,1.2,1.2,0.17,-0.2,-0.2,Matches
Yayah Kallon,sl SLE,FW,Hellas Verona,22,2001,0.0,0,0,0,,0.00,0.00,,,,0,0,0,0.0,0.0,,0.0,0.0,Matches
Pierre Kalulu,fr FRA,DF,Milan,23,2000,4.2,0,2,0,0.0,0.48,0.00,0.00,,11.2,0,0,0,0.1,0.1,0.03,-0.1,-0.1,Matches
Daichi Kamada,jp JPN,MF,Lazio,26,1996,17.2,2,29,8,27.6,1.69,0.47,0.07,0.25,20.7,0,0,0,1.8,1.8,0.06,+0.2,+0.2,Matches
Hassane Kamara,ci CIV,DF,Udinese,29,1994,24.7,1,26,8,30.8,1.05,0.32,0.04,0.13,20.9,0,0,0,1.9,1.9,0.07,-0.9,-0.9,Matches
Yann Karamoh,fr FRA,"MF,FW",Torino,25,1998,1.8,0,2,1,50.0,1.11,0.56,0.00,0.00,14.0,0,0,0,0.1,0.1,0.07,-0.1,-0.1,Matches
Jesper Karlsson,se SWE,FW,Bologna,25,1998,3.8,0,6,4,66.7,1.57,1.05,0.00,0.00,26.8,1,0,0,0.4,0.4,0.07,-0.4,-0.4,Matches
Rick Karsdorp,nl NED,DF,Roma,28,1995,13.2,0,8,1,12.5,0.60,0.08,0.00,0.00,16.7,0,0,0,0.4,0.4,0.06,-0.4,-0.4,Matches
Grigoris Kastanos,cy CYP,"MF,DF",Salernitana,25,1998,16.4,3,30,10,33.3,1.82,0.61,0.10,0.30,20.6,1,0,0,2.9,2.9,0.10,+0.1,+0.1,Matches
Michael Kayode,it ITA,DF,Fiorentina,19,2004,22.9,1,7,2,28.6,0.31,0.09,0.14,0.50,20.3,0,0,0,0.5,0.5,0.07,+0.5,+0.5,Matches
Moise Kean,it ITA,FW,Juventus,23,2000,7.3,0,16,3,18.8,2.20,0.41,0.00,0.00,15.4,0,0,0,2.1,2.1,0.13,-2.1,-2.1,Matches
Simon Kjær,dk DEN,DF,Milan,34,1989,13.0,0,6,0,0.0,0.46,0.00,0.00,,11.0,0,0,0,0.5,0.5,0.08,-0.5,-0.5,Matches
Davy Klaassen,nl NED,MF,Inter,30,1993,2.3,0,1,0,0.0,0.44,0.00,0.00,,20.2,0,0,0,0.1,0.1,0.09,-0.1,-0.1,Matches
Sead Kolašinac,ba BIH,DF,Atalanta,30,1993,24.2,1,13,5,38.5,0.54,0.21,0.08,0.20,12.3,0,0,0,1.3,1.3,0.10,-0.3,-0.3,Matches
Teun Koopmeiners,nl NED,MF,Atalanta,25,1998,29.2,12,52,16,30.8,1.78,0.55,0.19,0.63,18.2,2,2,2,6.5,5.0,0.10,+5.5,+5.0,Matches
Filip Kostić,rs SRB,DF,Juventus,30,1992,20.2,0,21,2,9.5,1.04,0.10,0.00,0.00,22.1,0,0,0,0.7,0.7,0.03,-0.7,-0.7,Matches
Christian Kouamé,ci CIV,FW,Fiorentina,25,1997,12.1,2,24,7,29.2,1.98,0.58,0.08,0.29,17.0,0,0,0,1.9,1.9,0.08,+0.1,+0.1,Matches
Viktor Kovalenko,ua UKR,MF,Empoli,27,1996,6.8,1,11,4,36.4,1.62,0.59,0.09,0.25,13.9,0,0,0,0.9,0.9,0.08,+0.1,+0.1,Matches
Rasmus Kristensen,dk DEN,DF,Roma,26,1997,19.4,1,9,2,22.2,0.46,0.10,0.11,0.50,12.0,0,0,0,0.5,0.5,0.06,+0.5,+0.5,Matches
Thomas Kristensen,dk DEN,DF,Udinese,21,2002,23.3,0,10,3,30.0,0.43,0.13,0.00,0.00,11.2,0,0,0,1.1,1.1,0.11,-1.1,-1.1,Matches
Nikola Krstović,me MNE,FW,Lecce,23,2000,26.4,7,89,20,22.5,3.38,0.76,0.07,0.30,15.9,2,1,3,11.6,9.2,0.10,-4.6,-3.2,Matches
Rade Krunić,ba BIH,MF,Milan,29,1993,7.6,0,2,0,0.0,0.26,0.00,0.00,,10.0,0,0,0,0.1,0.1,0.07,-0.1,-0.1,Matches

Marash Kumbulla,al ALB,DF,Sassuolo,23,2000,4.0,0,0,0,,0.00,0.00,,,,0,0,0,0.0,0.0,,0.0,0.0,Matches
Justin Kumi,it ITA,FW,Sassuolo,19,2004,0.0,0,0,0,,0.00,0.00,,,,0,0,0,0.0,0.0,,0.0,0.0,Matches
Berkan Kutlu,tr TUR,MF,Genoa,25,1998,2.2,0,4,1,25.0,1.81,0.45,0.00,0.00,16.9,0,0,0,0.2,0.2,0.04,-0.2,-0.2,Matches
Khvicha Kvaratskhelia,ge GEO,FW,Napoli,22,2001,30.4,11,128,45,35.2,4.21,1.48,0.09,0.24,18.8,4,0,0,11.1,11.1,0.09,-0.1,-0.1,Matches
Giorgi Kvernadze,ge GEO,"FW,DF",Frosinone,20,2003,0.7,0,0,0,,0.00,0.00,,,,0,0,0,0.0,0.0,,0.0,0.0,Matches
Giorgos Kyriakopoulos,gr GRE,DF,Monza,27,1996,19.0,0,24,2,8.3,1.26,0.11,0.00,0.00,20.8,1,0,0,1.2,1.2,0.05,-1.2,-1.2,Matches
Gianluca Lapadula,pe PER,FW,Cagliari,33,1990,13.4,3,34,10,29.4,2.54,0.75,0.06,0.20,14.2,2,1,1,4.8,4.1,0.12,-1.8,-2.1,Matches
Armand Lauriente,fr FRA,FW,Sassuolo,24,1998,32.3,5,84,30,35.7,2.60,0.93,0.06,0.17,21.6,11,0,0,5.7,5.7,0.07,-0.7,-0.7,Matches
Valentino Lazaro,at AUT,"DF,MF",Torino,27,1996,22.2,0,17,4,23.5,0.77,0.18,0.00,0.00,16.2,3,0,0,1.7,1.7,0.10,-1.7,-1.7,Matches
Darko Lazović,rs SRB,"FW,MF",Hellas Verona,32,1990,21.4,3,33,13,39.4,1.54,0.61,0.06,0.15,20.7,2,1,1,2.8,2.0,0.06,+0.2,0.0,Matches
Manuel Lazzari,it ITA,DF,Lazio,29,1993,18.6,0,8,2,25.0,0.43,0.11,0.00,0.00,22.1,0,0,0,1.0,1.0,0.13,-1.0,-1.0,Matches
Nicola Leali,it ITA,GK,Genoa,30,1993,2.0,0,0,0,,0.00,0.00,,,,0,0,0,0.0,0.0,,0.0,0.0,Matches
Rafael Leão,pt POR,FW,Milan,24,1999,27.9,9,70,24,34.3,2.51,0.86,0.13,0.38,17.1,0,0,0,10.0,10.0,0.14,-1.0,-1.0,Matches
Jesper Lindstrøm,dk DEN,"FW,MF",Napoli,23,2000,4.8,0,14,2,14.3,2.93,0.42,0.00,0.00,21.4,1,0,0,0.7,0.7,0.05,-0.7,-0.7,Matches
Karol Linetty,pl POL,MF,Torino,28,1995,20.6,0,16,1,6.3,0.78,0.05,0.00,0.00,25.4,0,0,0,0.5,0.5,0.03,-0.5,-0.5,Matches
Luca Lipani,it ITA,MF,Sassuolo,18,2005,4.3,0,3,1,33.3,0.70,0.23,0.00,0.00,13.7,0,0,0,0.1,0.1,0.03,-0.1,-0.1,Matches
Pol Lirola,es ESP,DF,Frosinone,25,1997,17.1,2,9,3,33.3,0.53,0.18,0.22,0.67,19.0,0,0,0,1.3,1.3,0.15,+0.7,+0.7,Matches
Marcin Listkowski,pl POL,FW,Lecce,25,1998,0.1,0,1,0,0.0,11.25,0.00,0.00,,24.5,0,0,0,0.0,0.0,0.04,0.0,0.0,Matches
Diego Llorente,es ESP,DF,Roma,29,1993,24.1,1,9,4,44.4,0.37,0.17,0.11,0.25,19.8,1,0,0,0.3,0.3,0.04,+0.7,+0.7,Matches
Stanislav Lobotka,sk SVK,MF,Napoli,28,1994,36.5,0,14,4,28.6,0.38,0.11,0.00,0.00,26.9,0,0,0,0.6,0.6,0.04,-0.6,-0.6,Matches
Manuel Locatelli,it ITA,MF,Juventus,25,1998,33.4,1,24,3,12.5,0.72,0.09,0.04,0.33,22.3,0,0,0,1.3,1.3,0.06,-0.3,-0.3,Matches
Ruben Loftus-Cheek,eng ENG,MF,Milan,27,1996,23.0,6,40,14,35.0,1.74,0.61,0.15,0.43,16.6,0,0,0,3.7,3.7,0.09,+2.3,+2.3,Matches
Ademola Lookman,ng NGA,"FW,MF",Atalanta,25,1997,21.0,11,67,24,35.8,3.18,1.14,0.16,0.46,14.3,0,0,0,9.1,9.1,0.14,+1.9,+1.9,Matches
Maxime Lopez,fr FRA,MF,Fiorentina,25,1997,8.9,0,4,2,50.0,0.45,0.23,0.00,0.00,20.7,0,0,0,0.2,0.2,0.05,-0.2,-0.2,Matches
Maxime Lopez,fr FRA,MF,Sassuolo,25,1997,1.6,0,0,0,,0.00,0.00,,,,0,0,0,0.0,0.0,,0.0,0.0,Matches

Matteo Lovato,it ITA,DF,Torino,23,2000,6.0,0,1,0,0.0,0.17,0.00,0.00,,12.4,0,0,0,0.0,0.0,0.03,0.0,0.0,Matches
Matteo Lovato,it ITA,DF,Salernitana,23,2000,10.5,0,1,0,0.0,0.10,0.00,0.00,,10.9,0,0,0,0.0,0.0,0.03,0.0,0.0,Matches
Sandi Lovrić,si SVN,MF,Udinese,25,1998,22.1,1,43,12,27.9,1.95,0.54,0.02,0.08,22.1,2,0,0,3.5,3.5,0.08,-2.5,-2.5,Matches
Lorenzo Lucca,it ITA,FW,Udinese,22,2000,28.8,8,61,25,41.0,2.12,0.87,0.13,0.32,12.9,1,0,0,7.8,7.8,0.13,+0.2,+0.2,Matches
Jhon Lucumí,co COL,DF,Bologna,25,1998,24.6,0,11,2,18.2,0.45,0.08,0.00,0.00,16.1,0,0,0,0.8,0.8,0.08,-0.8,-0.8,Matches
José Luis Palomino,ar ARG,DF,Atalanta,33,1990,0.3,0,0,0,,0.00,0.00,,,,0,0,0,0.0,0.0,,0.0,0.0,Matches
Romelu Lukaku,be BEL,FW,Roma,30,1993,29.3,13,64,27,42.2,2.18,0.92,0.20,0.48,14.1,0,0,1,9.8,9.0,0.14,+3.2,+4.0,Matches
Karlo Lulić,hr CRO,MF,Frosinone,27,1996,0.2,0,0,0,,0.00,0.00,,,,0,0,0,0.0,0.0,,0.0,0.0,Matches
Sebastiano Luperto,it ITA,DF,Empoli,26,1996,37.8,1,19,3,15.8,0.50,0.08,0.05,0.33,15.1,0,0,0,1.7,1.7,0.09,-0.7,-0.7,Matches
Mateus Lusuardi,br BRA,DF,Frosinone,19,2004,2.4,0,1,0,0.0,0.41,0.00,0.00,,9.9,0,0,0,0.1,0.1,0.07,-0.1,-0.1,Matches
Zito Luvumbo,ao ANG,"FW,MF",Cagliari,21,2002,21.6,4,51,16,31.4,2.36,0.74,0.08,0.25,17.3,0,0,0,4.0,4.0,0.08,0.0,0.0,Matches
Charalambos Lykogiannis,gr GRE,DF,Bologna,29,1993,10.0,2,15,4,26.7,1.49,0.40,0.13,0.50,21.9,4,0,0,1.3,1.3,0.08,+0.7,+0.7,Matches
Giulio Maggiore,it ITA,MF,Salernitana,25,1998,20.0,4,23,10,43.5,1.15,0.50,0.17,0.40,14.2,0,0,0,2.3,2.3,0.10,+1.7,+1.7,Matches
Giangiacomo Magnani,it ITA,DF,Hellas Verona,27,1995,27.2,0,11,2,18.2,0.41,0.07,0.00,0.00,13.4,0,0,0,0.5,0.5,0.05,-0.5,-0.5,Matches
Mike Maignan,fr FRA,GK,Milan,28,1995,29.0,0,0,0,,0.00,0.00,,,,0,0,0,0.0,0.0,,0.0,0.0,Matches
Antoine Makoumbou,cg CGO,MF,Cagliari,25,1998,30.0,1,8,2,25.0,0.27,0.07,0.13,0.50,21.4,0,0,0,0.7,0.7,0.09,+0.3,+0.3,Matches
Daniel Maldini,it ITA,"MF,FW",Monza,21,2001,3.7,4,12,5,41.7,3.24,1.35,0.33,0.80,20.0,1,0,0,1.3,1.3,0.11,+2.7,+2.7,Matches
Daniel Maldini,it ITA,"FW,MF",Empoli,21,2001,2.9,0,9,2,22.2,3.08,0.68,0.00,0.00,26.4,2,0,0,0.3,0.3,0.03,-0.3,-0.3,Matches
Youssef Maleh,ma MAR,MF,Empoli,24,1998,28.9,0,18,2,11.1,0.62,0.07,0.00,0.00,20.1,2,0,0,1.6,1.6,0.09,-1.6,-1.6,Matches
Ruslan Malinovskyi,ua UKR,MF,Genoa,30,1993,17.2,4,39,13,33.3,2.27,0.76,0.10,0.31,29.6,10,0,0,1.1,1.1,0.03,+2.9,+2.9,Matches
Gianluca Mancini,it ITA,DF,Roma,27,1996,31.9,4,19,7,36.8,0.60,0.22,0.21,0.57,12.2,0,0,0,1.9,1.9,0.10,+2.1,+2.1,Matches
Marco Mancosu,it ITA,"MF,FW",Cagliari,34,1988,1.7,0,6,0,0.0,3.46,0.00,0.00,,29.7,1,0,1,1.2,0.5,0.08,-1.2,-0.5,Matches
Christos Mandas,gr GRE,GK,Lazio,21,2001,8.0,0,0,0,,0.00,0.00,,,,0,0,0,0.0,0.0,,0.0,0.0,Matches
Rolando Mandragora,it ITA,MF,Fiorentina,26,1997,17.6,3,30,11,36.7,1.70,0.62,0.10,0.27,20.6,1,0,0,3.5,3.5,0.12,-0.5,-0.5,Matches
Kostas Manolas,gr GRE,DF,Salernitana,32,1991,5.4,0,2,0,0.0,0.37,0.00,0.00,,9.9,0,0,0,0.1,0.1,0.07,-0.1,-0.1,Matches

Riccardo Marchizza,it ITA,DF,Frosinone,25,1998,12.8,0,8,3,37.5,0.63,0.24,0.00,0.00,24.4,0,0,0,0.4,0.4,0.05,-0.4,-0.4,Matches
Gian Marco Ferrari,it ITA,DF,Sassuolo,31,1992,25.2,1,16,6,37.5,0.63,0.24,0.06,0.17,12.2,0,0,0,1.6,1.6,0.10,-0.6,-0.6,Matches
Pablo Marí,es ESP,DF,Monza,29,1993,29.1,0,8,1,12.5,0.28,0.03,0.00,0.00,13.9,0,0,0,0.4,0.4,0.05,-0.4,-0.4,Matches
Mirko Marić,hr CRO,FW,Monza,28,1995,3.2,1,7,2,28.6,2.20,0.63,0.14,0.50,10.4,0,0,0,0.9,0.9,0.12,+0.1,+0.1,Matches
Răzvan Marin,ro ROU,MF,Empoli,27,1996,20.2,0,35,9,25.7,1.73,0.45,0.00,0.00,29.7,10,0,0,1.1,1.1,0.03,-1.1,-1.1,Matches
Agustín Martegani,ar ARG,MF,Salernitana,23,2000,8.1,1,15,4,26.7,1.85,0.49,0.07,0.25,24.3,0,0,0,0.6,0.6,0.04,+0.4,+0.4,Matches
Aarón Martín,es ESP,DF,Genoa,26,1997,15.3,0,5,0,0.0,0.33,0.00,0.00,,24.8,2,0,0,0.2,0.2,0.03,-0.2,-0.2,Matches
Tommaso Martinelli,it ITA,GK,Fiorentina,17,2006,1.0,0,0,0,,0.00,0.00,,,,0,0,0,0.0,0.0,,0.0,0.0,Matches
Josep Martinez,es ESP,GK,Genoa,25,1998,36.0,0,0,0,,0.00,0.00,,,,0,0,0,0.0,0.0,,0.0,0.0,Matches
Lautaro Martínez,ar ARG,FW,Inter,25,1997,29.5,24,105,44,41.9,3.56,1.49,0.21,0.50,14.2,0,2,3,17.6,15.3,0.15,+6.4,+6.7,Matches
Lucas Martínez Quarta,ar ARG,DF,Fiorentina,27,1996,25.5,5,24,7,29.2,0.94,0.27,0.21,0.71,10.2,0,0,0,2.7,2.7,0.11,+2.3,+2.3,Matches
Adam Marušić,me MNE,DF,Lazio,30,1992,34.4,1,8,3,37.5,0.23,0.09,0.13,0.33,19.9,0,0,0,0.4,0.4,0.05,+0.6,+0.6,Matches
Adam Masina,ma MAR,DF,Udinese,29,1994,0.7,0,1,1,100.0,1.41,1.41,0.00,0.00,21.9,0,0,0,0.1,0.1,0.06,-0.1,-0.1,Matches
Adam Masina,ma MAR,DF,Torino,29,1994,11.4,0,5,1,20.0,0.44,0.09,0.00,0.00,13.4,0,0,0,0.2,0.2,0.05,-0.2,-0.2,Matches
Alan Matturro,uy URU,DF,Genoa,18,2004,1.2,0,1,0,0.0,0.85,0.00,0.00,,7.5,0,0,0,0.1,0.1,0.07,-0.1,-0.1,Matches
Luca Mazzitelli,it ITA,MF,Frosinone,27,1995,24.6,5,49,18,36.7,2.00,0.73,0.10,0.28,23.0,3,0,0,2.3,2.3,0.05,+2.7,+2.7,Matches
Pasquale Mazzocchi,it ITA,DF,Salernitana,28,1995,14.1,0,8,1,12.5,0.57,0.07,0.00,0.00,28.6,1,0,0,0.3,0.3,0.04,-0.3,-0.3,Matches
Pasquale Mazzocchi,it ITA,DF,Napoli,28,1995,4.8,0,5,1,20.0,1.05,0.21,0.00,0.00,24.5,0,0,0,0.2,0.2,0.03,-0.2,-0.2,Matches
Jordi Mboula,es ESP,"FW,MF",Hellas Verona,24,1999,3.4,0,4,1,25.0,1.17,0.29,0.00,0.00,15.9,0,0,0,0.2,0.2,0.05,-0.2,-0.2,Matches
Weston McKennie,us USA,"MF,DF",Juventus,24,1998,28.8,0,23,5,21.7,0.80,0.17,0.00,0.00,10.5,0,0,0,3.0,3.0,0.13,-3.0,-3.0,Matches
Arthur Melo,br BRA,MF,Fiorentina,26,1996,22.1,2,11,5,45.5,0.50,0.23,0.09,0.20,28.6,0,1,1,1.0,0.3,0.02,+1.0,+0.7,Matches
Leonardo Mendicino,it ITA,MF,Atalanta,17,2006,0.0,0,0,0,,0.00,0.00,,,,0,0,0,0.0,0.0,,0.0,0.0,Matches
Alex Meret,it ITA,GK,Napoli,26,1997,30.8,0,0,0,,0.00,0.00,,,,0,0,0,0.0,0.0,,0.0,0.0,Matches
Junior Messias,br BRA,"MF,DF",Genoa,32,1991,11.7,1,22,3,13.6,1.88,0.26,0.05,0.33,18.2,1,0,0,1.6,1.6,0.07,-0.6,-0.6,Matches
Nikola Milenković,rs SRB,DF,Fiorentina,25,1997,27.9,0,10,3,30.0,0.36,0.11,0.00,0.00,19.9,0,0,0,0.4,0.4,0.04,-0.4,-0.4,Matches

Arkadiusz Milik,pl POL,FW,Juventus,29,1994,10.2,4,37,13,35.1,3.62,1.27,0.11,0.31,13.6,3,0,0,5.1,5.1,0.14,-1.1,-1.1,Matches
Vanja Milinković-Savić,rs SRB,GK,Torino,26,1997,36.0,0,0,0,,0.00,0.00,,,,0,0,0,0.0,0.0,,0.0,0.0,Matches
Yerry Mina,co COL,"DF,MF",Fiorentina,28,1994,0.5,0,1,0,0.0,2.05,0.00,0.00,,15.8,0,0,0,0.1,0.1,0.06,-0.1,-0.1,Matches
Yerry Mina,co COL,DF,Cagliari,28,1994,13.5,2,2,1,50.0,0.15,0.07,0.50,1.00,17.2,0,1,1,1.3,0.5,0.25,+0.7,+0.5,Matches
Aleksei Miranchuk,ru RUS,"MF,FW",Atalanta,27,1995,13.1,3,37,21,56.8,2.83,1.61,0.08,0.14,16.4,0,0,0,5.4,5.4,0.15,-2.4,-2.4,Matches
Kevin Miranda,it ITA,DF,Sassuolo,20,2003,0.2,0,0,0,,0.00,0.00,,,,0,0,0,0.0,0.0,,0.0,0.0,Matches
Antonio Mirante,it ITA,GK,Milan,40,1983,2.0,0,0,0,,0.00,0.00,,,,0,0,0,0.0,0.0,,0.0,0.0,Matches
Fabio Miretti,it ITA,MF,Juventus,19,2003,12.3,1,20,3,15.0,1.63,0.24,0.05,0.33,20.4,0,0,0,1.2,1.2,0.06,-0.2,-0.2,Matches
Filippo Missori,it ITA,DF,Sassuolo,19,2004,3.0,0,4,1,25.0,1.35,0.34,0.00,0.00,16.6,0,0,0,0.3,0.3,0.07,-0.3,-0.3,Matches
Stefan Mitrović,rs SRB,"FW,MF",Hellas Verona,20,2002,4.3,0,7,1,14.3,1.61,0.23,0.00,0.00,15.1,0,0,0,0.4,0.4,0.06,-0.4,-0.4,Matches
Henrikh Mkhitaryan,am ARM,MF,Inter,34,1989,30.9,2,39,6,15.4,1.26,0.19,0.05,0.33,19.5,0,0,0,3.6,3.6,0.09,-1.6,-1.6,Matches
Ilario Monterisi,it ITA,DF,Frosinone,21,2001,16.3,2,5,3,60.0,0.31,0.18,0.40,0.67,8.7,0,0,0,1.1,1.1,0.22,+0.9,+0.9,Matches
Lorenzo Montipò,it ITA,GK,Hellas Verona,27,1996,37.0,0,0,0,,0.00,0.00,,,,0,0,0,0.0,0.0,,0.0,0.0,Matches
Nikola Moro,hr CRO,MF,Bologna,25,1998,9.3,1,11,1,9.1,1.18,0.11,0.09,1.00,22.1,1,0,0,0.7,0.7,0.06,+0.3,+0.3,Matches
Dany Mota,pt POR,"FW,MF",Monza,25,1998,22.8,4,38,11,28.9,1.67,0.48,0.11,0.36,14.4,0,0,0,3.6,3.6,0.09,+0.4,+0.4,Matches
Samuele Mulattieri,it ITA,"FW,MF",Sassuolo,22,2000,5.1,0,13,5,38.5,2.53,0.97,0.00,0.00,11.5,0,0,0,1.6,1.6,0.12,-1.6,-1.6,Matches
Luis Muriel,co COL,"FW,MF",Atalanta,32,1991,4.5,2,23,9,39.1,5.06,1.98,0.09,0.22,23.6,4,0,0,1.5,1.5,0.07,+0.5,+0.5,Matches
Yunus Musah,us USA,"MF,FW",Milan,20,2002,16.4,0,14,5,35.7,0.85,0.30,0.00,0.00,20.7,0,0,0,0.6,0.6,0.04,-0.6,-0.6,Matches
Juan Musso,ar ARG,GK,Atalanta,29,1994,11.0,0,0,0,,0.00,0.00,,,,0,0,0,0.0,0.0,,0.0,0.0,Matches
Kingstone Mutandwa,zm ZAM,"FW,MF",Cagliari,20,2003,0.4,1,2,1,50.0,4.62,2.31,0.50,1.00,19.1,0,0,0,0.1,0.1,0.04,+0.9,+0.9,Matches
Obite N'Dicka,ci CIV,DF,Roma,23,1999,24.1,0,9,1,11.1,0.37,0.04,0.00,0.00,13.2,0,0,0,1.0,1.0,0.11,-1.0,-1.0,Matches
Nahitan Nández,uy URU,"MF,DF",Cagliari,27,1995,26.0,2,22,5,22.7,0.85,0.19,0.05,0.20,18.1,0,1,1,3.7,2.9,0.13,-1.7,-1.9,Matches
Natan,br BRA,DF,Napoli,22,2001,10.6,0,6,1,16.7,0.57,0.09,0.00,0.00,14.1,0,0,0,0.4,0.4,0.07,-0.4,-0.4,Matches
Lapo Nava,it ITA,GK,Milan,19,2004,0.0,0,0,0,,0.00,0.00,,,,0,0,0,0.0,0.0,,0.0,0.0,Matches
Michel Ndary Adopo,fr FRA,MF,Atalanta,23,2000,1.2,0,1,1,100.0,0.83,0.83,0.00,0.00,9.4,0,0,0,0.1,0.1,0.07,-0.1,-0.1,Matches

Dan Ndoye,ch SUI,"FW,MF",Bologna,22,2000,19.7,1,41,16,39.0,2.08,0.81,0.02,0.06,16.7,0,0,0,4.9,4.9,0.13,-3.9,-3.9,Matches
Cyril Ngonge,be BEL,"FW,MF",Hellas Verona,23,2000,15.9,6,42,14,33.3,2.64,0.88,0.14,0.43,18.2,4,0,0,4.2,3.4,0.08,+1.8,+2.6,Matches
Cyril Ngonge,be BEL,FW,Napoli,23,2000,3.5,1,17,5,29.4,4.86,1.43,0.06,0.20,17.7,2,0,0,1.0,1.0,0.06,0.0,0.0,Matches
M'Baye Niang,sn SEN,FW,Empoli,28,1994,7.9,6,20,5,25.0,2.54,0.64,0.10,0.40,16.9,0,4,4,5.4,2.3,0.11,+0.6,-0.3,Matches
Hans Nicolussi Caviglia,it ITA,MF,Juventus,23,2000,3.0,0,3,0,0.0,1.01,0.00,0.00,,25.9,1,0,0,0.1,0.1,0.04,-0.1,-0.1,Matches
Joseph Nonge,be BEL,MF,Juventus,18,2005,0.3,0,0,0,,0.00,0.00,,,,0,0,0,0.0,0.0,,0.0,0.0,Matches
Tijjani Noslin,nl NED,"FW,MF",Hellas Verona,24,1999,14.9,5,36,15,41.7,2.42,1.01,0.14,0.33,17.4,0,0,0,3.6,3.6,0.10,+1.4,+1.4,Matches
Simeon Nwankwo,ng NGA,FW,Salernitana,31,1992,7.6,3,13,7,53.8,1.71,0.92,0.23,0.43,10.6,0,0,0,2.7,2.7,0.21,+0.3,+0.3,Matches
M'Bala Nzola,ao ANG,FW,Fiorentina,26,1996,17.2,3,31,12,38.7,1.80,0.70,0.06,0.17,12.5,0,1,1,4.5,3.7,0.12,-1.5,-1.7,Matches
Adam Obert,sk SVK,DF,Cagliari,20,2002,10.5,0,3,3,100.0,0.29,0.29,0.00,0.00,18.8,0,0,0,0.1,0.1,0.05,-0.1,-0.1,Matches
Pedro Obiang,gq EQG,MF,Sassuolo,31,1992,5.0,0,2,0,0.0,0.40,0.00,0.00,,28.8,0,0,0,0.0,0.0,0.02,0.0,0.0,Matches
Guillermo Ochoa,mx MEX,GK,Salernitana,38,1985,21.0,0,0,0,,0.00,0.00,,,,0,0,0,0.0,0.0,,0.0,0.0,Matches
Jens Odgaard,dk DEN,"FW,MF",Bologna,24,1999,4.8,2,11,2,18.2,2.30,0.42,0.18,1.00,18.9,0,0,0,1.5,1.5,0.13,+0.5,+0.5,Matches
Noah Okafor,ch SUI,"FW,MF",Milan,23,2000,9.9,6,22,14,63.6,2.23,1.42,0.27,0.43,13.9,0,0,0,3.8,3.8,0.17,+2.2,+2.2,Matches
David Okereke,ng NGA,"FW,MF",Torino,25,1997,2.8,0,8,5,62.5,2.86,1.79,0.00,0.00,19.8,0,0,0,0.2,0.2,0.03,-0.2,-0.2,Matches
Caleb Okoli,it ITA,DF,Frosinone,22,2001,32.4,0,13,3,23.1,0.40,0.09,0.00,0.00,11.7,0,0,0,0.6,0.6,0.05,-0.6,-0.6,Matches
Maduka Okoye,ng NGA,GK,Udinese,23,1999,21.0,0,0,0,,0.00,0.00,,,,0,0,0,0.0,0.0,,0.0,0.0,Matches
Mathías Olivera,uy URU,DF,Napoli,25,1997,17.4,1,12,1,8.3,0.69,0.06,0.08,1.00,11.7,0,0,0,0.5,0.5,0.05,+0.5,+0.5,Matches
Gaetano Oristanio,it ITA,"FW,MF",Cagliari,20,2002,12.3,2,23,5,21.7,1.87,0.41,0.09,0.40,18.9,1,0,0,1.8,1.8,0.08,+0.2,+0.2,Matches
Riccardo Orsolini,it ITA,"FW,MF",Bologna,26,1997,19.9,10,55,22,40.0,2.76,1.10,0.15,0.36,18.1,5,2,3,7.4,5.0,0.09,+2.6,+3.0,Matches
Victor Osimhen,ng NGA,FW,Napoli,24,1998,22.0,15,85,36,42.4,3.86,1.63,0.14,0.33,13.4,0,3,5,15.4,11.4,0.13,-0.4,+0.6,Matches
Remi Oudin,fr FRA,"MF,FW",Lecce,26,1996,20.2,3,34,8,23.5,1.68,0.40,0.09,0.38,23.8,4,0,0,1.8,1.8,0.05,+1.2,+1.2,Matches
Anthony Oyono,ga GAB,DF,Frosinone,22,2001,13.3,0,4,1,25.0,0.30,0.08,0.00,0.00,19.1,0,0,0,0.1,0.1,0.03,-0.1,-0.1,Matches
Simone Pafundi,it ITA,MF,Udinese,17,2006,0.1,0,0,0,,0.00,0.00,,,,0,0,0,0.0,0.0,,0.0,0.0,Matches
Riccardo Pagano,it ITA,"MF,DF",Roma,18,2004,0.6,0,1,0,0.0,1.76,0.00,0.00,,22.8,0,0,0,0.1,0.1,0.06,-0.1,-0.1,Matches

Christos Papadopoulos,gr GRE,FW,Genoa,18,2004,0.0,0,0,0,,0.00,0.00,,,,0,0,0,0.0,0.0,,0.0,0.0,Matches
Leandro Paredes,ar ARG,MF,Roma,29,1994,29.3,3,29,3,10.3,0.99,0.10,0.00,0.00,28.6,4,3,3,3.3,1.0,0.03,-0.3,-1.0,Matches
Fabiano Parisi,it ITA,DF,Fiorentina,22,2000,16.2,0,12,2,16.7,0.74,0.12,0.00,0.00,19.4,0,0,0,0.9,0.9,0.08,-0.9,-0.9,Matches
Mario Pašalić,hr CRO,MF,Atalanta,28,1995,22.8,6,38,16,42.1,1.67,0.70,0.11,0.25,14.5,0,2,2,7.1,5.5,0.15,-1.1,-1.5,Matches
Triantafyllos Pasaridīs,gr GRE,DF,Salernitana,27,1996,5.0,0,0,0,,0.00,0.00,,,,0,0,0,0.0,0.0,,0.0,0.0,Matches
Patric,es ESP,DF,Lazio,30,1993,17.9,2,6,2,33.3,0.34,0.11,0.33,1.00,19.5,0,0,0,1.4,1.4,0.23,+0.6,+0.6,Matches
Rui Patrício,pt POR,GK,Roma,35,1988,23.0,0,0,0,,0.00,0.00,,,,0,0,0,0.0,0.0,,0.0,0.0,Matches
Benjamin Pavard,fr FRA,DF,Inter,27,1996,18.6,0,15,5,33.3,0.81,0.27,0.00,0.00,18.7,0,0,0,0.7,0.7,0.05,-0.7,-0.7,Matches
Leonardo Pavoletti,it ITA,FW,Cagliari,34,1988,7.0,4,25,9,36.0,3.58,1.29,0.16,0.44,11.3,0,0,0,2.6,2.6,0.10,+1.4,+1.4,Matches
Martín Payero,ar ARG,MF,Udinese,24,1998,20.0,2,38,8,21.1,1.90,0.40,0.05,0.25,22.9,1,0,0,1.5,1.5,0.04,+0.5,+0.5,Matches
Marcus Pedersen,no NOR,DF,Sassuolo,23,2000,17.9,0,3,0,0.0,0.17,0.00,0.00,,24.9,0,0,0,0.1,0.1,0.03,-0.1,-0.1,Matches
Pedro,es ESP,"FW,MF",Lazio,36,1987,9.1,1,11,4,36.4,1.21,0.44,0.09,0.25,20.0,1,0,0,1.5,1.5,0.14,-0.5,-0.5,Matches
Pietro Pellegri,it ITA,FW,Torino,22,2001,8.4,1,13,4,30.8,1.55,0.48,0.08,0.25,10.2,0,0,0,1.0,1.0,0.08,0.0,0.0,Matches
Lorenzo Pellegrini,it ITA,MF,Roma,27,1996,20.7,8,46,19,41.3,2.23,0.92,0.15,0.37,19.8,5,1,1,4.8,4.0,0.09,+3.2,+3.0,Matches
Luca Pellegrini,it ITA,DF,Lazio,24,1999,8.7,1,7,1,14.3,0.80,0.11,0.14,1.00,26.6,1,0,0,0.2,0.2,0.03,+0.8,+0.8,Matches
Marco Pellegrino,,DF,Salernitana,,,6.1,0,2,0,0.0,0.33,0.00,0.00,,11.9,0,0,0,0.0,0.0,0.02,0.0,0.0,Matches
Marco Pellegrino,,DF,Milan,,,0.8,0,1,1,100.0,1.32,1.32,0.00,0.00,12.9,0,0,0,0.0,0.0,0.02,0.0,0.0,Matches
Pepín,gq EQG,"MF,FW",Monza,26,1996,2.7,0,5,0,0.0,1.87,0.00,0.00,,26.2,2,0,0,0.2,0.2,0.03,-0.2,-0.2,Matches
Pedro Pereira,pt POR,DF,Monza,25,1998,9.3,0,3,0,0.0,0.32,0.00,0.00,,14.9,0,0,0,0.2,0.2,0.06,-0.2,-0.2,Matches
Roberto Pereyra,ar ARG,"FW,MF",Udinese,32,1991,20.6,4,26,8,30.8,1.26,0.39,0.12,0.38,15.9,0,1,1,3.5,2.7,0.11,+0.5,+0.3,Matches
Nehuén Pérez,ar ARG,DF,Udinese,23,2000,36.0,0,20,2,10.0,0.56,0.06,0.00,0.00,12.3,0,0,0,1.3,1.3,0.07,-1.3,-1.3,Matches
Simone Perilli,it ITA,GK,Hellas Verona,28,1995,1.0,0,0,0,,0.00,0.00,,,,0,0,0,0.0,0.0,,0.0,0.0,Matches
Mattia Perin,it ITA,GK,Juventus,30,1992,2.5,0,0,0,,0.00,0.00,,,,0,0,0,0.0,0.0,,0.0,0.0,Matches
Samuele Perisan,it ITA,GK,Empoli,25,1997,1.0,0,0,0,,0.00,0.00,,,,0,0,0,0.0,0.0,,0.0,0.0,Matches
Matteo Pessina,it ITA,MF,Monza,26,1997,35.8,6,22,8,36.4,0.61,0.22,0.09,0.25,20.2,0,4,5,6.3,2.4,0.11,-0.3,-0.4,Matches

Andrea Petagna,it ITA,FW,Cagliari,28,1995,11.1,1,20,8,40.0,1.81,0.72,0.05,0.13,13.7,0,0,0,1.6,1.6,0.08,-0.6,-0.6,Matches
Giuseppe Pezzella,it ITA,DF,Empoli,25,1997,12.1,0,3,2,66.7,0.25,0.17,0.00,0.00,20.5,0,0,0,0.2,0.2,0.06,-0.2,-0.2,Matches
Roberto Piccoli,it ITA,FW,Empoli,22,2001,0.4,0,1,0,0.0,2.31,0.00,0.00,,16.3,0,0,0,0.1,0.1,0.05,-0.1,-0.1,Matches
Roberto Piccoli,it ITA,FW,Lecce,22,2001,15.3,5,56,20,35.7,3.66,1.31,0.07,0.20,16.5,1,1,1,6.4,5.6,0.10,-1.4,-1.6,Matches
Santiago Pierotti,ar ARG,"MF,FW",Lecce,22,2001,2.2,0,7,3,42.9,3.15,1.35,0.00,0.00,17.0,0,0,0,0.5,0.5,0.07,-0.5,-0.5,Matches
Niccolò Pierozzi,it ITA,DF,Salernitana,21,2001,9.7,1,8,2,25.0,0.83,0.21,0.13,0.50,15.8,0,0,0,0.2,0.2,0.03,+0.8,+0.8,Matches
Andrea Pinamonti,it ITA,FW,Sassuolo,24,1999,34.2,11,80,19,23.8,2.34,0.56,0.11,0.47,16.4,0,2,3,8.9,6.6,0.08,+2.1,+2.4,Matches
Carlo Pinsoglio,it ITA,GK,Juventus,33,1990,0.5,0,0,0,,0.00,0.00,,,,0,0,0,0.0,0.0,,0.0,0.0,Matches
Lorenzo Pirola,it ITA,DF,Salernitana,21,2002,22.1,1,15,4,26.7,0.68,0.18,0.07,0.25,13.8,0,0,0,0.9,0.9,0.06,+0.1,+0.1,Matches
Niccolò Pisilli,it ITA,MF,Roma,18,2004,0.1,0,0,0,,0.00,0.00,,,,0,0,0,0.0,0.0,,0.0,0.0,Matches
Tommaso Pobega,it ITA,MF,Milan,24,1999,3.5,0,5,4,80.0,1.41,1.13,0.00,0.00,16.9,0,0,0,0.2,0.2,0.04,-0.2,-0.2,Matches
Paul Pogba,fr FRA,MF,Juventus,30,1993,0.6,0,0,0,,0.00,0.00,,,,0,0,0,0.0,0.0,,0.0,0.0,Matches
Matteo Politano,it ITA,FW,Napoli,29,1993,26.2,8,72,15,20.8,2.75,0.57,0.08,0.40,21.5,4,2,3,7.1,4.8,0.07,+0.9,+1.2,Matches
Marin Pongračić,hr CRO,DF,Lecce,25,1997,35.8,0,13,3,23.1,0.36,0.08,0.00,0.00,13.5,0,0,0,1.2,1.2,0.09,-1.2,-1.2,Matches
Stefan Posch,at AUT,DF,Bologna,26,1997,26.8,1,18,4,22.2,0.67,0.15,0.06,0.25,19.3,0,0,0,1.2,1.2,0.07,-0.2,-0.2,Matches
Matteo Prati,it ITA,MF,Cagliari,19,2003,21.9,1,36,10,27.8,1.64,0.46,0.03,0.10,22.6,2,0,0,2.0,2.0,0.06,-1.0,-1.0,Matches
Ivan Provedel,it ITA,GK,Lazio,29,1994,30.0,0,0,0,,0.00,0.00,,,,0,0,0,0.0,0.0,,0.0,0.0,Matches
Christian Pulisic,us USA,"FW,MF",Milan,24,1998,28.9,12,65,31,47.7,2.25,1.07,0.18,0.39,15.7,0,0,0,8.0,8.0,0.12,+4.0,+4.0,Matches
George Pușcaș,ro ROU,FW,Genoa,27,1996,2.1,0,11,5,45.5,5.18,2.36,0.00,0.00,12.9,0,0,0,2.1,2.1,0.19,-2.1,-2.1,Matches
Domingos Quina,pt POR,MF,Udinese,23,1999,0.1,0,0,0,,0.00,0.00,,,,0,0,0,0.0,0.0,,0.0,0.0,Matches
Adrien Rabiot,fr FRA,MF,Juventus,28,1995,29.5,5,38,16,42.1,1.29,0.54,0.13,0.31,16.9,0,0,0,3.5,3.4,0.09,+1.5,+1.6,Matches
Uroš Račić,rs SRB,MF,Sassuolo,25,1998,9.1,1,17,4,23.5,1.87,0.44,0.06,0.25,24.3,2,0,0,0.8,0.8,0.05,+0.2,+0.2,Matches
Nemanja Radonjić,rs SRB,"MF,FW",Torino,27,1996,4.2,3,12,5,41.7,2.89,1.20,0.25,0.60,16.6,0,0,0,1.7,1.7,0.14,+1.3,+1.3,Matches
Boris Radunović,rs SRB,GK,Cagliari,27,1996,7.0,0,0,0,,0.00,0.00,,,,0,0,0,0.0,0.0,,0.0,0.0,Matches
Hamza Rafia,tn TUN,MF,Lecce,24,1999,13.4,1,16,3,18.8,1.20,0.22,0.06,0.33,22.6,0,0,0,0.8,0.8,0.05,+0.2,+0.2,Matches

Ylber Ramadani,al ALB,MF,Lecce,27,1996,33.0,1,31,6,19.4,0.94,0.18,0.03,0.17,27.6,0,0,0,1.0,1.0,0.03,0.0,0.0,Matches
Luca Ranieri,it ITA,DF,Fiorentina,24,1999,22.9,2,10,3,30.0,0.44,0.13,0.20,0.67,8.8,0,0,0,0.9,0.9,0.09,+1.1,+1.1,Matches
Filippo Ranocchia,it ITA,"MF,DF",Empoli,22,2001,5.3,0,6,2,33.3,1.13,0.38,0.00,0.00,26.6,2,0,0,0.2,0.2,0.04,-0.2,-0.2,Matches
Giacomo Raspadori,it ITA,"FW,MF",Napoli,23,2000,17.6,5,60,24,40.0,3.41,1.36,0.08,0.21,18.8,4,0,1,5.9,4.5,0.07,-0.9,+0.5,Matches
Federico Ravaglia,it ITA,GK,Bologna,23,1999,5.9,0,0,0,,0.00,0.00,,,,0,0,0,0.0,0.0,,0.0,0.0,Matches
Tijjani Reijnders,nl NED,MF,Milan,25,1998,31.3,3,44,9,20.5,1.40,0.29,0.07,0.33,20.1,0,0,0,3.2,3.2,0.07,-0.2,-0.2,Matches
Reinier,br BRA,"MF,FW",Frosinone,21,2002,11.8,2,14,6,42.9,1.19,0.51,0.14,0.33,16.3,0,0,0,1.3,1.3,0.09,+0.7,+0.7,Matches
Mateo Retegui,it ITA,FW,Genoa,24,1999,24.6,7,62,22,35.5,2.52,0.89,0.10,0.27,14.3,0,1,1,5.8,5.0,0.08,+1.2,+1.0,Matches
Samuele Ricci,it ITA,MF,Torino,21,2001,26.6,1,30,5,16.7,1.13,0.19,0.03,0.20,22.7,0,0,0,1.3,1.3,0.04,-0.3,-0.3,Matches
Ricardo Rodríguez,ch SUI,DF,Torino,30,1992,30.8,1,11,2,18.2,0.36,0.06,0.09,0.50,27.2,2,0,0,0.3,0.3,0.03,+0.7,+0.7,Matches
Alessio Romagnoli,it ITA,DF,Lazio,28,1995,26.8,0,11,5,45.5,0.41,0.19,0.00,0.00,12.0,0,0,0,0.6,0.6,0.05,-0.6,-0.6,Matches
Simone Romagnoli,it ITA,DF,Frosinone,33,1990,30.2,1,12,1,8.3,0.40,0.03,0.08,1.00,8.8,0,0,0,1.2,1.2,0.10,-0.2,-0.2,Matches
Luka Romero,ar ARG,"FW,MF",Milan,18,2004,1.0,0,1,0,0.0,1.02,0.00,0.00,,9.5,0,0,0,0.1,0.1,0.09,-0.1,-0.1,Matches
Marten de Roon,nl NED,"MF,DF",Atalanta,32,1991,28.9,0,16,3,18.8,0.55,0.10,0.00,0.00,24.5,0,0,0,0.6,0.6,0.04,-0.6,-0.6,Matches
Francesco Rossi,it ITA,GK,Atalanta,32,1991,0.1,0,0,0,,0.00,0.00,,,,0,0,0,0.0,0.0,,0.0,0.0,Matches
Nicolò Rovella,it ITA,MF,Lazio,21,2001,14.6,0,5,1,20.0,0.34,0.07,0.00,0.00,26.4,1,0,0,0.6,0.6,0.12,-0.6,-0.6,Matches
Amir Rrahmani,xk KVX,DF,Napoli,29,1994,28.9,3,25,8,32.0,0.87,0.28,0.12,0.38,12.0,0,0,0,2.2,2.2,0.09,+0.8,+0.8,Matches
Ruan,br BRA,DF,Sassuolo,24,1999,16.8,0,7,2,28.6,0.42,0.12,0.00,0.00,10.6,0,0,0,0.5,0.5,0.07,-0.5,-0.5,Matches
Daniele Rugani,it ITA,DF,Juventus,29,1994,13.2,2,8,2,25.0,0.61,0.15,0.25,1.00,7.3,0,0,0,1.6,1.6,0.30,+0.4,+0.4,Matches
Matteo Ruggeri,it ITA,DF,Atalanta,21,2002,27.2,0,12,4,33.3,0.44,0.15,0.00,0.00,16.9,0,0,0,0.5,0.5,0.04,-0.5,-0.5,Matches
Mário Rui,pt POR,DF,Napoli,32,1991,13.4,0,5,2,40.0,0.37,0.15,0.00,0.00,31.7,0,0,0,0.1,0.1,0.03,-0.1,-0.1,Matches
Stefano Sabelli,it ITA,DF,Genoa,30,1993,27.0,0,9,3,33.3,0.33,0.11,0.00,0.00,18.6,0,0,0,0.8,0.8,0.08,-0.8,-0.8,Matches
Alexis Saelemaekers,be BEL,"FW,MF",Bologna,24,1999,21.0,4,29,10,34.5,1.38,0.48,0.14,0.40,23.2,4,0,0,2.6,2.6,0.09,+1.4,+1.4,Matches
Lazar Samardzic,rs SRB,MF,Udinese,21,2002,26.4,6,56,16,28.6,2.12,0.61,0.09,0.31,25.7,13,1,1,3.5,2.8,0.05,+2.5,+2.2,Matches
Junior Sambia,fr FRA,"DF,MF",Salernitana,26,1996,11.5,1,12,4,33.3,1.05,0.35,0.08,0.25,25.9,5,0,0,0.5,0.5,0.04,+0.5,+0.5,Matches

Antonio Sanabria,py PAR,"FW,MF",Torino,27,1996,23.7,5,52,14,26.9,2.19,0.59,0.06,0.21,12.7,0,2,2,9.3,7.7,0.15,-4.3,-4.7,Matches
Renato Sanches,pt POR,MF,Roma,25,1997,1.6,1,2,1,50.0,1.23,0.62,0.50,1.00,19.1,0,0,0,0.1,0.1,0.04,+0.9,+0.9,Matches
Alexis Sánchez,cl CHI,"FW,MF",Inter,34,1988,8.5,2,17,5,29.4,2.01,0.59,0.06,0.20,16.4,2,1,1,3.2,2.5,0.14,-1.2,-1.5,Matches
Alex Sandro,br BRA,DF,Juventus,32,1991,8.0,1,5,1,20.0,0.62,0.12,0.20,1.00,8.2,0,0,0,0.4,0.4,0.08,+0.6,+0.6,Matches
Nicola Sansone,it ITA,"FW,MF",Lecce,31,1991,8.5,2,23,5,21.7,2.70,0.59,0.09,0.40,18.9,2,0,0,2.8,2.8,0.12,-0.8,-0.8,Matches
Riccardo Saponara,it ITA,"FW,MF",Hellas Verona,31,1991,3.8,0,5,1,20.0,1.32,0.26,0.00,0.00,25.6,0,0,0,0.1,0.1,0.02,-0.1,-0.1,Matches
Zanos Savva,cy CYP,"DF,MF",Torino,17,2005,0.3,1,1,1,100.0,3.21,3.21,1.00,1.00,8.2,0,0,0,0.2,0.2,0.16,+0.8,+0.8,Matches
Saba Sazonov,ge GEO,DF,Torino,21,2002,4.0,0,1,0,0.0,0.25,0.00,0.00,,3.0,0,0,0,0.2,0.2,0.16,-0.2,-0.2,Matches
Giorgio Scalvini,it ITA,DF,Atalanta,19,2003,28.3,1,19,6,31.6,0.67,0.21,0.05,0.17,14.6,0,0,0,1.4,1.4,0.08,-0.4,-0.4,Matches
Gianluca Scamacca,it ITA,FW,Atalanta,24,1999,16.1,12,60,26,43.3,3.72,1.61,0.20,0.46,15.1,0,0,0,6.5,6.5,0.11,+5.5,+5.5,Matches
Perr Schuurs,nl NED,DF,Torino,23,1999,8.6,1,7,1,14.3,0.82,0.12,0.14,1.00,25.5,0,0,0,0.7,0.7,0.10,+0.3,+0.3,Matches
Simone Scuffet,it ITA,GK,Cagliari,27,1996,31.0,0,0,0,,0.00,0.00,,,,0,0,0,0.0,0.0,,0.0,0.0,Matches
Demba Seck,sn SEN,MF,Torino,22,2001,4.7,0,9,2,22.2,1.91,0.42,0.00,0.00,17.6,0,0,0,0.3,0.3,0.04,-0.3,-0.3,Matches
Demba Seck,sn SEN,"FW,MF",Frosinone,22,2001,3.3,0,7,2,28.6,2.11,0.60,0.00,0.00,16.8,0,0,0,1.1,1.1,0.16,-1.1,-1.1,Matches
Nikola Sekulov,it ITA,FW,Juventus,21,2002,0.1,0,0,0,,0.00,0.00,,,,0,0,0,0.0,0.0,,0.0,0.0,Matches
Vivaldo Semedo,pt POR,FW,Udinese,18,2005,0.1,0,0,0,,0.00,0.00,,,,0,0,0,0.0,0.0,,0.0,0.0,Matches
Stefano Sensi,it ITA,MF,Inter,27,1995,0.5,0,2,0,0.0,3.91,0.00,0.00,,28.5,1,0,0,0.1,0.1,0.04,-0.1,-0.1,Matches
Suat Serdar,de GER,MF,Hellas Verona,26,1997,18.4,0,22,7,31.8,1.19,0.38,0.00,0.00,22.4,0,0,0,1.0,1.0,0.05,-1.0,-1.0,Matches
Andres Sfait,ro ROU,"DF,MF",Salernitana,18,2004,0.3,0,0,0,,0.00,0.00,,,,0,0,0,0.0,0.0,,0.0,0.0,Matches
Stephan El Shaarawy,it ITA,"FW,DF",Roma,30,1992,19.3,3,40,10,25.0,2.07,0.52,0.08,0.30,19.1,1,0,0,2.5,2.5,0.06,+0.5,+0.5,Matches
Eldor Shomurodov,uz UZB,"FW,MF",Cagliari,28,1995,10.4,3,21,7,33.3,2.02,0.67,0.14,0.43,11.9,0,0,0,3.5,3.5,0.19,-0.5,-0.5,Matches
Steven Shpendi,al ALB,"FW,MF",Empoli,20,2003,4.6,0,7,3,42.9,1.53,0.66,0.00,0.00,16.8,0,0,0,0.4,0.4,0.06,-0.4,-0.4,Matches
Marco Silvestri,it ITA,GK,Udinese,32,1991,17.0,0,0,0,,0.00,0.00,,,,0,0,0,0.0,0.0,,0.0,0.0,Matches
Giovanni Simeone,ar ARG,FW,Napoli,28,1995,8.9,1,35,12,34.3,3.94,1.35,0.03,0.08,14.6,0,0,0,3.4,3.4,0.10,-2.4,-2.4,Matches
Jan-Carlo Simic,rs SRB,DF,Milan,18,2005,1.6,1,2,1,50.0,1.23,0.62,0.50,1.00,6.2,0,0,0,0.6,0.6,0.31,+0.4,+0.4,Matches

Leo Skiri Østigård,no NOR,DF,Napoli,23,1999,18.1,1,7,1,14.3,0.39,0.06,0.14,1.00,13.2,0,0,0,0.6,0.6,0.09,+0.4,+0.4,Matches
Łukasz Skorupski,pl POL,GK,Bologna,32,1991,32.0,0,0,0,,0.00,0.00,,,,0,0,0,0.0,0.0,,0.0,0.0,Matches
Chris Smalling,eng ENG,DF,Roma,33,1989,4.3,0,1,1,100.0,0.23,0.23,0.00,0.00,7.1,0,0,0,0.0,0.0,0.05,0.0,0.0,Matches
Andrea Sodero,it ITA,MF,Empoli,18,2004,0.1,0,0,0,,0.00,0.00,,,,0,0,0,0.0,0.0,,0.0,0.0,Matches
Ola Solbakken,no NOR,FW,Roma,24,1998,0.3,0,0,0,,0.00,0.00,,,,0,0,0,0.0,0.0,,0.0,0.0,Matches
Daniele Sommariva,it ITA,GK,Genoa,26,1997,0.1,0,0,0,,0.00,0.00,,,,0,0,0,0.0,0.0,,0.0,0.0,Matches
Yann Sommer,ch SUI,GK,Inter,34,1988,34.0,0,0,0,,0.00,0.00,,,,0,0,0,0.0,0.0,,0.0,0.0,Matches
Brandon Soppy,fr FRA,DF,Torino,21,2002,2.0,0,1,0,0.0,0.51,0.00,0.00,,25.1,0,0,0,0.0,0.0,0.01,0.0,0.0,Matches
Alessandro Sorrentino,it ITA,GK,Monza,21,2002,6.1,0,0,0,,0.00,0.00,,,,0,0,0,0.0,0.0,,0.0,0.0,Matches
Riccardo Sottil,it ITA,FW,Fiorentina,24,1999,12.3,2,34,13,38.2,2.77,1.06,0.06,0.15,17.0,1,0,0,2.6,2.6,0.08,-0.6,-0.6,Matches
Matìas Soulé,ar ARG,"FW,MF",Frosinone,20,2003,34.7,11,77,18,23.4,2.22,0.52,0.08,0.33,22.2,7,5,6,10.5,5.7,0.07,+0.5,+0.3,Matches
Djed Spence,eng ENG,DF,Genoa,22,2000,9.5,0,2,0,0.0,0.21,0.00,0.00,,11.9,0,0,0,0.2,0.2,0.09,-0.2,-0.2,Matches
Leonardo Spinazzola,it ITA,DF,Roma,30,1993,14.6,1,8,3,37.5,0.55,0.21,0.13,0.33,23.6,0,0,0,0.2,0.2,0.03,+0.8,+0.8,Matches
Marco Sportiello,it ITA,GK,Milan,31,1992,7.0,0,0,0,,0.00,0.00,,,,0,0,0,0.0,0.0,,0.0,0.0,Matches
Trivante Stewart,jm JAM,"FW,MF",Salernitana,23,2000,1.1,0,2,1,50.0,1.80,0.90,0.00,0.00,22.7,0,0,0,0.1,0.1,0.04,-0.1,-0.1,Matches
Gabriel Strefezza,br BRA,FW,Lecce,26,1997,12.4,1,27,5,18.5,2.19,0.40,0.00,0.00,22.8,1,1,1,2.5,1.7,0.06,-1.5,-1.7,Matches
Kevin Strootman,nl NED,MF,Genoa,33,1990,13.4,0,1,0,0.0,0.07,0.00,0.00,,24.5,0,0,0,0.1,0.1,0.08,-0.1,-0.1,Matches
Isaac Success,ng NGA,"FW,MF",Udinese,27,1996,9.8,1,18,4,22.2,1.84,0.41,0.06,0.25,16.9,0,0,1,2.7,1.9,0.11,-1.7,-0.9,Matches
Ibrahim Sulemana,gh GHA,MF,Cagliari,20,2003,14.9,2,13,3,23.1,0.87,0.20,0.15,0.67,23.2,0,0,0,0.8,0.8,0.06,+1.2,+1.2,Matches
Tomáš Suslov,sk SVK,"MF,FW",Hellas Verona,21,2002,23.2,3,51,15,29.4,2.19,0.65,0.04,0.13,25.8,4,1,1,3.5,2.6,0.05,-0.5,-0.6,Matches
Mile Svilar,rs SRB,GK,Roma,23,1999,15.0,0,0,0,,0.00,0.00,,,,0,0,0,0.0,0.0,,0.0,0.0,Matches
Karol Świderski,pl POL,"FW,MF",Hellas Verona,26,1997,5.6,2,15,6,40.0,2.68,1.07,0.13,0.33,13.7,0,0,0,1.7,1.7,0.12,+0.3,+0.3,Matches
Wojciech Szczęsny,pl POL,GK,Juventus,33,1990,35.0,0,0,0,,0.00,0.00,,,,0,0,0,0.0,0.0,,0.0,0.0,Matches
Przemysław Szymiński,pl POL,MF,Frosinone,29,1994,0.1,0,0,0,,0.00,0.00,,,,0,0,0,0.0,0.0,,0.0,0.0,Matches
Adrien Tameze,cm CMR,"DF,MF",Torino,29,1994,23.8,0,9,0,0.0,0.38,0.00,0.00,,13.0,0,0,0,0.7,0.7,0.08,-0.7,-0.7,Matches

Elayis Tavsan,nl NED,"MF,FW",Hellas Verona,22,2001,0.6,0,3,1,33.3,5.40,1.80,0.00,0.00,23.9,0,0,0,0.1,0.1,0.03,-0.1,-0.1,Matches
Loum Tchaouna,fr FRA,"FW,MF",Salernitana,19,2003,23.3,4,44,15,34.1,1.89,0.64,0.09,0.27,20.3,0,0,0,2.6,2.6,0.06,+1.4,+1.4,Matches
Jackson Tchatchoua,cm CMR,DF,Hellas Verona,21,2001,19.2,0,0,0,,0.00,0.00,,,,0,0,0,0.0,0.0,,0.0,0.0,Matches
Filippo Terracciano,it ITA,DF,Hellas Verona,20,2003,14.4,0,8,3,37.5,0.56,0.21,0.00,0.00,21.3,0,0,0,0.3,0.3,0.04,-0.3,-0.3,Matches
Filippo Terracciano,it ITA,"DF,FW",Milan,20,2003,0.8,0,0,0,,0.00,0.00,,,,0,0,0,0.0,0.0,,0.0,0.0,Matches
Pietro Terracciano,it ITA,GK,Fiorentina,33,1990,33.0,0,0,0,,0.00,0.00,,,,0,0,0,0.0,0.0,,0.0,0.0,Matches
Florian Thauvin,fr FRA,FW,Udinese,30,1993,19.0,5,47,14,29.8,2.47,0.74,0.09,0.29,18.2,4,1,1,4.7,3.9,0.08,+0.3,+0.1,Matches
Malick Thiaw,de GER,DF,Milan,21,2001,18.0,0,5,1,20.0,0.28,0.06,0.00,0.00,12.7,0,0,0,0.6,0.6,0.12,-0.6,-0.6,Matches
Morten Thorsby,no NOR,MF,Genoa,27,1996,12.9,2,13,6,46.2,1.01,0.47,0.15,0.33,12.2,0,0,0,1.8,1.8,0.14,+0.2,+0.2,Matches
Kristian Thorstvedt,no NOR,MF,Sassuolo,24,1999,26.6,6,42,15,35.7,1.58,0.56,0.14,0.40,15.8,0,0,0,4.4,4.4,0.10,+1.6,+1.6,Matches
Marcus Thuram,fr FRA,FW,Inter,25,1997,29.9,13,77,29,37.7,2.58,0.97,0.17,0.45,11.8,0,0,0,14.3,14.3,0.19,-1.3,-1.3,Matches
Antonio Tikvić,hr CRO,DF,Udinese,19,2004,0.0,0,0,0,,0.00,0.00,,,,0,0,0,0.0,0.0,,0.0,0.0,Matches
Jeremy Toljan,de GER,DF,Sassuolo,28,1994,23.1,0,12,3,25.0,0.52,0.13,0.00,0.00,18.6,0,0,0,0.6,0.6,0.05,-0.6,-0.6,Matches
Rafael Tolói,it ITA,DF,Atalanta,32,1990,10.7,0,3,0,0.0,0.28,0.00,0.00,,19.5,0,0,0,0.1,0.1,0.02,-0.1,-0.1,Matches
Fikayo Tomori,eng ENG,DF,Milan,25,1997,23.6,4,17,7,41.2,0.72,0.30,0.24,0.57,9.9,0,0,0,3.7,3.7,0.22,+0.3,+0.3,Matches
Ahmed Touba,dz ALG,DF,Lecce,25,1998,3.1,0,1,0,0.0,0.32,0.00,0.00,,7.1,0,0,0,0.0,0.0,0.03,0.0,0.0,Matches
Chaka Traorè,ci CIV,FW,Milan,18,2004,0.2,1,1,1,100.0,4.50,4.50,1.00,1.00,17.3,0,0,0,0.1,0.1,0.08,+0.9,+0.9,Matches
Stefano Turati,it ITA,GK,Frosinone,21,2001,30.5,0,0,0,,0.00,0.00,,,,0,0,0,0.0,0.0,,0.0,0.0,Matches
Kacper Urbanski,pl POL,"MF,FW",Bologna,18,2004,10.3,0,17,6,35.3,1.65,0.58,0.00,0.00,17.6,0,0,0,1.1,1.1,0.07,-1.1,-1.1,Matches
Emanuele Valeri,it ITA,DF,Frosinone,24,1998,13.1,0,19,3,15.8,1.45,0.23,0.00,0.00,24.4,0,0,0,0.9,0.9,0.05,-0.9,-0.9,Matches
Johan Vásquez,mx MEX,DF,Genoa,24,1998,31.7,1,34,10,29.4,1.07,0.32,0.03,0.10,13.6,0,0,0,1.9,1.9,0.05,-0.9,-0.9,Matches
Matías Vecino,uy URU,MF,Lazio,31,1991,12.8,6,33,11,33.3,2.58,0.86,0.18,0.55,15.7,0,0,0,3.7,3.7,0.11,+2.3,+2.3,Matches
Lorenzo Venuti,it ITA,DF,Lecce,28,1995,4.0,0,3,1,33.3,0.74,0.25,0.00,0.00,25.9,0,0,0,0.1,0.1,0.03,-0.1,-0.1,Matches
Simone Verdi,it ITA,FW,Torino,31,1992,0.0,0,0,0,,0.00,0.00,,,,0,0,0,0.0,0.0,,0.0,0.0,Matches
Emanuel Vignato,it ITA,"MF,FW",Salernitana,22,2000,3.5,0,1,0,0.0,0.29,0.00,0.00,,15.6,0,0,0,0.0,0.0,0.03,0.0,0.0,Matches

Samuele Vignato,it ITA,"MF,FW",Monza,19,2004,3.8,1,7,4,57.1,1.84,1.05,0.14,0.25,15.1,0,0,0,1.7,1.7,0.24,-0.7,-0.7,Matches
Matías Viña,uy URU,DF,Sassuolo,25,1997,11.3,0,8,2,25.0,0.71,0.18,0.00,0.00,22.3,0,0,0,0.3,0.3,0.04,-0.3,-0.3,Matches
Rúben Vinagre,pt POR,"DF,FW",Hellas Verona,24,1999,3.1,0,2,0,0.0,0.64,0.00,0.00,,31.5,0,0,0,0.0,0.0,0.02,0.0,0.0,Matches
Nicolas Viola,it ITA,"MF,FW",Cagliari,33,1989,13.4,5,37,11,29.7,2.76,0.82,0.14,0.45,22.3,6,0,1,3.4,2.6,0.07,+1.6,+2.4,Matches
Mattia Viti,it ITA,DF,Sassuolo,21,2002,10.9,1,4,1,25.0,0.37,0.09,0.25,1.00,6.3,0,0,0,1.0,1.0,0.24,0.0,0.0,Matches
Vitinha,pt POR,"FW,MF",Genoa,23,2000,3.2,2,14,5,35.7,4.42,1.58,0.14,0.40,14.4,0,0,0,1.1,1.1,0.08,+0.9,+0.9,Matches
Dušan Vlahović,rs SRB,FW,Juventus,23,2000,25.6,16,106,35,33.0,4.14,1.37,0.13,0.40,15.8,7,2,4,16.6,13.3,0.13,-0.6,+0.7,Matches
Nikola Vlašić,hr CRO,"MF,FW",Torino,25,1997,29.0,3,46,11,23.9,1.59,0.38,0.07,0.27,20.1,1,0,0,2.4,2.4,0.05,+0.6,+0.6,Matches
Alessandro Vogliacco,it ITA,DF,Genoa,24,1998,13.0,0,5,0,0.0,0.38,0.00,0.00,,13.9,0,0,0,0.4,0.4,0.08,-0.4,-0.4,Matches
Mërgim Vojvoda,xk KVX,DF,Torino,28,1995,15.3,0,9,4,44.4,0.59,0.26,0.00,0.00,21.0,0,0,0,0.4,0.4,0.04,-0.4,-0.4,Matches
Cristian Volpato,it ITA,"MF,FW",Sassuolo,19,2003,7.2,1,12,6,50.0,1.67,0.84,0.08,0.17,23.2,0,0,0,0.5,0.5,0.04,+0.5,+0.5,Matches
Stefan de Vrij,nl NED,DF,Inter,31,1992,17.6,1,10,3,30.0,0.57,0.17,0.10,0.33,12.3,0,0,0,0.6,0.6,0.06,+0.4,+0.4,Matches
Walace,br BRA,MF,Udinese,28,1995,36.0,2,27,9,33.3,0.75,0.25,0.07,0.22,27.3,0,0,0,0.8,0.8,0.03,+1.2,+1.2,Matches
Sebastian Walukiewicz,pl POL,DF,Empoli,23,2000,22.8,0,4,2,50.0,0.18,0.09,0.00,0.00,18.5,0,0,0,0.1,0.1,0.04,-0.1,-0.1,Matches
Timothy Weah,us USA,"DF,FW",Juventus,23,2000,14.0,0,12,2,16.7,0.86,0.14,0.00,0.00,20.0,0,0,0,1.5,1.5,0.13,-1.5,-1.5,Matches
Shon Weissman,il ISR,"FW,DF",Salernitana,27,1996,5.5,1,6,1,16.7,1.09,0.18,0.17,1.00,11.2,0,0,0,1.0,1.0,0.17,0.0,0.0,Matches
Mateusz Wieteska,pl POL,DF,Cagliari,26,1997,10.7,0,4,0,0.0,0.37,0.00,0.00,,9.8,0,0,0,0.3,0.3,0.08,-0.3,-0.3,Matches
Kenan Yıldız,tr TUR,"FW,MF",Juventus,18,2005,10.6,2,19,7,36.8,1.80,0.66,0.11,0.29,16.6,0,0,0,1.6,1.6,0.09,+0.4,+0.4,Matches
Mattia Zaccagni,it ITA,"FW,MF",Lazio,28,1995,21.7,6,42,13,31.0,1.93,0.60,0.14,0.46,17.6,3,0,0,4.7,4.7,0.12,+1.3,+1.3,Matches
Nicola Zalewski,pl POL,"DF,FW",Roma,21,2002,10.8,0,16,1,6.3,1.49,0.09,0.00,0.00,19.8,0,0,0,0.8,0.8,0.05,-0.8,-0.8,Matches
Andre-Frank Zambo Anguissa,cm CMR,MF,Napoli,27,1995,31.0,0,33,6,18.2,1.07,0.19,0.00,0.00,16.6,0,0,0,3.4,3.3,0.10,-3.4,-3.3,Matches
Alessandro Zanoli,it ITA,DF,Salernitana,22,2000,10.2,0,3,1,33.3,0.29,0.10,0.00,0.00,12.7,0,0,0,0.2,0.2,0.06,-0.2,-0.2,Matches
Alessandro Zanoli,it ITA,"DF,FW",Napoli,22,2000,0.6,0,0,0,,0.00,0.00,,,,0,0,0,0.0,0.0,,0.0,0.0,Matches
Duván Zapata,co COL,FW,Torino,32,1991,32.0,12,99,38,38.4,3.09,1.19,0.12,0.32,13.3,0,0,0,10.9,10.9,0.11,+1.1,+1.1,Matches
Duván Zapata,co COL,FW,Atalanta,32,1991,1.2,1,5,2,40.0,4.02,1.61,0.20,0.50,12.3,0,0,0,0.4,0.4,0.08,+0.6,+0.6,Matches

Gabriele Zappa,it ITA,DF,Cagliari,23,1999,28.5,1,19,5,26.3,0.67,0.18,0.05,0.20,18.7,0,0,0,1.5,1.5,0.08,-0.5,-0.5,Matches
Davide Zappacosta,it ITA,DF,Atalanta,31,1992,20.7,2,37,10,27.0,1.78,0.48,0.05,0.20,17.1,0,0,0,2.2,2.2,0.06,-0.2,-0.2,Matches
Oier Zarraga,es ESP,MF,Udinese,24,1999,4.5,2,6,2,33.3,1.34,0.45,0.33,1.00,19.7,0,0,0,0.6,0.6,0.10,+1.4,+1.4,Matches
Jordan Zemura,zw ZIM,DF,Udinese,23,1999,11.5,1,5,3,60.0,0.43,0.26,0.20,0.33,13.0,0,0,0,0.8,0.8,0.16,+0.2,+0.2,Matches
Alessio Zerbin,it ITA,"DF,FW",Monza,24,1999,7.6,0,6,2,33.3,0.79,0.26,0.00,0.00,20.1,0,0,0,0.4,0.4,0.06,-0.4,-0.4,Matches
Alessio Zerbin,it ITA,"FW,DF",Napoli,24,1999,1.7,0,3,1,33.3,1.80,0.60,0.00,0.00,18.7,0,0,0,0.2,0.2,0.08,-0.2,-0.2,Matches
Kevin Zeroli,it ITA,MF,Milan,18,2005,0.3,0,0,0,,0.00,0.00,,,,0,0,0,0.0,0.0,,0.0,0.0,Matches
Piotr Zieliński,pl POL,MF,Napoli,29,1994,21.4,3,29,8,27.6,1.36,0.37,0.07,0.25,21.4,3,1,1,2.6,1.8,0.06,+0.4,+0.2,Matches
David Zima,cz CZE,DF,Torino,22,2000,1.0,0,0,0,,0.00,0.00,,,,0,0,0,0.0,0.0,,0.0,0.0,Matches
Joshua Zirkzee,nl NED,FW,Bologna,22,2001,30.7,11,84,29,34.5,2.74,0.95,0.11,0.31,17.8,3,2,2,9.0,7.4,0.09,+2.0,+1.6,Matches
Nadir Zortea,it ITA,DF,Frosinone,24,1999,14.0,1,10,4,40.0,0.72,0.29,0.10,0.25,22.3,0,0,0,0.4,0.4,0.04,+0.6,+0.6,Matches
Nadir Zortea,it ITA,DF,Atalanta,24,1999,1.7,1,2,1,50.0,1.21,0.60,0.50,1.00,22.2,0,0,0,0.1,0.1,0.04,+0.9,+0.9,Matches
Szymon Żurkowski,pl POL,MF,Empoli,25,1997,9.6,4,16,6,37.5,1.66,0.62,0.25,0.67,18.1,0,0,0,1.0,1.0,0.06,+3.0,+3.0,Matches
Milan Đurić,ba BIH,FW,Hellas Verona,33,1990,13.4,5,22,13,59.1,1.64,0.97,0.18,0.31,12.5,0,1,3,4.5,2.2,0.10,+0.5,+1.8,Matches
Milan Đurić,ba BIH,FW,Monza,33,1990,14.0,4,26,6,23.1,1.86,0.43,0.15,0.67,10.7,0,0,0,3.0,3.0,0.11,+1.0,+1.0,Matches
Mateusz Łęgowski,pl POL,MF,Salernitana,20,2003,12.7,0,7,1,14.3,0.55,0.08,0.00,0.00,20.5,0,0,0,0.2,0.2,0.03,-0.2,-0.2,Matches
